Major Group,Minor Group,Broad Group,Detailed Occupation,Occupation Name,Group,Major Name,Minor Name,Broad Name,Description,Sample of reported job titles
00-0000.00,00-0000,00-0000,00-0000,All Occupations,Total,All Occupations,All Occupations,All Occupations,,
11-0000.00,11-0000.00,11-0000.00,11-0000.00,Management Occupations,Major,Major Group,Major Group,Major Group,"Encompasses roles responsible for planning, directing, and coordinating the operations of organizations. Includes executives, managers, and administrators who create policies, oversee departments, and ensure organizational efficiency and profitability.",
11-0000.00,11-1000.00,11-1000.00,11-1000.00,Top Executives,Main,Management Occupations,Minor Group,Minor Group,"SOC Code 11-1000 refers to the category of ""Top Executives"" in the Standard Occupational Classification (SOC) system. Top Executives are high-level professionals who hold the highest positions of authority and responsibility within organizations. They are typically responsible for setting strategic goals, formulating policies, and making decisions that shape the direction and success of an organization.",
11-0000.00,11-1000.00,11-1010.00,11-1010.00,Chief Executives,Titled,Management Occupations,Top Executives,Broad Group,"Determine and formulate policies and provide overall direction of companies or private and public sector organizations within guidelines set up by a board of directors or similar governing body. Plan, direct, or coordinate operational activities at the highest level of management with the help of subordinate executives and staff managers.","CEO (Chief Executive Officer), Chief Diversity Officer (CDO), Chief Financial Officer (CFO), Chief Information Officer (CIO), Chief Operating Officer (COO), Chief Technical Officer (CTO), Executive Director, Executive Vice President (EVP), Operations Vice President (Operations VP), President"
11-0000.00,11-1000.00,11-1010.00,11-1011.00,Chief Executives Officers,Role,Management Occupations,Top Executives,Chief Executives,"Determine and formulate policies and provide the overall direction of companies or private and public sector organizations within the guidelines set up by a board of directors or similar governing body.  Plan, direct, or coordinate operational activities at the highest level of management with the help of subordinate executives and staff managers.",
11-0000.00,11-1000.00,11-1010.00,11-1011.01,Government Service Executives,Role,Management Occupations,Top Executives,Chief Executives,"Determine and formulate policies and provide overall direction of Federal, State, local, or international government activities. Plan, direct, and coordinate operational activities at the highest level of management with the help of subordinate managers.",
11-0000.00,11-1000.00,11-1010.00,11-1011.02,Private Sector Executives,Role,Management Occupations,Top Executives,Chief Executives,"Determine and formulate policies and business strategies and provide overall direction of private sector organizations. Plan, direct, and coordinate operational activities at the highest level of management with the help of subordinate managers.",
11-0000.00,11-1000.00,11-1010.00,11-1011.03,Chief Sustainability Officers,Role,Management Occupations,Top Executives,Chief Executives,"Communicate and coordinate with management, shareholders, customers, and employees to address sustainability issues. Enact or oversee a corporate sustainability strategy.",
11-0000.00,11-1000.00,11-1020.00,11-1020.00,General and Operations Managers,Titled,Management Occupations,Top Executives,Broad Group,"Plan, direct, or coordinate the operations of companies or public and private sector organizations. Duties and responsibilities include formulating policies, managing daily operations, and planning the use of materials and human resources, but are too diverse and general in nature to be classified in any one functional area of management or administration, such as personnel, purchasing, or administrative services. Includes owners and managers who head small business establishments whose duties are primarily managerial.",
11-0000.00,11-1000.00,11-1020.00,11-1021.00,General and Operations Managers,Role,Management Occupations,Top Executives,General and Operations Managers,"Plan, direct, or coordinate the operations of companies or public and private sector organizations. Duties and responsibilities include formulating policies, managing daily operations, and planning the use of materials and human resources, but are too diverse and general in nature to be classified in any one functional area of management or administration, such as personnel, purchasing, or administrative services. Includes owners and managers who head small business establishments whose duties are primarily managerial.",
11-0000.00,11-1000.00,11-1030.00,11-1030.00,Legislators,Titled,Management Occupations,Top Executives,Broad Group,"Develop laws and statutes at the Federal, State, or local level.",
11-0000.00,11-1000.00,11-1030.00,11-1031.00,Legislators,Role,Management Occupations,Top Executives,Legislators,"Develop laws and statutes at the Federal, State, or local level.",
11-0000.00,11-2000.00,11-2000.00,11-2000.00,"Advertising, Marketing, Promotions, Public Relations, and Sales Managers",Main,Management Occupations,Minor Group,Minor Group,"Advertising, Marketing, Promotions, Public Relations, and Sales Managers are responsible for planning, directing, and coordinating the marketing and sales efforts of organizations. They oversee advertising campaigns, promotional activities, public relations strategies, and sales operations to help organizations achieve their marketing and sales objectives.",
11-0000.00,11-2000.00,11-2010.00,11-2010.00,Advertising and Promotions Managers,Titled,Management Occupations,"Advertising, Marketing, Promotions, Public Relations, and Sales Managers",Broad Group,"Plan and direct advertising policies and programs or produce collateral materials, such as posters, contests, coupons, or give-aways, to create extra interest in the purchase of a product or service for a department, an entire organization, or on an account basis.",
11-0000.00,11-2000.00,11-2010.00,11-2011.00,Advertising and Promotions Managers,Role,Management Occupations,"Advertising, Marketing, Promotions, Public Relations, and Sales Managers",Advertising and Promotions Managers,"Plan and direct advertising policies and programs or produce collateral materials, such as posters, contests, coupons, or give-aways, to create extra interest in the purchase of a product or service for a department, an entire organization, or on an account basis.",
11-0000.00,11-2000.00,11-2010.00,11-2011.01,Green Marketers,Role,Management Occupations,"Advertising, Marketing, Promotions, Public Relations, and Sales Managers",Advertising and Promotions Managers,Create and implement methods to market green products and services.,
11-0000.00,11-2000.00,11-2020.00,11-2020.00,Marketing and Sales Managers,Titled,Management Occupations,"Advertising, Marketing, Promotions, Public Relations, and Sales Managers",Broad Group,"SOC Code 11-2020 - Marketing and Sales Managers is a Broad Occupation level code of the “Management Occupations” Major Occupation Category. There are 666,280 total employees classified in this occupation in the USA, with an average Hourly Wage of $69.55 and average Annual Wage of $144,660.",
11-0000.00,11-2000.00,11-2020.00,11-2021.00,Marketing Managers,Role,Management Occupations,"Advertising, Marketing, Promotions, Public Relations, and Sales Managers",Marketing and Sales Managers,Determine the demand for products and services offered by a firm and its competitors and identify potential customers. Develop pricing strategies with the goal of maximizing the firm's profits or share of the market while ensuring the firm's customers are satisfied. Oversee product development or monitor trends that indicate the need for new products and services.,
11-0000.00,11-2000.00,11-2020.00,11-2022.00,Sales Managers,Role,Management Occupations,"Advertising, Marketing, Promotions, Public Relations, and Sales Managers",Marketing and Sales Managers,"Direct the actual distribution or movement of a product or service to the customer. Coordinate sales distribution by establishing sales territories, quotas, and goals and establish training programs for sales representatives. Analyze sales statistics gathered by staff to determine sales potential and inventory requirements and monitor the preferences of customers.",
11-0000.00,11-2000.00,11-2030.00,11-2030.00,Public Relations and Fundraising Managers,Titled,Management Occupations,"Advertising, Marketing, Promotions, Public Relations, and Sales Managers",Broad Group,"Plan and direct public relations programs designed to create and maintain a favorable public image for employer or client; or if engaged in fundraising, plan and direct activities to solicit and maintain funds for special projects and nonprofit organizations.",
11-0000.00,11-2000.00,11-2030.00,11-2031.00,Public Relations and Fundraising Managers,Role,Management Occupations,"Advertising, Marketing, Promotions, Public Relations, and Sales Managers",Public Relations and Fundraising Managers,"Plan and direct public relations programs designed to create and maintain a favorable public image for employer or client; or if engaged in fundraising, plan and direct activities to solicit and maintain funds for special projects and nonprofit organizations.",
11-0000.00,11-2000.00,11-2030.00,11-2032.00,Public Relations Managers,Role,Management Occupations,"Advertising, Marketing, Promotions, Public Relations, and Sales Managers",Public Relations and Fundraising Managers,"Plan, direct, or coordinate activities designed to create or maintain a favorable public image or raise issue awareness for their organization or client.",
11-0000.00,11-2000.00,11-2030.00,11-2033.00,Fundraising Managers,Role,Management Occupations,"Advertising, Marketing, Promotions, Public Relations, and Sales Managers",Public Relations and Fundraising Managers,"Plan, direct, or coordinate activities to solicit and maintain funds for special projects or nonprofit organizations.",
11-0000.00,11-3000.00,11-3000.00,11-3000.00,Operations Specialties Managers,Main,Management Occupations,Minor Group,Minor Group,"Operations Specialties Managers are responsible for planning, coordinating, and directing the operations of specific functional areas within an organization. They oversee various operational activities to ensure efficient and effective processes, productivity, and quality.",
11-0000.00,11-3000.00,11-3010.00,11-3010.00,Administrative Services Managers,Titled,Management Occupations,Operations Specialties Managers,Broad Group,"Plan, direct, or coordinate supportive services of an organization, such as recordkeeping, mail distribution, telephone operator/receptionist, and other office support services. May oversee facilities planning and maintenance and custodial operations.",
11-0000.00,11-3000.00,11-3010.00,11-3011.00,Administrative Services Managers,Role,Management Occupations,Operations Specialties Managers,Administrative Services Managers,"Plan, direct, or coordinate supportive services of an organization, such as recordkeeping, mail distribution, telephone operator/receptionist, and other office support services. May oversee facilities planning and maintenance and custodial operations.",
11-0000.00,11-3000.00,11-3010.00,11-3012.00,Administrative Services Managers,Role,Management Occupations,Operations Specialties Managers,Administrative Services Managers,"Plan, direct, or coordinate one or more administrative services of an organization, such as records and information management, mail distribution, and other office support services.",
11-0000.00,11-3000.00,11-3010.00,11-3013.00,Facilities Managers,Role,Management Occupations,Operations Specialties Managers,Administrative Services Managers,"Plan, direct, or coordinate operations and functionalities of facilities and buildings. May include surrounding grounds or multiple facilities of an organization's campus.",
11-0000.00,11-3000.00,11-3010.00,11-3013.01,Security Managers,Role,Management Occupations,Operations Specialties Managers,Administrative Services Managers,"Direct an organization's security functions, including physical security and safety of employees and facilities.",
11-0000.00,11-3000.00,11-3020.00,11-3020.00,Computer and Information Systems Managers,Titled,Management Occupations,Operations Specialties Managers,Broad Group,"Plan, direct, or coordinate activities in such fields as electronic data processing, information systems, systems analysis, and computer programming.",
11-0000.00,11-3000.00,11-3020.00,11-3021.00,Computer and Information Systems Managers,Role,Management Occupations,Operations Specialties Managers,Computer and Information Systems Managers,"Plan, direct, or coordinate activities in such fields as electronic data processing, information systems, systems analysis, and computer programming.",
11-0000.00,11-3000.00,11-3030.00,11-3030.00,Financial Managers,Titled,Management Occupations,Operations Specialties Managers,Broad Group,"Plan, direct, and coordinate accounting, investing, banking, insurance, securities, and other financial activities of a branch, office, or department of an establishment.",
11-0000.00,11-3000.00,11-3030.00,11-3031.00,Financial Managers,Role,Management Occupations,Operations Specialties Managers,Financial Managers,"Plan, direct, and coordinate accounting, investing, banking, insurance, securities, and other financial activities of a branch, office, or department of an establishment.",
11-0000.00,11-3000.00,11-3030.00,11-3031.01,Treasurers and Controllers,Role,Management Occupations,Operations Specialties Managers,Financial Managers,"Direct financial activities, such as planning, procurement, and investments for all or part of an organization.",
11-0000.00,11-3000.00,11-3030.00,11-3031.02,"Financial Managers, Branch or Department",Role,Management Occupations,Operations Specialties Managers,Financial Managers,"Direct and coordinate financial activities of workers in a branch, office, or department of an establishment, such as branch bank, brokerage firm, risk and insurance department, or credit department.",
11-0000.00,11-3000.00,11-3050.00,11-3050.00,Industrial Production Managers,Titled,Management Occupations,Operations Specialties Managers,Broad Group,"Plan, direct, or coordinate the work activities and resources necessary for manufacturing products in accordance with cost, quality, and quantity specifications.",
11-0000.00,11-3000.00,11-3050.00,11-3051.00,Industrial Production Managers,Role,Management Occupations,Operations Specialties Managers,Industrial Production Managers,"Plan, direct, or coordinate the work activities and resources necessary for manufacturing products in accordance with cost, quality, and quantity specifications.",
11-0000.00,11-3000.00,11-3050.00,11-3051.01,Quality Control Systems Managers,Role,Management Occupations,Operations Specialties Managers,Industrial Production Managers,"Plan, direct, or coordinate quality assurance programs. Formulate quality control policies and control quality of laboratory and production efforts.",
11-0000.00,11-3000.00,11-3050.00,11-3051.02,Geothermal Production Managers,Role,Management Occupations,Operations Specialties Managers,Industrial Production Managers,Manage operations at geothermal power generation facilities. Maintain and monitor geothermal plant equipment for efficient and safe plant operations.,
11-0000.00,11-3000.00,11-3050.00,11-3051.03,Biofuels Production Managers,Role,Management Occupations,Operations Specialties Managers,Industrial Production Managers,"Manage biofuels production and plant operations. Collect and process information on plant production and performance, diagnose problems, and design corrective procedures.",
11-0000.00,11-3000.00,11-3050.00,11-3051.04,Biomass Power Plant Managers,Role,Management Occupations,Operations Specialties Managers,Industrial Production Managers,"Manage operations at biomass power generation facilities. Direct work activities at plant, including supervision of operations and maintenance staff.",
11-0000.00,11-3000.00,11-3050.00,11-3051.05,Methane/Landfill Gas Collection System Operators,Role,Management Occupations,Operations Specialties Managers,Industrial Production Managers,"Direct daily operations, maintenance, or repair of landfill gas projects, including maintenance of daily logs, determination of service priorities, and compliance with reporting requirements.",
11-0000.00,11-3000.00,11-3050.00,11-3051.06,Hydroelectric Production Managers,Role,Management Occupations,Operations Specialties Managers,Industrial Production Managers,Manage operations at hydroelectric power generation facilities. Maintain and monitor hydroelectric plant equipment for efficient and safe plant operations.,
11-0000.00,11-3000.00,11-3060.00,11-3060.00,Purchasing Managers,Titled,Management Occupations,Operations Specialties Managers,Broad Group,"Plan, direct, or coordinate transportation, storage, or distribution activities in accordance with governmental policies and regulations.",
11-0000.00,11-3000.00,11-3060.00,11-3061.00,Purchasing Managers,Role,Management Occupations,Operations Specialties Managers,Purchasing Managers,"Plan, direct, or coordinate the activities of buyers, purchasing officers, and related workers involved in purchasing materials, products, and services.",
11-0000.00,11-3000.00,11-3070.00,11-3070.00,"Transportation, Storage, and Distribution Managers",Titled,Management Occupations,Operations Specialties Managers,Broad Group,"Plan, direct, or coordinate transportation, storage, or distribution activities in accordance with governmental policies and regulations.",
11-0000.00,11-3000.00,11-3070.00,11-3071.00,"Transportation, Storage, and Distribution Managers",Role,Management Occupations,Operations Specialties Managers,"Transportation, Storage, and Distribution Managers","Plan, direct, or coordinate transportation, storage, or distribution activities in accordance with governmental policies and regulations.",
11-0000.00,11-3000.00,11-3070.00,11-3071.01,Transportation Managers,Role,Management Occupations,Operations Specialties Managers,"Transportation, Storage, and Distribution Managers","Plan, direct, or coordinate the transportation operations within an organization or the activities of organizations that provide transportation services.",
11-0000.00,11-3000.00,11-3070.00,11-3071.02,Storage and Distribution Managers,Role,Management Occupations,Operations Specialties Managers,"Transportation, Storage, and Distribution Managers","Plan, direct, or coordinate the storage or distribution operations within an organization or the activities of organizations that are engaged in storing or distributing materials or products.",
11-0000.00,11-3000.00,11-3070.00,11-3071.03,Logistics Managers,Role,Management Occupations,Operations Specialties Managers,"Transportation, Storage, and Distribution Managers","Plan, direct, or coordinate purchasing, warehousing, distribution, forecasting, customer service, or planning services. Manage logistics personnel and logistics systems and direct daily operations.",
11-0000.00,11-3000.00,11-3070.00,11-3071.04,Supply Chain Managers,Role,Management Occupations,Operations Specialties Managers,"Transportation, Storage, and Distribution Managers","Direct or coordinate production, purchasing, warehousing, distribution, or financial forecasting services or activities to limit costs and improve accuracy, customer service, or safety. Examine existing procedures or opportunities for streamlining activities to meet product distribution needs. Direct the movement, storage, or processing of inventory.",
11-0000.00,11-3000.00,11-3110.00,11-3110.00,Compensation and Benefits Managers,Titled,Management Occupations,Operations Specialties Managers,Broad Group,"Plan, direct, or coordinate one or more administrative services of an organization, such as records and information management, mail distribution, facilities planning and maintenance, custodial operations, and other office support services.",
11-0000.00,11-3000.00,11-3110.00,11-3111.00,Compensation and Benefits Managers,Role,Management Occupations,Operations Specialties Managers,Compensation and Benefits Managers,"Plan, direct, or coordinate one or more administrative services of an organization, such as records and information management, mail distribution, facilities planning and maintenance, custodial operations, and other office support services.",
11-0000.00,11-3000.00,11-3120.00,11-3120.00,Human Resources Managers,Titled,Management Occupations,Operations Specialties Managers,Broad Group,"Plan, direct, or coordinate activities in such fields as electronic data processing, information systems, systems analysis, and computer programming.",
11-0000.00,11-3000.00,11-3120.00,11-3121.00,Human Resources Managers,Role,Management Occupations,Operations Specialties Managers,Human Resources Managers,"Plan, direct, or coordinate activities in such fields as electronic data processing, information systems, systems analysis, and computer programming.",
11-0000.00,11-3000.00,11-3130.00,11-3130.00,Training and Development Managers,Titled,Management Occupations,Operations Specialties Managers,Broad Group,"Plan, direct, or coordinate accounting, investing, banking, insurance, securities, and other financial activities of a branch, office, or department of an establishment.",
11-0000.00,11-3000.00,11-3130.00,11-3131.00,Training and Development Managers,Role,Management Occupations,Operations Specialties Managers,Training and Development Managers,"Plan, direct, or coordinate accounting, investing, banking, insurance, securities, and other financial activities of a branch, office, or department of an establishment.",
11-0000.00,11-9000.00,11-9000.00,11-9000.00,Other Management Occupations,Main,Management Occupations,Minor Group,Minor Group,"""Other Management Occupations"" is a broad category that includes managerial roles that do not fall under specific occupational categories. These positions can encompass a wide range of industries and sectors, and the job responsibilities and qualifications can vary significantly depending on the specific occupation within this category.",
11-0000.00,11-9000.00,11-9010.00,11-9010.00,"Farmers, Ranchers, and Other Agricultural Managers",Titled,Management Occupations,Other Management Occupations,Broad Group,"Plan, direct, or coordinate the management or operation of farms, ranches, greenhouses, aquacultural operations, nurseries, timber tracts, or other agricultural establishments. May hire, train, and supervise farm workers or contract for services to carry out the day-to-day activities of the managed operation. May engage in or supervise planting, cultivating, harvesting, and financial and marketing activities.",
11-0000.00,11-9000.00,11-9010.00,11-9013.00,"Farmers, Ranchers, and Other Agricultural Managers",Role,Management Occupations,Other Management Occupations,"Farmers, Ranchers, and Other Agricultural Managers","Plan, direct, or coordinate the management or operation of farms, ranches, greenhouses, aquacultural operations, nurseries, timber tracts, or other agricultural establishments. May hire, train, and supervise farm workers or contract for services to carry out the day-to-day activities of the managed operation. May engage in or supervise planting, cultivating, harvesting, and financial and marketing activities.",
11-0000.00,11-9000.00,11-9010.00,11-9013.01,Nursery and Greenhouse Managers,Role,Management Occupations,Other Management Occupations,"Farmers, Ranchers, and Other Agricultural Managers","Plan, organize, direct, control, and coordinate activities of workers engaged in propagating, cultivating, and harvesting horticultural specialties, such as trees, shrubs, flowers, mushrooms, and other plants.",
11-0000.00,11-9000.00,11-9010.00,11-9013.02,Farm and Ranch Managers,Role,Management Occupations,Other Management Occupations,"Farmers, Ranchers, and Other Agricultural Managers","Plan, direct, or coordinate the management or operation of farms, ranches, greenhouses, aquacultural operations, nurseries, timber tracts, or other agricultural establishments. May hire, train, or supervise farm workers or contract for services to carry out the day-to-day activities of the managed operation. May engage in or supervise planting, cultivating, harvesting, financial, or marketing activities.",
11-0000.00,11-9000.00,11-9010.00,11-9013.03,Aquacultural Managers,Role,Management Occupations,Other Management Occupations,"Farmers, Ranchers, and Other Agricultural Managers","Direct and coordinate, through subordinate supervisory personnel, activities of workers engaged in fish hatchery production for corporations, cooperatives, or other owners.",
11-0000.00,11-9000.00,11-9020.00,11-9020.00,Construction Managers,Titled,Management Occupations,Other Management Occupations,Broad Group,"Plan, direct, coordinate, or budget, usually through subordinate supervisory personnel, activities concerned with the construction and maintenance of structures, facilities, and systems. Participate in the conceptual development of a construction project and oversee its organization, scheduling, and implementation.",
11-0000.00,11-9000.00,11-9020.00,11-9021.00,Construction Managers,Role,Management Occupations,Other Management Occupations,Construction Managers,"Plan, direct, coordinate, or budget, usually through subordinate supervisory personnel, activities concerned with the construction and maintenance of structures, facilities, and systems. Participate in the conceptual development of a construction project and oversee its organization, scheduling, and implementation.",
11-0000.00,11-9000.00,11-9030.00,11-9030.00,Education Administrators,Titled,Management Occupations,Other Management Occupations,Broad Group,"Plan, direct, or coordinate the academic, administrative, or auxiliary activities of kindergarten, elementary, or secondary schools.",
11-0000.00,11-9000.00,11-9030.00,11-9031.00,"Education Administrators, Preschool and Childcare Center/Program",Role,Management Occupations,Other Management Occupations,Education Administrators,"Plan, direct, or coordinate the academic and nonacademic activities of preschool and child care centers or programs.",
11-0000.00,11-9000.00,11-9030.00,11-9032.00,"Education Administrators, Elementary and Secondary School",Role,Management Occupations,Other Management Occupations,Education Administrators,"Plan, direct, or coordinate the academic, clerical, or auxiliary activities of public or private elementary or secondary level schools.",
11-0000.00,11-9000.00,11-9030.00,11-9033.00,"Education Administrators, Postsecondary",Role,Management Occupations,Other Management Occupations,Education Administrators,"Plan, direct, or coordinate research, instructional, student administration and services, and other educational activities at postsecondary institutions, including universities, colleges, and junior and community colleges.",
11-0000.00,11-9000.00,11-9030.00,11-9039.00,"Education Administrators, All Other",Role,Management Occupations,Other Management Occupations,Education Administrators,All education administrators not listed separately.,
11-0000.00,11-9000.00,11-9030.00,11-9039.01,Distance Learning Coordinators,Role,Management Occupations,Other Management Occupations,Education Administrators,Coordinate day-to-day operations of distance learning programs and schedule courses.,
11-0000.00,11-9000.00,11-9030.00,11-9039.02,Fitness and Wellness Coordinators,Role,Management Occupations,Other Management Occupations,Education Administrators,"Manage or coordinate fitness and wellness programs and services. Manage and train staff of wellness specialists, health educators, or fitness instructors.",
11-0000.00,11-9000.00,11-9040.00,11-9040.00,Architectural and Engineering Managers,Titled,Management Occupations,Other Management Occupations,Broad Group,"Plan, direct, or coordinate activities in such fields as architecture and engineering or research and development in these fields.",
11-0000.00,11-9000.00,11-9040.00,11-9041.00,Architectural and Engineering Managers,Role,Management Occupations,Other Management Occupations,Architectural and Engineering Managers,"Plan, direct, or coordinate activities in such fields as architecture and engineering or research and development in these fields.",
11-0000.00,11-9000.00,11-9040.00,11-9041.01,Biofuels/Biodiesel Technology and Product Development Managers,Role,Management Occupations,Other Management Occupations,Architectural and Engineering Managers,"Define, plan, or execute biofuels/biodiesel research programs that evaluate alternative feedstock and process technologies with near-term commercial potential.",
11-0000.00,11-9000.00,11-9050.00,11-9050.00,Food Service Managers,Titled,Management Occupations,Other Management Occupations,Broad Group,"Plan, direct, or coordinate activities of an organization or department that serves food and beverages.",
11-0000.00,11-9000.00,11-9050.00,11-9051.00,Food Service Managers,Role,Management Occupations,Other Management Occupations,Food Service Managers,"Plan, direct, or coordinate activities of an organization or department that serves food and beverages.",
11-0000.00,11-9000.00,11-9060.00,11-9060.00,Funeral Service Managers,Titled,Management Occupations,Other Management Occupations,Broad Group,"Perform various tasks to arrange and direct funeral services, such as coordinating transportation of body to mortuary for embalming, interviewing family or other authorized person to arrange details, selecting pallbearers, procuring official for religious rites, and providing transportation for mourners.",
11-0000.00,11-9000.00,11-9060.00,11-9061.00,Funeral Service Managers,Role,Management Occupations,Other Management Occupations,Funeral Service Managers,"Perform various tasks to arrange and direct funeral services, such as coordinating transportation of body to mortuary for embalming, interviewing family or other authorized person to arrange details, selecting pallbearers, procuring official for religious rites, and providing transportation for mourners.",
11-0000.00,11-9000.00,11-9070.00,11-9070.00,Gaming Managers,Titled,Management Occupations,Other Management Occupations,Broad Group,"Plan, organize, direct, control, or coordinate gaming operations in a casino.  Formulate gaming policies for their area of responsibility.",
11-0000.00,11-9000.00,11-9070.00,11-9071.00,Gaming Managers,Role,Management Occupations,Other Management Occupations,Gaming Managers,"Plan, organize, direct, control, or coordinate gaming operations in a casino.  Formulate gaming policies for their area of responsibility.",
11-0000.00,11-9000.00,11-9070.00,11-9072.00,"Entertainment and Recreation Managers, Except Gambling",Role,Management Occupations,Other Management Occupations,Gaming Managers,"Plan, direct, or coordinate entertainment and recreational activities and operations of a recreational facility, including cruise ships and parks.",
11-0000.00,11-9000.00,11-9080.00,11-9080.00,Lodging Managers,Titled,Management Occupations,Other Management Occupations,Broad Group,"Plan, direct, or coordinate activities of an organization or department that provides lodging and other accommodations.",
11-0000.00,11-9000.00,11-9080.00,11-9081.00,Lodging Managers,Role,Management Occupations,Other Management Occupations,Lodging Managers,"Plan, direct, or coordinate activities of an organization or department that provides lodging and other accommodations.",
11-0000.00,11-9000.00,11-9110.00,11-9110.00,Medical and Health Services Managers,Titled,Management Occupations,Other Management Occupations,Broad Group,"Plan, direct, or coordinate medicine and health services in hospitals, clinics, managed care organizations, public health agencies, or similar organizations.",
11-0000.00,11-9000.00,11-9110.00,11-9111.00,Medical and Health Services Managers,Role,Management Occupations,Other Management Occupations,Medical and Health Services Managers,"Plan, direct, or coordinate medicine and health services in hospitals, clinics, managed care organizations, public health agencies, or similar organizations.",
11-0000.00,11-9000.00,11-9120.00,11-9120.00,Natural Sciences Managers,Titled,Management Occupations,Other Management Occupations,Broad Group,"Plan, direct, or coordinate activities in such fields as life sciences, physical sciences, mathematics, statistics, and research and development in these fields.",
11-0000.00,11-9000.00,11-9120.00,11-9121.00,Natural Sciences Managers,Role,Management Occupations,Other Management Occupations,Natural Sciences Managers,"Plan, direct, or coordinate activities in such fields as life sciences, physical sciences, mathematics, statistics, and research and development in these fields.",
11-0000.00,11-9000.00,11-9120.00,11-9121.01,Clinical Research Coordinators,Role,Management Occupations,Other Management Occupations,Natural Sciences Managers,"Plan, direct, or coordinate clinical research projects. Direct the activities of workers engaged in clinical research projects to ensure compliance with protocols and overall clinical objectives. May evaluate and analyze clinical data.",
11-0000.00,11-9000.00,11-9120.00,11-9121.02,Water Resource Specialists,Role,Management Occupations,Other Management Occupations,Natural Sciences Managers,"Design or implement programs and strategies related to water resource issues such as supply, quality, and regulatory compliance issues.",
11-0000.00,11-9000.00,11-9130.00,11-9130.00,Postmasters and Mail Superintendents,Titled,Management Occupations,Other Management Occupations,Broad Group,"Direct and coordinate operational, administrative, management, and supportive services of a U.S. post office; or coordinate activities of workers engaged in postal and related work in assigned post office.",
11-0000.00,11-9000.00,11-9130.00,11-9131.00,Postmasters and Mail Superintendents,Role,Management Occupations,Other Management Occupations,Postmasters and Mail Superintendents,"Direct and coordinate operational, administrative, management, and supportive services of a U.S. post office; or coordinate activities of workers engaged in postal and related work in assigned post office.",
11-0000.00,11-9000.00,11-9140.00,11-9140.00,"Property, Real Estate, and Community Association Managers",Titled,Management Occupations,Other Management Occupations,Broad Group,"Plan, direct, or coordinate selling, buying, leasing, or governance activities of commercial, industrial, or residential real estate properties.",
11-0000.00,11-9000.00,11-9140.00,11-9141.00,"Property, Real Estate, and Community Association Managers",Role,Management Occupations,Other Management Occupations,"Property, Real Estate, and Community Association Managers","Plan, direct, or coordinate selling, buying, leasing, or governance activities of commercial, industrial, or residential real estate properties.",
11-0000.00,11-9000.00,11-9150.00,11-9150.00,Social and Community Service Managers,Titled,Management Occupations,Other Management Occupations,Broad Group,"Plan, organize, or coordinate the activities of a social service program or community outreach organization. Oversee the program or organization's budget and policies regarding participant involvement, program requirements, and benefits. Work may involve directing social workers, counselors, or probation officers.",
11-0000.00,11-9000.00,11-9150.00,11-9151.00,Social and Community Service Managers,Role,Management Occupations,Other Management Occupations,Social and Community Service Managers,"Plan, organize, or coordinate the activities of a social service program or community outreach organization. Oversee the program or organization's budget and policies regarding participant involvement, program requirements, and benefits. Work may involve directing social workers, counselors, or probation officers.",
11-0000.00,11-9000.00,11-9160.00,11-9160.00,Emergency Management Directors,Titled,Management Occupations,Other Management Occupations,Broad Group,"Plan and direct disaster response or crisis management activities, provide disaster preparedness training, and prepare emergency plans and procedures for natural (e.g., hurricanes, floods, earthquakes), wartime, or technological (e.g., nuclear power plant emergencies or hazardous materials spills) disasters or hostage situations.",
11-0000.00,11-9000.00,11-9160.00,11-9161.00,Emergency Management Directors,Role,Management Occupations,Other Management Occupations,Emergency Management Directors,"Plan and direct disaster response or crisis management activities, provide disaster preparedness training, and prepare emergency plans and procedures for natural (e.g., hurricanes, floods, earthquakes), wartime, or technological (e.g., nuclear power plant emergencies or hazardous materials spills) disasters or hostage situations.",
11-0000.00,11-9000.00,11-9170.00,11-9170.00,Personal Service Managers,Titled,Management Occupations,Other Management Occupations,Broad Group,Personal Service Managers is a Broad Occupation level code of the “Management Occupations” Major Occupation Category.,
11-0000.00,11-9000.00,11-9170.00,11-9171.00,Funeral Home Managers,Role,Management Occupations,Other Management Occupations,Personal Service Managers,"Plan, direct, or coordinate the services or resources of funeral homes. Includes activities such as determining prices for services or merchandise and managing the facilities of funeral homes.",
11-0000.00,11-9000.00,11-9170.00,11-9179.00,"Personal Service Managers, All Other",Role,Management Occupations,Other Management Occupations,Personal Service Managers,All personal service managers not listed separately.,
11-0000.00,11-9000.00,11-9170.00,11-9179.01,Fitness and Wellness Coordinators,Role,Management Occupations,Other Management Occupations,Personal Service Managers,"Manage or coordinate fitness and wellness programs and services. Manage and train staff of wellness specialists, health educators, or fitness instructors.",
11-0000.00,11-9000.00,11-9170.00,11-9179.02,Spa Managers,Role,Management Occupations,Other Management Occupations,Personal Service Managers,"Plan, direct, or coordinate activities of a spa facility. Coordinate programs, schedule and direct staff, and oversee financial activities.",
11-0000.00,11-9000.00,11-9190.00,11-9190.00,Miscellaneous Managers,Titled,Management Occupations,Other Management Occupations,Broad Group,SOC Code 11-9190 - Miscellaneous Managers is a Broad Occupation level code of the “Management Occupations” Major Occupation Category.,
11-0000.00,11-9000.00,11-9190.00,11-9199.00,"Managers, All Other",Role,Management Occupations,Other Management Occupations,Miscellaneous Managers,All managers not listed separately.,
11-0000.00,11-9000.00,11-9190.00,11-9199.01,Regulatory Affairs Managers,Role,Management Occupations,Other Management Occupations,Miscellaneous Managers,"Plan, direct, or coordinate production activities of an organization to ensure compliance with regulations and standard operating procedures.",
11-0000.00,11-9000.00,11-9190.00,11-9199.02,Compliance Managers,Role,Management Occupations,Other Management Occupations,Miscellaneous Managers,"Plan, direct, or coordinate activities of an organization to ensure compliance with ethical or regulatory standards.",
11-0000.00,11-9000.00,11-9190.00,11-9199.03,Investment Fund Managers,Role,Management Occupations,Other Management Occupations,Miscellaneous Managers,"Plan, direct, or coordinate investment strategy or operations for a large pool of liquid assets supplied by institutional investors or individual investors.",
11-0000.00,11-9000.00,11-9190.00,11-9199.04,Supply Chain Managers,Role,Management Occupations,Other Management Occupations,Miscellaneous Managers,"Direct or coordinate production, purchasing, warehousing, distribution, or financial forecasting services or activities to limit costs and improve accuracy, customer service, or safety. Examine existing procedures or opportunities for streamlining activities to meet product distribution needs. Direct the movement, storage, or processing of inventory.",
11-0000.00,11-9000.00,11-9190.00,11-9199.07,Security Managers,Role,Management Occupations,Other Management Occupations,Miscellaneous Managers,"Direct an organization's security functions, including physical security and safety of employees, facilities, and assets.",
11-0000.00,11-9000.00,11-9190.00,11-9199.08,Loss Prevention Managers,Role,Management Occupations,Other Management Occupations,Miscellaneous Managers,"Plan and direct policies, procedures, or systems to prevent the loss of assets. Determine risk exposure or potential liability, and develop risk control measures.",
11-0000.00,11-9000.00,11-9190.00,11-9199.09,Wind Energy Operations Managers,Role,Management Occupations,Other Management Occupations,Miscellaneous Managers,"Manage wind field operations, including personnel, maintenance activities, financial activities, and planning.",
11-0000.00,11-9000.00,11-9190.00,11-9199.10,Wind Energy Project Managers,Role,Management Occupations,Other Management Occupations,Miscellaneous Managers,"Lead or manage the development and evaluation of potential wind energy business opportunities, including environmental studies, permitting, and proposals. May also manage construction of projects.",
11-0000.00,11-9000.00,11-9190.00,11-9199.11,Brownfield Redevelopment Specialists and Site Managers,Role,Management Occupations,Other Management Occupations,Miscellaneous Managers,Plan and direct cleanup and redevelopment of contaminated properties for reuse. Does not include properties sufficiently contaminated to qualify as Superfund sites.,
13-0000.00,13-0000.00,13-0000.00,13-0000.00,Business and Financial Operations Occupations,Major,Major Group,Major Group,Major Group,"13-0000.00 Business and Financial Operations Occupations refers to a broad category of jobs within the U.S. Bureau of Labor Statistics (BLS) Occupational Classification System that encompass roles related to managing a company's finances, including accounting, budgeting, financial analysis, financial planning, and overall business operations.",
13-0000.00,13-1000.00,13-1000.00,13-1000.00,Business Operations Specialists,Main,Business and Financial Operations Occupations,Minor Group,Minor Group,"Business Operations Specialists are professionals who support and facilitate the operations of businesses across various industries. They are responsible for analyzing and improving organizational processes, systems, and procedures to enhance efficiency and productivity.",
13-0000.00,13-1000.00,13-1010.00,13-1010.00,"Agents and Business Managers of Artists, Performers, and Athletes",Titled,Business and Financial Operations Occupations,Business Operations Specialists,Broad Group,"Represent and promote artists, performers, and athletes to prospective employers. May handle contract negotiation and other business matters for clients.",
13-0000.00,13-1000.00,13-1010.00,13-1011.00,"Agents and Business Managers of Artists, Performers, and Athletes",Role,Business and Financial Operations Occupations,Business Operations Specialists,"Agents and Business Managers of Artists, Performers, and Athletes","Represent and promote artists, performers, and athletes to prospective employers. May handle contract negotiation and other business matters for clients.",
13-0000.00,13-1000.00,13-1020.00,13-1020.00,Buyers and Purchasing Agents,Titled,Business and Financial Operations Occupations,Business Operations Specialists,Broad Group,"Purchase goods and services for organizations, evaluate suppliers, negotiate contracts, and review product quality to ensure cost-effectiveness and efficiency.",
13-0000.00,13-1000.00,13-1020.00,13-1021.00,"Buyers and Purchasing Agents, Farm Products",Role,Business and Financial Operations Occupations,Business Operations Specialists,Buyers and Purchasing Agents,Purchase farm products either for further processing or resale.,
13-0000.00,13-1000.00,13-1020.00,13-1022.00,"Wholesale and Retail Buyers, Except Farm Products",Role,Business and Financial Operations Occupations,Business Operations Specialists,Buyers and Purchasing Agents,"Buy merchandise or commodities, other than farm products, for resale to consumers at the wholesale or retail level, including both durable and nondurable goods.  Analyze past buying trends, sales records, price, and quality of merchandise to determine value and yield.  Select, order, and authorize payment for merchandise according to contractual agreements. May conduct meetings with sales personnel and introduce new products.",
13-0000.00,13-1000.00,13-1020.00,13-1023.00,"Purchasing Agents, Except Wholesale, Retail, and Farm Products",Role,Business and Financial Operations Occupations,Business Operations Specialists,Buyers and Purchasing Agents,"Purchase machinery, equipment, tools, parts, supplies, or services necessary for the operation of an establishment. Purchase raw or semi-finished materials for manufacturing.",
13-0000.00,13-1000.00,13-1030.00,13-1030.00,"Claims Adjusters, Appraisers, Examiners, and Investigators",Titled,Business and Financial Operations Occupations,Business Operations Specialists,Broad Group,"Investigate, analyze, and determine the extent of an insurance company’s liability concerning personal, casualty, or property loss or damages.",
13-0000.00,13-1000.00,13-1030.00,13-1031.00,"Claims Adjusters, Examiners, and Investigators",Role,Business and Financial Operations Occupations,Business Operations Specialists,"Claims Adjusters, Appraisers, Examiners, and Investigators","Review settled claims to determine that payments and settlements have been made in accordance with company practices and procedures, ensuring that proper methods have been followed. Report overpayments, underpayments, and other irregularities. Confer with legal counsel on claims requiring litigation.",
13-0000.00,13-1000.00,13-1030.00,13-1031.01,"Claims Examiners, Property and Casualty Insurance",Role,Business and Financial Operations Occupations,Business Operations Specialists,"Claims Adjusters, Appraisers, Examiners, and Investigators","Review settled insurance claims to determine that payments and settlements have been made in accordance with company practices and procedures. Report overpayments, underpayments, and other irregularities. Confer with legal counsel on claims requiring litigation.",
13-0000.00,13-1000.00,13-1030.00,13-1031.02,"Insurance Adjusters, Examiners, and Investigators",Role,Business and Financial Operations Occupations,Business Operations Specialists,"Claims Adjusters, Appraisers, Examiners, and Investigators","Investigate, analyze, and determine the extent of insurance company's liability concerning personal, casualty, or property loss or damages, and attempt to effect settlement with claimants. Correspond with or interview medical specialists, agents, witnesses, or claimants to compile information. Calculate benefit payments and approve payment of claims within a certain monetary limit.",
13-0000.00,13-1000.00,13-1030.00,13-1032.00,"Insurance Appraisers, Auto Damage",Role,Business and Financial Operations Occupations,Business Operations Specialists,"Claims Adjusters, Appraisers, Examiners, and Investigators",Appraise automobile or other vehicle damage to determine cost of repair for insurance claim settlement and seek agreement with automotive repair shop on cost of repair. Prepare insurance forms to indicate repair cost or cost estimates and recommendations.,
13-0000.00,13-1000.00,13-1040.00,13-1040.00,Compliance Officers,Titled,Business and Financial Operations Occupations,Business Operations Specialists,Broad Group,"Examine, evaluate, and investigate eligibility for or conformity with laws and regulations.",
13-0000.00,13-1000.00,13-1040.00,13-1041.00,Compliance Officers,Role,Business and Financial Operations Occupations,Business Operations Specialists,Compliance Officers,"Examine, evaluate, and investigate eligibility for or conformity with laws and regulations governing contract compliance of licenses and permits, and other compliance and enforcement inspection activities not classified elsewhere.",
13-0000.00,13-1000.00,13-1040.00,13-1041.01,Environmental Compliance Inspectors,Role,Business and Financial Operations Occupations,Business Operations Specialists,Compliance Officers,"Inspect and investigate sources of pollution to protect the public and environment and ensure conformance with Federal, State, and local regulations and ordinances.",
13-0000.00,13-1000.00,13-1040.00,13-1041.02,Licensing Examiners and Inspectors,Role,Business and Financial Operations Occupations,Business Operations Specialists,Compliance Officers,"Examine, evaluate, and investigate eligibility for, conformity with, or liability under licenses or permits.",
13-0000.00,13-1000.00,13-1040.00,13-1041.03,Equal Opportunity Representatives and Officers,Role,Business and Financial Operations Occupations,Business Operations Specialists,Compliance Officers,"Monitor and evaluate compliance with equal opportunity laws, guidelines, and policies to ensure that employment practices and contracting arrangements give equal opportunity without regard to race, religion, color, national origin, sex, age, or disability.",
13-0000.00,13-1000.00,13-1040.00,13-1041.04,Government Property Inspectors and Investigators,Role,Business and Financial Operations Occupations,Business Operations Specialists,Compliance Officers,Investigate or inspect government property to ensure compliance with contract agreements and government regulations.,
13-0000.00,13-1000.00,13-1040.00,13-1041.06,Coroners,Role,Business and Financial Operations Occupations,Business Operations Specialists,Compliance Officers,"Direct activities such as autopsies, pathological and toxicological analyses, and inquests relating to the investigation of deaths occurring within a legal jurisdiction to determine cause of death or to fix responsibility for accidental, violent, or unexplained deaths.",
13-0000.00,13-1000.00,13-1040.00,13-1041.07,Regulatory Affairs Specialists,Role,Business and Financial Operations Occupations,Business Operations Specialists,Compliance Officers,"Coordinate and document internal regulatory processes, such as internal audits, inspections, license renewals, or registrations. May compile and prepare materials for submission to regulatory agencies.",
13-0000.00,13-1000.00,13-1040.00,13-1041.08,Customs Brokers,Role,Business and Financial Operations Occupations,Business Operations Specialists,Compliance Officers,Prepare customs documentation and ensure that shipments meet all applicable laws to facilitate the import and export of goods. Determine and track duties and taxes payable and process payments on behalf of client. Sign documents under a power of attorney. Represent clients in meetings with customs officials and apply for duty refunds and tariff reclassifications. Coordinate transportation and storage of imported goods.,
13-0000.00,13-1000.00,13-1050.00,13-1050.00,Cost Estimators,Titled,Business and Financial Operations Occupations,Business Operations Specialists,Broad Group,"Prepare cost estimates for product manufacturing, construction projects, or services to aid management in bidding on or determining price.",
13-0000.00,13-1000.00,13-1050.00,13-1051.00,Cost Estimators,Role,Business and Financial Operations Occupations,Business Operations Specialists,Cost Estimators,"Prepare cost estimates for product manufacturing, construction projects, or services to aid management in bidding on or determining price of product or service. May specialize according to particular service performed or type of product manufactured.",
13-0000.00,13-1000.00,13-1070.00,13-1070.00,Human Resources Workers,Titled,Business and Financial Operations Occupations,Business Operations Specialists,Broad Group,"Recruit, screen, interview, and place workers. Also handle employee relations, compensation, benefits, and training.",
13-0000.00,13-1000.00,13-1070.00,13-1071.00,Human Resources Specialists,Role,Business and Financial Operations Occupations,Business Operations Specialists,Human Resources Workers,Recruit and place workers.,
13-0000.00,13-1000.00,13-1070.00,13-1074.00,Farm Labor Contractors,Role,Business and Financial Operations Occupations,Business Operations Specialists,Human Resources Workers,"Recruit and hire seasonal or temporary agricultural laborers. May transport, house, and provide meals for workers.",
13-0000.00,13-1000.00,13-1070.00,13-1075.00,Labor Relations Specialists,Role,Business and Financial Operations Occupations,Business Operations Specialists,Human Resources Workers,"Resolve disputes between workers and managers, negotiate collective bargaining agreements, or coordinate grievance procedures to handle employee complaints.",
13-0000.00,13-1000.00,13-1080.00,13-1080.00,Logisticians,Titled,Business and Financial Operations Occupations,Business Operations Specialists,Broad Group,"Analyze and coordinate an organization’s supply chain, managing the entire life cycle of a product—including acquisition, distribution, allocation, and delivery.",
13-0000.00,13-1000.00,13-1080.00,13-1081.00,Logisticians,Role,Business and Financial Operations Occupations,Business Operations Specialists,Logisticians,"Analyze and coordinate the logistical functions of a firm or organization. Responsible for the entire life cycle of a product, including acquisition, distribution, internal allocation, delivery, and final disposal of resources.",
13-0000.00,13-1000.00,13-1080.00,13-1081.01,Logistics Engineers,Role,Business and Financial Operations Occupations,Business Operations Specialists,Logisticians,"Design or analyze operational solutions for projects such as transportation optimization, network modeling, process and methods analysis, cost containment, capacity enhancement, routing and shipment optimization, or information management.",
13-0000.00,13-1000.00,13-1080.00,13-1081.02,Logistics Analysts,Role,Business and Financial Operations Occupations,Business Operations Specialists,Logisticians,"Analyze product delivery or supply chain processes to identify or recommend changes. May manage route activity including invoicing, electronic bills, and shipment tracing.",
13-0000.00,13-1000.00,13-1080.00,13-1082.00,Project Management Specialists,Role,Business and Financial Operations Occupations,Business Operations Specialists,Logisticians,"Analyze and coordinate the schedule, timeline, procurement, staffing, and budget of a product or service on a per project basis. Lead and guide the work of technical staff. May serve as a point of contact for the client or customer.",
13-0000.00,13-1000.00,13-1110.00,13-1110.00,Management Analysts,Titled,Business and Financial Operations Occupations,Business Operations Specialists,Broad Group,"Propose ways to improve an organization’s efficiency. Advise managers on how to reduce costs, increase revenues, and enhance overall profitability.",
13-0000.00,13-1000.00,13-1110.00,13-1111.00,Management Analysts,Role,Business and Financial Operations Occupations,Business Operations Specialists,Management Analysts,"Conduct organizational studies and evaluations, design systems and procedures, conduct work simplifications and measurement studies, and prepare operations and procedures manuals to assist management in operating more efficiently and effectively. Includes program analysts and management consultants.",
13-0000.00,13-1000.00,13-1120.00,13-1120.00,"Meeting, Convention, and Event Planners",Titled,Business and Financial Operations Occupations,Business Operations Specialists,Broad Group,"Coordinate activities for meetings, conventions, and events, including logistics, vendor selection, and on-site operations.",
13-0000.00,13-1000.00,13-1120.00,13-1121.00,"Meeting, Convention, and Event Planners",Role,Business and Financial Operations Occupations,Business Operations Specialists,"Meeting, Convention, and Event Planners",Coordinate activities of staff and convention personnel to make arrangements for group meetings and conventions.,
13-0000.00,13-1000.00,13-1130.00,13-1130.00,Fundraisers,Titled,Business and Financial Operations Occupations,Business Operations Specialists,Broad Group,"Organize activities to solicit and gather donations for an organization. Plan fundraising strategies, recruit sponsors and volunteers, and conduct promotional campaigns.",
13-0000.00,13-1000.00,13-1130.00,13-1131.00,Fundraisers,Role,Business and Financial Operations Occupations,Business Operations Specialists,Fundraisers,"Organize activities to raise funds or otherwise solicit and gather monetary donations or other gifts for an organization. May design and produce promotional materials. May also raise awareness of the organization's work, goals, and financial needs.",
13-0000.00,13-1000.00,13-1140.00,13-1140.00,"Compensation, Benefits, and Job Analysis Specialists",Titled,Business and Financial Operations Occupations,Business Operations Specialists,Broad Group,"Conduct programs of compensation, benefits, and job analysis for employers. May specialize in areas such as position classification, pension programs, or recruitment metrics.",
13-0000.00,13-1000.00,13-1140.00,13-1141.00,"Compensation, Benefits, and Job Analysis Specialists",Role,Business and Financial Operations Occupations,Business Operations Specialists,"Compensation, Benefits, and Job Analysis Specialists","Conduct programs of compensation and benefits and job analysis for employer. May specialize in specific areas, such as position classification and pension programs.",
13-0000.00,13-1000.00,13-1150.00,13-1150.00,Training and Development Specialists,Titled,Business and Financial Operations Occupations,Business Operations Specialists,Broad Group,"Design and deliver training programs to enhance employee and organizational performance. Analyze training needs, develop instructional materials, and evaluate effectiveness of programs.",
13-0000.00,13-1000.00,13-1150.00,13-1151.00,Training and Development Specialists,Role,Business and Financial Operations Occupations,Business Operations Specialists,Training and Development Specialists,Design and conduct training and development programs to improve individual and organizational performance. May analyze training needs.,
13-0000.00,13-1000.00,13-1160.00,13-1160.00,Market Research Analysts and Marketing Specialists,Titled,Business and Financial Operations Occupations,Business Operations Specialists,Broad Group,"Research market conditions to determine potential sales, gather information on competitors and customers, and measure the effectiveness of marketing strategies.",
13-0000.00,13-1000.00,13-1160.00,13-1161.00,Market Research Analysts and Marketing Specialists,Role,Business and Financial Operations Occupations,Business Operations Specialists,Market Research Analysts and Marketing Specialists,"Research market conditions in local, regional, or national areas, or gather information to determine potential sales of a product or service, or create a marketing campaign. May gather information on competitors, prices, sales, and methods of marketing and distribution.",
13-0000.00,13-1000.00,13-1160.00,13-1161.01,Search Marketing Strategists,Role,Business and Financial Operations Occupations,Business Operations Specialists,Market Research Analysts and Marketing Specialists,"Employ search marketing tactics to increase visibility and engagement with content, products, or services in Internet-enabled devices or interfaces. Examine search query behaviors on general or specialty search engines or other Internet-based content. Analyze research, data, or technology to understand user intent and measure outcomes for ongoing optimization.",
13-0000.00,13-1000.00,13-1190.00,13-1190.00,Miscellaneous Business Operations Specialists,Titled,Business and Financial Operations Occupations,Business Operations Specialists,Broad Group,"Perform specialized business functions not covered by other specific occupations, which may include policy compliance, data analysis, or operational support tasks.",
13-0000.00,13-1000.00,13-1190.00,13-1199.00,"Business Operations Specialists, All Other",Role,Business and Financial Operations Occupations,Business Operations Specialists,Miscellaneous Business Operations Specialists,All business operations specialists not listed separately.,
13-0000.00,13-1000.00,13-1190.00,13-1199.01,Energy Auditors,Role,Business and Financial Operations Occupations,Business Operations Specialists,Miscellaneous Business Operations Specialists,"Conduct energy audits of buildings, building systems, or process systems. May also conduct investment grade audits of buildings or systems.",
13-0000.00,13-1000.00,13-1190.00,13-1199.02,Security Management Specialists,Role,Business and Financial Operations Occupations,Business Operations Specialists,Miscellaneous Business Operations Specialists,"Conduct security assessments for organizations, and design security systems and processes. May specialize in areas such as physical security, personnel security, and information security. May work in fields such as health care, banking, gaming, security engineering, or manufacturing.",
13-0000.00,13-1000.00,13-1190.00,13-1199.03,Customs Brokers,Role,Business and Financial Operations Occupations,Business Operations Specialists,Miscellaneous Business Operations Specialists,Prepare customs documentation and ensure that shipments meet all applicable laws to facilitate the import and export of goods. Determine and track duties and taxes payable and process payments on behalf of client. Sign documents under a power of attorney. Represent clients in meetings with customs officials and apply for duty refunds and tariff reclassifications. Coordinate transportation and storage of imported goods.,
13-0000.00,13-1000.00,13-1190.00,13-1199.04,Business Continuity Planners,Role,Business and Financial Operations Occupations,Business Operations Specialists,Miscellaneous Business Operations Specialists,"Develop, maintain, or implement business continuity and disaster recovery strategies and solutions, including risk assessments, business impact analyses, strategy selection, and documentation of business continuity and disaster recovery procedures. Plan, conduct, and debrief regular mock-disaster exercises to test the adequacy of existing plans and strategies, updating procedures and plans regularly. Act as a coordinator for continuity efforts after a disruption event.",
13-0000.00,13-1000.00,13-1190.00,13-1199.05,Sustainability Specialists,Role,Business and Financial Operations Occupations,Business Operations Specialists,Miscellaneous Business Operations Specialists,"Address organizational sustainability issues, such as waste stream management, green building practices, and green procurement plans.",
13-0000.00,13-1000.00,13-1190.00,13-1199.06,Online Merchants,Role,Business and Financial Operations Occupations,Business Operations Specialists,Miscellaneous Business Operations Specialists,"Conduct retail activities of businesses operating exclusively online. May perform duties such as preparing business strategies, buying merchandise, managing inventory, implementing marketing activities, fulfilling and shipping online orders, and balancing financial records.",
13-0000.00,13-1000.00,13-1190.00,13-1199.07,Security Management Specialists,Role,Business and Financial Operations Occupations,Business Operations Specialists,Miscellaneous Business Operations Specialists,"Conduct security assessments for organizations, and design security systems and processes. May specialize in areas such as physical security or the safety of employees and facilities.",
13-0000.00,13-2000.00,13-2000.00,13-2000.00,Financial Specialists,Main,Business and Financial Operations Occupations,Minor Group,Minor Group,"Financial Specialists are professionals who specialize in various financial areas and provide expertise and support in financial management, analysis, and planning. This category includes roles such as financial analysts, personal financial advisors, loan officers, budget analysts, and credit analysts, among others.",
13-0000.00,13-2000.00,13-2010.00,13-2010.00,Accountants and Auditors,Titled,Business and Financial Operations Occupations,Financial Specialists,Broad Group,"Examine, analyze, and interpret financial records to prepare statements, advise on tax or audit practices, and ensure compliance with financial laws and standards.",
13-0000.00,13-2000.00,13-2010.00,13-2011.00,Accountants and Auditors,Role,Business and Financial Operations Occupations,Financial Specialists,Accountants and Auditors,"Examine, analyze, and interpret accounting records for the purpose of giving advice or preparing statements. Install or advise on systems of recording costs or other financial and budgetary data.",
13-0000.00,13-2000.00,13-2010.00,13-2011.01,Accountants,Role,Business and Financial Operations Occupations,Financial Specialists,Accountants and Auditors,"Analyze financial information and prepare financial reports to determine or maintain record of assets, liabilities, profit and loss, tax liability, or other financial activities within an organization.",
13-0000.00,13-2000.00,13-2010.00,13-2011.02,Auditors,Role,Business and Financial Operations Occupations,Financial Specialists,Accountants and Auditors,Examine and analyze accounting records to determine financial status of establishment and prepare financial reports concerning operating procedures.,
13-0000.00,13-2000.00,13-2020.00,13-2020.00,Appraisers and Assessors of Real Estate,Titled,Business and Financial Operations Occupations,Financial Specialists,Broad Group,"Estimate property values by inspecting locations, analyzing comparable sales, and evaluating market conditions for sales, investments, or taxation purposes.",
13-0000.00,13-2000.00,13-2020.00,13-2021.00,Appraisers and Assessors of Real Estate,Role,Business and Financial Operations Occupations,Financial Specialists,Appraisers and Assessors of Real Estate,Appraise real property to determine its fair value. May assess taxes in accordance with prescribed schedules.,
13-0000.00,13-2000.00,13-2020.00,13-2021.01,Assessors,Role,Business and Financial Operations Occupations,Financial Specialists,Appraisers and Assessors of Real Estate,Appraise real and personal property to determine its fair value. May assess taxes in accordance with prescribed schedules.,
13-0000.00,13-2000.00,13-2020.00,13-2021.02,"Appraisers, Real Estate",Role,Business and Financial Operations Occupations,Financial Specialists,Appraisers and Assessors of Real Estate,"Appraise real property to determine its value for purchase, sales, investment, mortgage, or loan purposes.",
13-0000.00,13-2000.00,13-2020.00,13-2022.00,Appraisers of Personal and Business Property,Role,Business and Financial Operations Occupations,Financial Specialists,Appraisers and Assessors of Real Estate,"Appraise and estimate the fair value of tangible personal or business property, such as jewelry, art, antiques, collectibles, and equipment. May also appraise land.",
13-0000.00,13-2000.00,13-2020.00,13-2023.00,Appraisers and Assessors of Real Estate,Role,Business and Financial Operations Occupations,Financial Specialists,Appraisers and Assessors of Real Estate,"Appraise real estate, exclusively, and estimate its fair value. May assess taxes in accordance with prescribed schedules.",
13-0000.00,13-2000.00,13-2030.00,13-2030.00,Budget Analysts,Titled,Business and Financial Operations Occupations,Financial Specialists,Broad Group,"Compile and analyze budgetary data to prepare budget reports, assess financial needs, and ensure compliance with regulations and organizational goals.",
13-0000.00,13-2000.00,13-2030.00,13-2031.00,Budget Analysts,Role,Business and Financial Operations Occupations,Financial Specialists,Budget Analysts,"Examine budget estimates for completeness, accuracy, and conformance with procedures and regulations. Analyze budgeting and accounting reports for the purpose of maintaining expenditure controls.",
13-0000.00,13-2000.00,13-2040.00,13-2040.00,Credit Analysts,Titled,Business and Financial Operations Occupations,Financial Specialists,Broad Group,"Evaluate creditworthiness by reviewing financial statements, credit data, and market trends to determine the risk of extending credit or loans.",
13-0000.00,13-2000.00,13-2040.00,13-2041.00,Credit Analysts,Role,Business and Financial Operations Occupations,Financial Specialists,Credit Analysts,Analyze current credit data and financial statements of individuals or firms to determine the degree of risk involved in extending credit or lending money. Prepare reports with this credit information for use in decision-making.,
13-0000.00,13-2000.00,13-2050.00,13-2050.00,Financial Analysts and Advisors,Titled,Business and Financial Operations Occupations,Financial Specialists,Broad Group,"Provide guidance on investment decisions, assess market trends, and analyze the performance of stocks, bonds, or other securities for businesses and individuals.",
13-0000.00,13-2000.00,13-2050.00,13-2051.00,Financial Analysts,Role,Business and Financial Operations Occupations,Financial Specialists,Financial Analysts and Advisors,Conduct quantitative analyses of information affecting investment programs of public or private institutions.,
13-0000.00,13-2000.00,13-2050.00,13-2052.00,Personal Financial Advisors,Role,Business and Financial Operations Occupations,Financial Specialists,Financial Analysts and Advisors,"     Advise clients on financial plans utilizing knowledge of tax and investment strategies, securities, insurance, pension plans, and real estate. Duties include assessing clients' assets, liabilities, cash flow, insurance coverage,  tax status, and financial objectives to establish investment strategies.",
13-0000.00,13-2000.00,13-2050.00,13-2053.00,Insurance Underwriters,Role,Business and Financial Operations Occupations,Financial Specialists,Financial Analysts and Advisors,Review individual applications for insurance to evaluate degree of risk involved and determine acceptance of applications.,
13-0000.00,13-2000.00,13-2050.00,13-2054.00,Financial Risk Specialists,Role,Business and Financial Operations Occupations,Financial Specialists,Financial Analysts and Advisors,"Analyze and measure exposure to credit and market risk threatening the assets, earning capacity, or economic state of an organization. May make recommendations to limit risk.",
13-0000.00,13-2000.00,13-2060.00,13-2060.00,Financial Examiners,Titled,Business and Financial Operations Occupations,Financial Specialists,Broad Group,"Ensure compliance with financial regulations by reviewing and auditing balance sheets, examining bank management, and evaluating loan risks.",
13-0000.00,13-2000.00,13-2060.00,13-2061.00,Financial Examiners,Role,Business and Financial Operations Occupations,Financial Specialists,Financial Examiners,"Enforce or ensure compliance with laws and regulations governing financial and securities institutions and financial and real estate transactions. May examine, verify correctness of, or establish authenticity of records.",
13-0000.00,13-2000.00,13-2070.00,13-2070.00,Credit Counselors and Loan Officers,Titled,Business and Financial Operations Occupations,Financial Specialists,Broad Group,"Advise clients on how to manage debt and apply for loans, evaluate loan applications, and approve or recommend loan terms while assessing credit risk.",
13-0000.00,13-2000.00,13-2070.00,13-2071.00,Credit Counselors,Role,Business and Financial Operations Occupations,Financial Specialists,Credit Counselors and Loan Officers,Provide guidance to prospective loan applicants who have problems qualifying for traditional loans. Guidance may include determining the best type of loan and explaining loan requirements or restrictions.,
13-0000.00,13-2000.00,13-2070.00,13-2071.01,Loan Counselors,Role,Business and Financial Operations Occupations,Financial Specialists,Credit Counselors and Loan Officers,Provide guidance to prospective loan applicants who have problems qualifying for traditional loans. Guidance may include determining the best type of loan and explaining loan requirements or restrictions.,
13-0000.00,13-2000.00,13-2070.00,13-2072.00,Loan Officers,Role,Business and Financial Operations Occupations,Financial Specialists,Credit Counselors and Loan Officers,"Evaluate, authorize, or recommend approval of commercial, real estate, or credit loans. Advise borrowers on financial status and methods of payments. Includes mortgage loan officers and agents, collection analysts, loan servicing officers, and loan underwriters.",
13-0000.00,13-2000.00,13-2080.00,13-2080.00,"Tax Examiners, Collectors and Preparers, and Revenue Agents",Titled,Business and Financial Operations Occupations,Financial Specialists,Broad Group,"Calculate tax liabilities, prepare tax returns, or collect overdue taxes from individuals and businesses in accordance with relevant laws and regulations.",
13-0000.00,13-2000.00,13-2080.00,13-2081.00,"Tax Examiners and Collectors, and Revenue Agents",Role,Business and Financial Operations Occupations,Financial Specialists,"Tax Examiners, Collectors and Preparers, and Revenue Agents",Determine tax liability or collect taxes from individuals or business firms according to prescribed laws and regulations.,
13-0000.00,13-2000.00,13-2080.00,13-2082.00,Tax Preparers,Role,Business and Financial Operations Occupations,Financial Specialists,"Tax Examiners, Collectors and Preparers, and Revenue Agents",Prepare tax returns for individuals or small businesses but do not have the background or responsibilities of an accredited or certified public accountant.,
13-0000.00,13-2000.00,13-2090.00,13-2090.00,Miscellaneous Financial Specialists,Titled,Business and Financial Operations Occupations,Financial Specialists,Broad Group,"Perform specialized financial tasks not covered by other standard occupations, which may involve financial compliance, risk analysis, or niche financial consulting.",
13-0000.00,13-2000.00,13-2090.00,13-2099.00,"Financial Specialists, All Other",Role,Business and Financial Operations Occupations,Financial Specialists,Miscellaneous Financial Specialists,All financial specialists not listed separately.,
13-0000.00,13-2000.00,13-2090.00,13-2099.01,Financial Quantitative Analysts,Role,Business and Financial Operations Occupations,Financial Specialists,Miscellaneous Financial Specialists,"Develop quantitative financial products used to inform individuals or financial institutions engaged in saving, lending, investing, borrowing, or managing risk. Investigate methods for financial analysis to create mathematical models used to develop improved analytical tools or advanced financial investment instruments.",
13-0000.00,13-2000.00,13-2090.00,13-2099.02,Risk Management Specialists,Role,Business and Financial Operations Occupations,Financial Specialists,Miscellaneous Financial Specialists,"Analyze and manage risk management issues by identifying, measuring, and making decisions on operational or enterprise risks for an organization.",
13-0000.00,13-2000.00,13-2090.00,13-2099.03,Investment Underwriters,Role,Business and Financial Operations Occupations,Financial Specialists,Miscellaneous Financial Specialists,Manage communications or negotiations between corporate issuers of securities and clients regarding private equity investments. Underwrite the issuance of securities to provide capital for client growth. Negotiate and structure the terms of mergers or acquisitions.,
13-0000.00,13-2000.00,13-2090.00,13-2099.04,"Fraud Examiners, Investigators and Analysts",Role,Business and Financial Operations Occupations,Financial Specialists,Miscellaneous Financial Specialists,"Obtain evidence, take statements, produce reports, and testify to findings regarding resolution of fraud allegations. May coordinate fraud detection and prevention activities.",
15-0000.00,15-0000.00,15-0000.00,15-0000.00,Computer and Mathematical Occupations,Major,Major Group,Major Group,Major Group,"Covers professions using computational thinking, software development, data analysis, statistics, and other quantitative methods. Roles include computer programmers, data scientists, statisticians, and mathematicians in varied industries.",
15-0000.00,15-1100.00,15-1100.00,15-1100.00,Computer Occupations,Main,Computer and Mathematical Occupations,Minor Group,Minor Group,"Computer Occupations include a wide range of roles related to computer systems, software development, information technology (IT), and computer network architecture. This category includes positions such as computer programmers, software developers, computer systems analysts, database administrators, network architects, and cybersecurity specialists, among others.",
15-0000.00,15-1100.00,15-1110.00,15-1110.00,Computer and Information Research Scientists,Titled,Computer and Mathematical Occupations,Computer Occupations,Broad Group,"Research, invent, and design innovative computing solutions. Explore complex computing challenges and devise new technology or methods to address them.",
15-0000.00,15-1100.00,15-1110.00,15-1111.00,Computer and Information Research Scientists,Role,Computer and Mathematical Occupations,Computer Occupations,Computer and Information Research Scientists,"Conduct research into fundamental computer and information science as theorists, designers, or inventors. Solve or develop solutions to problems in the field of computer hardware and software.",
15-0000.00,15-1100.00,15-1120.00,15-1120.00,Computer and Information Analysts,Titled,Computer and Mathematical Occupations,Computer Occupations,Broad Group,"Analyze user requirements, procedures, and problems to improve computer systems. Propose software and hardware solutions to enhance system efficiency.",
15-0000.00,15-1100.00,15-1120.00,15-1121.00,Computer Systems Analysts,Role,Computer and Mathematical Occupations,Computer Occupations,Computer and Information Analysts,"Convert project specifications and statements of problems and procedures to detailed logical flow charts for coding into computer language. Develop and write computer programs to store, locate, and retrieve specific documents, data, and information. May program web sites.",
15-0000.00,15-1100.00,15-1120.00,15-1121.01,Informatics Nurse Specialists,Role,Computer and Mathematical Occupations,Computer Occupations,Computer and Information Analysts,"Apply knowledge of nursing and informatics to assist in the design, development, and ongoing modification of computerized health care systems. May educate staff and assist in problem solving to promote the implementation of the health care system.",
15-0000.00,15-1100.00,15-1120.00,15-1122.00,Information Security Analysts,Role,Computer and Mathematical Occupations,Computer Occupations,Computer and Information Analysts,"Plan, implement, upgrade, or monitor security measures for the protection of computer networks and information. May ensure appropriate security controls are in place that will safeguard digital files and vital electronic infrastructure. May respond to computer security breaches and viruses.",
15-0000.00,15-1100.00,15-1130.00,15-1130.00,Software Developers and Programmers,Titled,Computer and Mathematical Occupations,Computer Occupations,Broad Group,"Design, develop, and modify software applications or specialized utility programs. Analyze user needs, test code, and integrate software systems.",
15-0000.00,15-1100.00,15-1130.00,15-1131.00,Computer Programmers,Role,Computer and Mathematical Occupations,Computer Occupations,Software Developers and Programmers,"Develop, create, and modify general computer applications software or specialized utility programs. Analyze user needs and develop software solutions. Design software or customize software for client use with the aim of optimizing operational efficiency. May analyze and design databases within an application area, working individually or coordinating database development as part of a team.",
15-0000.00,15-1100.00,15-1130.00,15-1132.00,"Software Developers, Applications",Role,Computer and Mathematical Occupations,Computer Occupations,Software Developers and Programmers,"Research, design, develop, and test operating systems-level software, compilers, and network distribution software for medical, industrial, military, communications, aerospace, business, scientific, and general computing applications.  Set operational specifications and formulate and analyze software requirements.  Apply principles and techniques of computer science, engineering, and mathematical analysis.",
15-0000.00,15-1100.00,15-1130.00,15-1133.00,"Software Developers, Systems Software",Role,Computer and Mathematical Occupations,Computer Occupations,Software Developers and Programmers,"Research, design, develop, and test operating systems-level software, compilers, and network distribution software for medical, industrial, military, communications, aerospace, business, scientific, and general computing applications. Set operational specifications and formulate and analyze software requirements. May design embedded systems software. Apply principles and techniques of computer science, engineering, and mathematical analysis.",
15-0000.00,15-1100.00,15-1130.00,15-1134.00,Web Developers,Role,Computer and Mathematical Occupations,Computer Occupations,Software Developers and Programmers,"Design, create, and modify Web sites. Analyze user needs to implement Web site content, graphics, performance, and capacity. May integrate Web sites with other computer applications. May convert written, graphic, audio, and video components to compatible Web formats by using software designed to facilitate the creation of Web and multimedia content.",
15-0000.00,15-1100.00,15-1140.00,15-1140.00,Database and Systems Administrators and Network Architects,Titled,Computer and Mathematical Occupations,Computer Occupations,Broad Group,"Install, configure, and maintain databases, networks, and operating systems. Plan and implement network architectures, optimizing performance and security.",
15-0000.00,15-1100.00,15-1140.00,15-1141.00,Database Administrators,Role,Computer and Mathematical Occupations,Computer Occupations,Database and Systems Administrators and Network Architects,"Administer, test, and implement computer databases, applying knowledge of database management systems. Coordinate changes to computer databases. May plan, coordinate, and implement security measures to safeguard computer databases.",
15-0000.00,15-1100.00,15-1140.00,15-1142.00,Network and Computer Systems Administrators,Role,Computer and Mathematical Occupations,Computer Occupations,Database and Systems Administrators and Network Architects,"Install, configure, and support an organization's local area network (LAN), wide area network (WAN), and Internet systems or a segment of a network system. Monitor network to ensure network availability to all system users and may perform necessary maintenance to support network availability. May monitor and test Web site performance to ensure Web sites operate correctly and without interruption. May assist in network modeling, analysis, planning, and coordination between network and data communications hardware and software. May supervise computer user support specialists and computer network support specialists. May administer network security measures.",
15-0000.00,15-1100.00,15-1140.00,15-1143.00,Computer Network Architects,Role,Computer and Mathematical Occupations,Computer Occupations,Database and Systems Administrators and Network Architects,"Design and implement computer and information networks, such as local area networks (LAN), wide area networks (WAN), intranets, extranets, and other data communications networks. Perform network modeling, analysis, and planning. May also design network and computer security measures. May research and recommend network and data communications hardware and software.",
15-0000.00,15-1100.00,15-1140.00,15-1143.01,Telecommunications Engineering Specialists,Role,Computer and Mathematical Occupations,Computer Occupations,Database and Systems Administrators and Network Architects,"Design or configure voice, video, and data communications systems. Supervise installation and post-installation service and maintenance.",
15-0000.00,15-1100.00,15-1150.00,15-1150.00,Computer Support Specialists,Titled,Computer and Mathematical Occupations,Computer Occupations,Broad Group,"Provide technical assistance, resolve hardware and software issues, maintain computer systems, and train users in equipment use.",
15-0000.00,15-1100.00,15-1150.00,15-1151.00,Computer User Support Specialists,Role,Computer and Mathematical Occupations,Computer Occupations,Computer Support Specialists,"Provide technical assistance to computer users. Answer questions or resolve computer problems for clients in person, or via telephone or electronically. May provide assistance concerning the use of computer hardware and software, including printing, installation, word processing, electronic mail, and operating systems.",
15-0000.00,15-1100.00,15-1150.00,15-1152.00,Computer Network Support Specialists,Role,Computer and Mathematical Occupations,Computer Occupations,Computer Support Specialists,"Analyze, test, troubleshoot, and evaluate existing network systems, such as local area network (LAN), wide area network (WAN), and Internet systems or a segment of a network system. Perform network maintenance to ensure networks operate correctly with minimal interruption.",
15-0000.00,15-1100.00,15-1170.00,15-1170.00,Computer Security Specialists,Titled,Computer and Mathematical Occupations,Computer Occupations,Broad Group,"Implement and monitor security measures to protect computer systems, networks, and data. Identify vulnerabilities and develop strategies to prevent cyber threats.",
15-0000.00,15-1100.00,15-1170.00,15-1179.00,"Information Security Analysts, Web Developers, and Computer Network Architects",Role,Computer and Mathematical Occupations,Computer Occupations,Computer Security Specialists,,
15-0000.00,15-1100.00,15-1190.00,15-1190.00,Miscellaneous Computer Occupations,Titled,Computer and Mathematical Occupations,Computer Occupations,Broad Group,"Perform specialized computer-related tasks not classified under other standard occupations, often involving emerging technologies or unique software/hardware applications.",
15-0000.00,15-1100.00,15-1190.00,15-1199.00,"Computer Occupations, All Other",Role,Computer and Mathematical Occupations,Computer Occupations,Miscellaneous Computer Occupations,All computer occupations not listed separately.,
15-0000.00,15-1100.00,15-1190.00,15-1199.01,Software Quality Assurance Engineers and Testers,Role,Computer and Mathematical Occupations,Computer Occupations,Miscellaneous Computer Occupations,Develop and execute software test plans in order to identify software problems and their causes.,
15-0000.00,15-1100.00,15-1190.00,15-1199.02,Computer Systems Engineers/Architects,Role,Computer and Mathematical Occupations,Computer Occupations,Miscellaneous Computer Occupations,"Design and develop solutions to complex applications problems, system administration issues, or network concerns. Perform systems management and integration functions.",
15-0000.00,15-1100.00,15-1190.00,15-1199.03,Web Administrators,Role,Computer and Mathematical Occupations,Computer Occupations,Miscellaneous Computer Occupations,"Manage web environment design, deployment, development and maintenance activities. Perform testing and quality assurance of web sites and web applications.",
15-0000.00,15-1100.00,15-1190.00,15-1199.04,Geospatial Information Scientists and Technologists,Role,Computer and Mathematical Occupations,Computer Occupations,Miscellaneous Computer Occupations,"Research or develop geospatial technologies. May produce databases, perform applications programming, or coordinate projects. May specialize in areas such as agriculture, mining, health care, retail trade, urban planning, or military intelligence.",
15-0000.00,15-1100.00,15-1190.00,15-1199.05,Geographic Information Systems Technicians,Role,Computer and Mathematical Occupations,Computer Occupations,Miscellaneous Computer Occupations,"Assist scientists, technologists, or related professionals in building, maintaining, modifying, or using geographic information systems (GIS) databases. May also perform some custom application development or provide user support.",
15-0000.00,15-1100.00,15-1190.00,15-1199.06,Database Architects,Role,Computer and Mathematical Occupations,Computer Occupations,Miscellaneous Computer Occupations,"Design strategies for enterprise database systems and set standards for operations, programming, and security. Design and construct large relational databases. Integrate new systems with existing warehouse structure and refine system performance and functionality.",
15-0000.00,15-1100.00,15-1190.00,15-1199.07,Data Warehousing Specialists,Role,Computer and Mathematical Occupations,Computer Occupations,Miscellaneous Computer Occupations,"Design, model, or implement corporate data warehousing activities. Program and configure warehouses of database information and provide support to warehouse users.",
15-0000.00,15-1100.00,15-1190.00,15-1199.08,Business Intelligence Analysts,Role,Computer and Mathematical Occupations,Computer Occupations,Miscellaneous Computer Occupations,Produce financial and market intelligence by querying data repositories and generating periodic reports. Devise methods for identifying data patterns and trends in available information sources.,
15-0000.00,15-1100.00,15-1190.00,15-1199.09,Information Technology Project Managers,Role,Computer and Mathematical Occupations,Computer Occupations,Miscellaneous Computer Occupations,"Plan, initiate, and manage information technology (IT) projects. Lead and guide the work of technical staff. Serve as liaison between business and technical aspects of projects. Plan project stages and assess business implications for each stage. Monitor progress to assure deadlines, standards, and cost targets are met.",
15-0000.00,15-1100.00,15-1190.00,15-1199.10,Search Marketing Strategists,Role,Computer and Mathematical Occupations,Computer Occupations,Miscellaneous Computer Occupations,"Employ search marketing tactics to increase visibility and engagement with content, products, or services in Internet-enabled devices or interfaces. Examine search query behaviors on general or specialty search engines or other Internet-based content. Analyze research, data, or technology to understand user intent and measure outcomes for ongoing optimization.",
15-0000.00,15-1100.00,15-1190.00,15-1199.11,Video Game Designers,Role,Computer and Mathematical Occupations,Computer Occupations,Miscellaneous Computer Occupations,"Design core features of video games. Specify innovative game and role-play mechanics, story lines, and character biographies. Create and maintain design documentation. Guide and collaborate with production staff to produce games as designed.",
15-0000.00,15-1100.00,15-1190.00,15-1199.12,Document Management Specialists,Role,Computer and Mathematical Occupations,Computer Occupations,Miscellaneous Computer Occupations,"Implement and administer enterprise-wide document management systems and related procedures that allow organizations to capture, store, retrieve, share, and destroy electronic records and documents.",
15-0000.00,15-1200.00,15-1210.00,15-1210.00,Computer and Information Analysts,Titled,Computer and Mathematical Occupations,Computer Occupations,Broad Group,"Computer and Information Analysts is a Broad Occupation level code of the “Computer and Mathematical Occupations” Major Occupation Category. There are 714,640 total employees classified in this occupation in the USA, with an average Hourly Wage of $46.91 and average Annual Wage of $97,570.",
15-0000.00,15-1200.00,15-1210.00,15-1211.00,Computer Systems Analysts,Role,Computer and Mathematical Occupations,Computer Occupations,Computer and Information Analysts,"Analyze science, engineering, business, and other data processing problems to develop and implement solutions to complex applications problems, system administration issues, or network concerns. Perform systems management and integration functions, improve existing computer systems, and review computer system capabilities, workflow, and schedule limitations. May analyze or recommend commercially available software.",
15-0000.00,15-1200.00,15-1210.00,15-1211.01,Health Informatics Specialists,Role,Computer and Mathematical Occupations,Computer Occupations,Computer and Information Analysts,"Apply knowledge of nursing and informatics to assist in the design, development, and ongoing modification of computerized health care systems. May educate staff and assist in problem solving to promote the implementation of the health care system.",
15-0000.00,15-1200.00,15-1210.00,15-1212.00,Information Security Analysts,Role,Computer and Mathematical Occupations,Computer Occupations,Computer and Information Analysts,"Plan, implement, upgrade, or monitor security measures for the protection of computer networks and information. Assess system vulnerabilities for security risks and propose and implement risk mitigation strategies. May ensure appropriate security controls are in place that will safeguard digital files and vital electronic infrastructure. May respond to computer security breaches and viruses.",
15-0000.00,15-1200.00,15-1220.00,15-1220.00,Computer and Information Research Scientists,Titled,Computer and Mathematical Occupations,Computer Occupations,Broad Group,"Computer and Information Research Scientists is a Broad Occupation level code of the “Computer and Mathematical Occupations” Major Occupation Category. There are 30,780 total employees classified in this occupation in the USA, with an average Hourly Wage of $61.28 and average Annual Wage of $127,460.",
15-0000.00,15-1200.00,15-1220.00,15-1221.00,Computer and Information Research Scientists,Role,Computer and Mathematical Occupations,Computer Occupations,Computer and Information Research Scientists,"Conduct research into fundamental computer and information science as theorists, designers, or inventors. Develop solutions to problems in the field of computer hardware and software.",
15-0000.00,15-1200.00,15-1230.00,15-1230.00,Computer Support Specialists,Titled,Computer and Mathematical Occupations,Computer Occupations,Broad Group," Computer Support Specialists is a Broad Occupation level code of the “Computer and Mathematical Occupations” Major Occupation Category. There are 832,750 total employees classified in this occupation in the USA, with an average Hourly Wage of $28.51 and average Annual Wage of $59,290.",
15-0000.00,15-1200.00,15-1230.00,15-1231.00,Computer Network Support Specialists,Role,Computer and Mathematical Occupations,Computer Occupations,Computer Support Specialists,"Analyze, test, troubleshoot, and evaluate existing network systems, such as local area networks (LAN), wide area networks (WAN), cloud networks, servers, and other data communications networks. Perform network maintenance to ensure networks operate correctly with minimal interruption.",
15-0000.00,15-1200.00,15-1230.00,15-1232.00,Computer User Support Specialists,Role,Computer and Mathematical Occupations,Computer Occupations,Computer Support Specialists,"Provide technical assistance to computer users. Answer questions or resolve computer problems for clients in person, via telephone, or electronically. May provide assistance concerning the use of computer hardware and software, including printing, installation, word processing, electronic mail, and operating systems.",
15-0000.00,15-1200.00,15-1240.00,15-1240.00,Database and Network Administrators and Architects,Titled,Computer and Mathematical Occupations,Computer Occupations,Broad Group,"Database and Network Administrators and Architects"" refers to a broad occupational category within the O*NET code system, encompassing professionals who design, manage, and maintain both database systems and computer networks, including tasks like database creation, security implementation, network monitoring, and performance optimization; essentially, individuals responsible for the overall health and functionality of an organization's data infrastructure.",
15-0000.00,15-1200.00,15-1240.00,15-1241.00,Computer Network Architects,Role,Computer and Mathematical Occupations,Computer Occupations,Database and Network Administrators and Architects,"Design and implement computer and information networks, such as local area networks (LAN), wide area networks (WAN), intranets, extranets, and other data communications networks. Perform network modeling, analysis, and planning, including analysis of capacity needs for network infrastructures. May also design network and computer security measures. May research and recommend network and data communications hardware and software.",
15-0000.00,15-1200.00,15-1240.00,15-1241.01,Telecommunications Engineering Specialists,Role,Computer and Mathematical Occupations,Computer Occupations,Database and Network Administrators and Architects,"Design or configure wired, wireless, and satellite communications systems for voice, video, and data services. Supervise installation, service, and maintenance.",
15-0000.00,15-1200.00,15-1240.00,15-1242.00,Database Administrators,Role,Computer and Mathematical Occupations,Computer Occupations,Database and Network Administrators and Architects,"Administer, test, and implement computer databases, applying knowledge of database management systems. Coordinate changes to computer databases. Identify, investigate, and resolve database performance issues, database capacity, and database scalability. May plan, coordinate, and implement security measures to safeguard computer databases.",
15-0000.00,15-1200.00,15-1240.00,15-1243.00,Database Architects,Role,Computer and Mathematical Occupations,Computer Occupations,Database and Network Administrators and Architects,"Design strategies for enterprise databases, data warehouse systems, and multidimensional networks. Set standards for database operations, programming, query processes, and security. Model, design, and construct large relational databases or data warehouses. Create and optimize data models for warehouse infrastructure and workflow. Integrate new systems with existing warehouse structure and refine system performance and functionality.",
15-0000.00,15-1200.00,15-1240.00,15-1243.01,Data Warehousing Specialists,Role,Computer and Mathematical Occupations,Computer Occupations,Database and Network Administrators and Architects,"Design, model, or implement corporate data warehousing activities. Program and configure warehouses of database information and provide support to warehouse users.",
15-0000.00,15-1200.00,15-1240.00,15-1244.00,Network and Computer Systems Administrators,Role,Computer and Mathematical Occupations,Computer Occupations,Database and Network Administrators and Architects,"Install, configure, and maintain an organization's local area network (LAN), wide area network (WAN), data communications network, operating systems, and physical and virtual servers. Perform system monitoring and verify the integrity and availability of hardware, network, and server resources and systems. Review system and application logs and verify completion of scheduled jobs, including system backups. Analyze network and server resource consumption and control user access. Install and upgrade software and maintain software licenses. May assist in network modeling, analysis, planning, and coordination between network and data communications hardware and software.",
15-0000.00,15-1200.00,15-1240.00,15-1250.00,"Software and Web Developers, Programmers, and Testers",Titled,Computer and Mathematical Occupations,Computer Occupations,Broad Group,"SOC code 15-1250 refers to the occupation category of ""Software and Web Developers, Programmers, and Testers"" according to the Standard Occupational Classification (SOC) system used by the Bureau of Labor Statistics (BLS), essentially encompassing all roles related to software development, including web development and programming tasks.",
15-0000.00,15-1200.00,15-1240.00,15-1251.00,Computer Programmers,Role,Computer and Mathematical Occupations,Computer Occupations,"Software and Web Developers, Programmers, and Testers","Create, modify, and test the code and scripts that allow computer applications to run. Work from specifications drawn up by software and web developers or other individuals. May develop and write computer programs to store, locate, and retrieve specific documents, data, and information.",
15-0000.00,15-1200.00,15-1240.00,15-1252.00,Software Developers,Role,Computer and Mathematical Occupations,Computer Occupations,"Software and Web Developers, Programmers, and Testers","Research, design, and develop computer and network software or specialized utility programs. Analyze user needs and develop software solutions, applying principles and techniques of computer science, engineering, and mathematical analysis. Update software or enhance existing software capabilities. May work with computer hardware engineers to integrate hardware and software systems, and develop specifications and performance requirements. May maintain databases within an application area, working individually or coordinating database development as part of a team.",
15-0000.00,15-1200.00,15-1240.00,15-1253.00,Software Quality Assurance Analysts and Testers,Role,Computer and Mathematical Occupations,Computer Occupations,"Software and Web Developers, Programmers, and Testers","Develop and execute software tests to identify software problems and their causes. Test system modifications to prepare for implementation. Document software and application defects using a bug tracking system and report defects to software or web developers. Create and maintain databases of known defects. May participate in software design reviews to provide input on functional requirements, operational characteristics, product designs, and schedules.",
15-0000.00,15-1200.00,15-1240.00,15-1254.00,Web Developers,Role,Computer and Mathematical Occupations,Computer Occupations,"Software and Web Developers, Programmers, and Testers","Develop and implement websites, web applications, application databases, and interactive web interfaces. Evaluate code to ensure that it is properly structured, meets industry standards, and is compatible with browsers and devices. Optimize website performance, scalability, and server-side code and processes. May develop website infrastructure and integrate websites with other computer applications.",
15-0000.00,15-1200.00,15-1240.00,15-1255.00,Web and Digital Interface Designers,Role,Computer and Mathematical Occupations,Computer Occupations,"Software and Web Developers, Programmers, and Testers","Design digital user interfaces or websites. Develop and test layouts, interfaces, functionality, and navigation menus to ensure compatibility and usability across browsers or devices. May use web framework applications as well as client-side code and processes. May evaluate web design following web and accessibility standards, and may analyze web use metrics and optimize websites for marketability and search engine ranking. May design and test interfaces that facilitate the human-computer interaction and maximize the usability of digital devices, websites, and software with a focus on aesthetics and design. May create graphics used in websites and manage website content and links.",
15-0000.00,15-1200.00,15-1240.00,15-1255.01,Video Game Designers,Role,Computer and Mathematical Occupations,Computer Occupations,"Software and Web Developers, Programmers, and Testers","Design core features of video games. Specify innovative game and role-play mechanics, story lines, and character biographies. Create and maintain design documentation. Guide and collaborate with production staff to produce games as designed.",
15-0000.00,15-1200.00,15-1290.00,15-1290.00,Miscellaneous Computer Occupations,Titled,Computer and Mathematical Occupations,Computer Occupations,Broad Group,"Miscellaneous Computer Occupations is a Broad Occupation level code of the “Computer and Mathematical Occupations” Major Occupation Category. There are 393,160 total employees classified in this occupation in the USA, with an average Hourly Wage of $44.43 and average Annual Wage of $92,410.",
15-0000.00,15-1200.00,15-1290.00,15-1299.00,"Computer Occupations, All Other",Role,Computer and Mathematical Occupations,Computer Occupations,Miscellaneous Computer Occupations,All computer occupations not listed separately.,
15-0000.00,15-1200.00,15-1290.00,15-1299.01,Web Administrators,Role,Computer and Mathematical Occupations,Computer Occupations,Miscellaneous Computer Occupations,"Manage web environment design, deployment, development and maintenance activities. Perform testing and quality assurance of web sites and web applications.",
15-0000.00,15-1200.00,15-1290.00,15-1299.02,Geographic Information Systems Technologists and Technicians,Role,Computer and Mathematical Occupations,Computer Occupations,Miscellaneous Computer Occupations,"Assist scientists or related professionals in building, maintaining, modifying, or using geographic information systems (GIS) databases. May also perform some custom application development or provide user support.",
15-0000.00,15-1200.00,15-1290.00,15-1299.03,Document Management Specialists,Role,Computer and Mathematical Occupations,Computer Occupations,Miscellaneous Computer Occupations,"Implement and administer enterprise-wide document management systems and related procedures that allow organizations to capture, store, retrieve, share, and destroy electronic records and documents.",
15-0000.00,15-1200.00,15-1290.00,15-1299.04,Penetration Testers,Role,Computer and Mathematical Occupations,Computer Occupations,Miscellaneous Computer Occupations,Evaluate network system security by conducting simulated internal and external cyberattacks using adversary tools and techniques. Attempt to breach and exploit critical systems and gain access to sensitive information to assess system security.,
15-0000.00,15-1200.00,15-1290.00,15-1299.05,Information Security Engineers,Role,Computer and Mathematical Occupations,Computer Occupations,Miscellaneous Computer Occupations,"Develop and oversee the implementation of information security procedures and policies. Build, maintain and upgrade security technology, such as firewalls, for the safe use of computer networks and the transmission and retrieval of information. Design and implement appropriate security controls to identify vulnerabilities and protect digital files and electronic infrastructures. Monitor and respond to computer security breaches, viruses, and intrusions, and perform forensic investigation. May oversee the assessment of information security systems.",
15-0000.00,15-1200.00,15-1290.00,15-1299.06,Digital Forensics Analysts,Role,Computer and Mathematical Occupations,Computer Occupations,Miscellaneous Computer Occupations,"Conduct investigations on computer-based crimes establishing documentary or physical evidence, such as digital media and logs associated with cyber intrusion incidents. Analyze digital evidence and investigate computer security incidents to derive information in support of system and network vulnerability mitigation. Preserve and present computer-related evidence in support of criminal, fraud, counterintelligence, or law enforcement investigations.",
15-0000.00,15-1200.00,15-1290.00,15-1299.07,Blockchain Engineers,Role,Computer and Mathematical Occupations,Computer Occupations,Miscellaneous Computer Occupations,"Maintain and support distributed and decentralized blockchain-based networks or block-chain applications such as cryptocurrency exchange, payment processing, document sharing, and digital voting. Design and deploy secure block-chain design patterns and solutions over geographically distributed networks using advanced technologies. May assist with infrastructure setup and testing for application transparency and security.",
15-0000.00,15-1200.00,15-1290.00,15-1299.08,Computer Systems Engineers/Architects,Role,Computer and Mathematical Occupations,Computer Occupations,Miscellaneous Computer Occupations,"Design and develop solutions to complex applications problems, system administration issues, or network concerns. Perform systems management and integration functions.",
15-0000.00,15-1200.00,15-1290.00,15-1299.09,Information Technology Project Managers,Role,Computer and Mathematical Occupations,Computer Occupations,Miscellaneous Computer Occupations,"Plan, initiate, and manage information technology (IT) projects. Lead and guide the work of technical staff. Serve as liaison between business and technical aspects of projects. Plan project stages and assess business implications for each stage. Monitor progress to assure deadlines, standards, and cost targets are met.",
15-0000.00,15-2000.00,15-2000.00,15-2000.00,Mathematical Science Occupations,Main,Computer and Mathematical Occupations,Minor Group,Minor Group,"Mathematical Science Occupations include a range of roles that involve advanced mathematical and statistical analysis, modeling, research, and problem-solving. This category includes positions such as mathematicians, statisticians, operations research analysts, actuaries, and data scientists, among others.",
15-0000.00,15-2000.00,15-2010.00,15-2010.00,Actuaries,Titled,Computer and Mathematical Occupations,Mathematical Science Occupations,Broad Group,"Analyze statistical data to estimate future risks and liabilities, applying mathematics, statistics, and financial theory to insurance, pensions, and related fields.",
15-0000.00,15-2000.00,15-2010.00,15-2011.00,Actuaries,Role,Computer and Mathematical Occupations,Mathematical Science Occupations,Actuaries,"Analyze statistical data, such as mortality, accident, sickness, disability, and retirement rates and construct probability tables to forecast risk and liability for payment of future benefits. May ascertain insurance rates required and cash reserves necessary to ensure payment of future benefits.",
15-0000.00,15-2000.00,15-2020.00,15-2020.00,Mathematicians,Titled,Computer and Mathematical Occupations,Mathematical Science Occupations,Broad Group,"Conduct research in fundamental mathematics or in application of mathematical techniques to science, management, and other fields. Solve problems in various fields using mathematical methods.",
15-0000.00,15-2000.00,15-2020.00,15-2021.00,Mathematicians,Role,Computer and Mathematical Occupations,Mathematical Science Occupations,Mathematicians,"Conduct research in fundamental mathematics or in application of mathematical techniques to science, management, and other fields. Solve problems in various fields using mathematical methods.",
15-0000.00,15-2000.00,15-2030.00,15-2030.00,Operations Research Analysts,Titled,Computer and Mathematical Occupations,Mathematical Science Occupations,Broad Group,"Develop or apply mathematical or statistical theory and methods to collect, organize, interpret, and summarize numerical data to provide usable information. May specialize in fields such as bio-statistics, agricultural statistics, business statistics, or economic statistics. Includes mathematical and survey statisticians.",
15-0000.00,15-2000.00,15-2030.00,15-2031.00,Operations Research Analysts,Role,Computer and Mathematical Occupations,Mathematical Science Occupations,Operations Research Analysts,"Formulate and apply mathematical modeling and other optimizing methods to develop and interpret information that assists management with decision making, policy formulation, or other managerial functions. May collect and analyze data and develop decision support software, service, or products. May develop and supply optimal time, cost, or logistics networks for program evaluation, review, or implementation.",
15-0000.00,15-2000.00,15-2040.00,15-2040.00,Statisticians,Titled,Computer and Mathematical Occupations,Mathematical Science Occupations,Broad Group,"Develop or apply mathematical or statistical methods to collect, organize, interpret, and summarize numerical data to provide usable information and identify trends.",
15-0000.00,15-2000.00,15-2040.00,15-2041.00,Statisticians,Role,Computer and Mathematical Occupations,Mathematical Science Occupations,Statisticians,"Develop or apply mathematical or statistical theory and methods to collect, organize, interpret, and summarize numerical data to provide usable information. May specialize in fields such as bio-statistics, agricultural statistics, business statistics, or economic statistics. Includes mathematical and survey statisticians.",
15-0000.00,15-2000.00,15-2040.00,15-2041.01,Biostatisticians,Role,Computer and Mathematical Occupations,Mathematical Science Occupations,Statisticians,Develop and apply biostatistical theory and methods to the study of life sciences.,
15-0000.00,15-2000.00,15-2040.00,15-2041.02,Clinical Data Managers,Role,Computer and Mathematical Occupations,Mathematical Science Occupations,Statisticians,"Apply knowledge of health care and database management to analyze clinical data, and to identify and report trends.",
15-0000.00,15-2000.00,15-2050.00,15-2050.00,Data Scientists,Titled,Computer and Mathematical Occupations,Mathematical Science Occupations,Broad Group,Data Scientists is a Broad Occupation level code of the “Computer and Mathematical Occupations” Major Occupation Category.,
15-0000.00,15-2000.00,15-2050.00,15-2051.00,Data Scientists,Role,Computer and Mathematical Occupations,Mathematical Science Occupations,Data Scientists,"Develop and implement a set of techniques or analytics applications to transform raw data into meaningful information using data-oriented programming languages and visualization software. Apply data mining, data modeling, natural language processing, and machine learning to extract and analyze information from large structured and unstructured datasets. Visualize, interpret, and report data findings. May create dynamic data reports.",
15-0000.00,15-2000.00,15-2050.00,15-2051.01,Business Intelligence Analysts,Role,Computer and Mathematical Occupations,Mathematical Science Occupations,Data Scientists,Produce financial and market intelligence by querying data repositories and generating periodic reports. Devise methods for identifying data patterns and trends in available information sources.,
15-0000.00,15-2000.00,15-2090.00,15-2090.00,Miscellaneous Mathematical Science Occupations,Titled,Computer and Mathematical Occupations,Mathematical Science Occupations,Broad Group,"Encompass mathematical science roles not otherwise classified, often involving advanced quantitative techniques or specialized applications in data and analytics.",
15-0000.00,15-2000.00,15-2090.00,15-2091.00,Mathematical Technicians,Role,Computer and Mathematical Occupations,Mathematical Science Occupations,Miscellaneous Mathematical Science Occupations,"Apply standardized mathematical formulas, principles, and methodology to technological problems in engineering and physical sciences in relation to specific industrial and research objectives, processes, equipment, and products.",
15-0000.00,15-2000.00,15-2090.00,15-2099.00,"Mathematical Science Occupations, All Other",Role,Computer and Mathematical Occupations,Mathematical Science Occupations,Miscellaneous Mathematical Science Occupations,All mathematical scientists not listed separately.,
15-0000.01,15-2000.01,15-2090.01,15-2099.01,Bioinformatics Technicians,Role,Computer and Mathematical Occupations,Mathematical Science Occupations,Miscellaneous Mathematical Science Occupations,"Apply principles and methods of bioinformatics to assist scientists in areas such as pharmaceuticals, medical technology, biotechnology, computational biology, proteomics, computer information science, biology and medical informatics. Apply bioinformatics tools to visualize, analyze, manipulate or interpret molecular data. May build and maintain databases for processing and analyzing genomic or other biological information.",
17-0000.00,17-0000.00,17-0000.00,17-0000.00,Architecture and Engineering Occupations,Major,Major Group,Major Group,Major Group,"Involves designing, planning, and building structures, systems, and technologies. Includes architects, civil engineers, mechanical engineers, and others applying scientific and mathematical principles to solve technical challenges.",
17-0000.00,17-1000.00,17-1000.00,17-1000.00,"Architects, Surveyors, and Cartographers",Main,Architecture and Engineering Occupations,Minor Group,Minor Group,"Architects, Surveyors, and Cartographers are professionals who specialize in the design and mapping of structures, land, and geographical features. This category includes occupations such as architects, landscape architects, surveyors, and cartographers.",
17-0000.00,17-1000.00,17-1010.00,17-1010.00,"Architects, Except Naval",Titled,Architecture and Engineering Occupations,"Architects, Surveyors, and Cartographers",Broad Group,"Plan and design structures—such as buildings and other physical environments—while considering functionality, aesthetics, safety, and regulatory requirements.",
17-0000.00,17-1000.00,17-1010.00,17-1011.00,"Architects, Except Landscape and Naval",Role,Architecture and Engineering Occupations,"Architects, Surveyors, and Cartographers","Architects, Except Naval","Plan and design structures, such as private residences, office buildings, theaters, factories, and other structural property.",
17-0000.00,17-1000.00,17-1010.00,17-1012.00,Landscape Architects,Role,Architecture and Engineering Occupations,"Architects, Surveyors, and Cartographers","Architects, Except Naval","Plan and design land areas for projects such as parks and other recreational facilities, airports, highways, hospitals, schools, land subdivisions, and commercial, industrial, and residential sites.",
17-0000.00,17-1000.00,17-1020.00,17-1020.00,"Surveyors, Cartographers, and Photogrammetrists",Titled,Architecture and Engineering Occupations,"Architects, Surveyors, and Cartographers",Broad Group,"Measure and map the Earth’s surface, establish property boundaries, and create detailed geographic data. May interpret aerial or satellite imagery for cartographic or photogrammetric purposes.",
17-0000.00,17-1000.00,17-1020.00,17-1021.00,Cartographers and Photogrammetrists,Role,Architecture and Engineering Occupations,"Architects, Surveyors, and Cartographers","Surveyors, Cartographers, and Photogrammetrists","Collect, analyze, and interpret geographic information provided by geodetic surveys, aerial photographs, and satellite data. Research, study, and prepare maps and other spatial data in digital or graphic form for legal, social, political, educational, and design purposes. May work with Geographic Information Systems (GIS). May design and evaluate algorithms, data structures, and user interfaces for GIS and mapping systems.",
17-0000.00,17-1000.00,17-1020.00,17-1022.00,Surveyors,Role,Architecture and Engineering Occupations,"Architects, Surveyors, and Cartographers","Surveyors, Cartographers, and Photogrammetrists","Make exact measurements and determine property boundaries. Provide data relevant to the shape, contour, gravitation, location, elevation, or dimension of land or land features on or near the earth's surface for engineering, mapmaking, mining, land evaluation, construction, and other purposes.",
17-0000.00,17-1000.00,17-1020.00,17-1022.01,Geodetic Surveyors,Role,Architecture and Engineering Occupations,"Architects, Surveyors, and Cartographers","Surveyors, Cartographers, and Photogrammetrists","Measure large areas of the Earth's surface using satellite observations, global navigation satellite systems (GNSS), light detection and ranging (LIDAR), or related sources.",
17-0000.00,17-2000.00,17-2000.00,17-2000.00,Engineers,Main,Architecture and Engineering Occupations,Minor Group,Minor Group,"Engineers are professionals who apply scientific and mathematical principles to design, develop, and improve various systems, structures, and technologies. This category includes a wide range of engineering occupations, such as civil engineers, mechanical engineers, electrical engineers, aerospace engineers, and chemical engineers, among others.",
17-0000.00,17-2000.00,17-2010.00,17-2010.00,Aerospace Engineers,Titled,Architecture and Engineering Occupations,Engineers,Broad Group,"Design, develop, and test aircraft, spacecraft, or missiles, ensuring they meet engineering principles and regulatory requirements for performance, safety, and efficiency.",
17-0000.00,17-2000.00,17-2010.00,17-2011.00,Aerospace Engineers,Role,Architecture and Engineering Occupations,Engineers,Aerospace Engineers,"Perform engineering duties in designing, constructing, and testing aircraft, missiles, and spacecraft. May conduct basic and applied research to evaluate adaptability of materials and equipment to aircraft design and manufacture. May recommend improvements in testing equipment and techniques.",
17-0000.00,17-2000.00,17-2020.00,17-2020.00,Agricultural Engineers,Titled,Architecture and Engineering Occupations,Engineers,Broad Group,"Apply engineering and biological principles to solve agricultural problems, such as designing improved machinery, irrigation systems, or pollution controls for farm operations.",
17-0000.00,17-2000.00,17-2020.00,17-2021.00,Agricultural Engineers,Role,Architecture and Engineering Occupations,Engineers,Agricultural Engineers,"Apply knowledge of engineering technology and biological science to agricultural problems concerned with power and machinery, electrification, structures, soil and water conservation, and processing of agricultural products.",
17-0000.00,17-2000.00,17-2030.00,17-2030.00,Biomedical Engineers,Titled,Architecture and Engineering Occupations,Engineers,Broad Group,"Combine knowledge of engineering, biology, and biomechanics to design and improve medical devices and procedures that enhance healthcare.",
17-0000.00,17-2000.00,17-2030.00,17-2031.00,Biomedical Engineers,Role,Architecture and Engineering Occupations,Engineers,Biomedical Engineers,"Apply knowledge of engineering, biology, and biomechanical principles to the design, development, and evaluation of biological and health systems and products, such as artificial organs, prostheses, instrumentation, medical information systems, and health management and care delivery systems.",
17-0000.00,17-2000.00,17-2040.00,17-2040.00,Chemical Engineers,Titled,Architecture and Engineering Occupations,Engineers,Broad Group,"Design and oversee processes for manufacturing chemicals and products, such as fuels, pharmaceuticals, and plastics, applying chemistry, physics, and engineering principles.",
17-0000.00,17-2000.00,17-2040.00,17-2041.00,Chemical Engineers,Role,Architecture and Engineering Occupations,Engineers,Chemical Engineers,"Design chemical plant equipment and devise processes for manufacturing chemicals and products, such as gasoline, synthetic rubber, plastics, detergents, cement, paper, and pulp, by applying principles and technology of chemistry, physics, and engineering.",
17-0000.00,17-2000.00,17-2050.00,17-2050.00,Civil Engineers,Titled,Architecture and Engineering Occupations,Engineers,Broad Group,"Plan, design, and supervise construction and maintenance of infrastructure such as roads, bridges, dams, water treatment systems, and other public works projects.",
17-0000.00,17-2000.00,17-2050.00,17-2051.00,Civil Engineers,Role,Architecture and Engineering Occupations,Engineers,Civil Engineers,"Perform engineering duties in planning, designing, and overseeing construction and maintenance of building structures, and facilities, such as roads, railroads, airports, bridges, harbors, channels, dams, irrigation projects, pipelines, power plants, and water and sewage systems.",
17-0000.00,17-2000.00,17-2050.00,17-2051.01,Transportation Engineers,Role,Architecture and Engineering Occupations,Engineers,Civil Engineers,"Develop plans for surface transportation projects, according to established engineering standards and state or federal construction policy. Prepare designs, specifications, or estimates for transportation facilities. Plan modifications of existing streets, highways, or freeways to improve traffic flow.",
17-0000.00,17-2000.00,17-2060.00,17-2060.00,Computer Hardware Engineers,Titled,Architecture and Engineering Occupations,Engineers,Broad Group,"Research, design, develop, and test computer hardware systems and components, ensuring seamless integration with software and user needs.",
17-0000.00,17-2000.00,17-2060.00,17-2061.00,Computer Hardware Engineers,Role,Architecture and Engineering Occupations,Engineers,Computer Hardware Engineers,"Research, design, develop, or test computer or computer-related equipment for commercial, industrial, military, or scientific use. May supervise the manufacturing and installation of computer or computer-related equipment and components.",
17-0000.00,17-2000.00,17-2070.00,17-2070.00,Electrical and Electronics Engineers,Titled,Architecture and Engineering Occupations,Engineers,Broad Group,"Design, develop, and evaluate electronic or electrical systems and components, ranging from power generation equipment to consumer electronics and communications systems.",
17-0000.00,17-2000.00,17-2070.00,17-2071.00,Electrical Engineers,Role,Architecture and Engineering Occupations,Engineers,Electrical and Electronics Engineers,"Research, design, develop, test, or supervise the manufacturing and installation of electrical equipment, components, or systems for commercial, industrial, military, or scientific use.",
17-0000.00,17-2000.00,17-2070.00,17-2072.00,"Electronics Engineers, Except Computer",Role,Architecture and Engineering Occupations,Engineers,Electrical and Electronics Engineers,"Research, design, develop, or test electronic components and systems for commercial, industrial, military, or scientific use employing knowledge of electronic theory and materials properties. Design electronic circuits and components for use in fields such as telecommunications, aerospace guidance and propulsion control, acoustics, or instruments and controls.",
17-0000.00,17-2000.00,17-2070.00,17-2072.01,Radio Frequency Identification Device Specialists,Role,Architecture and Engineering Occupations,Engineers,Electrical and Electronics Engineers,Design and implement radio frequency identification device (RFID) systems used to track shipments or goods.,
17-0000.00,17-2000.00,17-2080.00,17-2080.00,Environmental Engineers,Titled,Architecture and Engineering Occupations,Engineers,Broad Group,"Develop solutions to environmental problems using engineering, soil science, biology, and chemistry. Design systems to manage water, air, or soil quality, and reduce environmental impact.",
17-0000.00,17-2000.00,17-2080.00,17-2081.00,Environmental Engineers,Role,Architecture and Engineering Occupations,Engineers,Environmental Engineers,"Research, design, plan, or perform engineering duties in the prevention, control, and remediation of environmental hazards using various engineering disciplines. Work may include waste treatment, site remediation, or pollution control technology.",
17-0000.00,17-2000.00,17-2080.00,17-2081.01,Water/Wastewater Engineers,Role,Architecture and Engineering Occupations,Engineers,Environmental Engineers,"Design or oversee projects involving provision of potable water, disposal of wastewater and sewage, or prevention of flood-related damage. Prepare environmental documentation for water resources, regulatory program compliance, data management and analysis, and field work. Perform hydraulic modeling and pipeline design.",
17-0000.00,17-2000.00,17-2110.00,17-2110.00,"Industrial Engineers, Including Health and Safety",Titled,Architecture and Engineering Occupations,Engineers,Broad Group,"Design, optimize, and evaluate integrated systems for managing industrial production processes, often emphasizing efficiency, cost reduction, and worker safety.",
17-0000.00,17-2000.00,17-2110.00,17-2111.00,"Health and Safety Engineers, Except Mining Safety Engineers and Inspectors",Role,Architecture and Engineering Occupations,Engineers,"Industrial Engineers, Including Health and Safety","Promote worksite or product safety by applying knowledge of industrial processes, mechanics, chemistry, psychology, and industrial health and safety laws. Includes industrial product safety engineers.",
17-0000.00,17-2000.00,17-2110.00,17-2111.01,Industrial Safety and Health Engineers,Role,Architecture and Engineering Occupations,Engineers,"Industrial Engineers, Including Health and Safety","Plan, implement, and coordinate safety programs, requiring application of engineering principles and technology, to prevent or correct unsafe environmental working conditions.",
17-0000.00,17-2000.00,17-2110.00,17-2111.02,Fire-Prevention and Protection Engineers,Role,Architecture and Engineering Occupations,Engineers,"Industrial Engineers, Including Health and Safety","Research causes of fires, determine fire protection methods, and design or recommend materials or equipment such as structural components or fire-detection equipment to assist organizations in safeguarding life and property against fire, explosion, and related hazards.",
17-0000.00,17-2000.00,17-2110.00,17-2111.03,Product Safety Engineers,Role,Architecture and Engineering Occupations,Engineers,"Industrial Engineers, Including Health and Safety",Develop and conduct tests to evaluate product safety levels and recommend measures to reduce or eliminate hazards.,
17-0000.00,17-2000.00,17-2110.00,17-2112.00,Industrial Engineers,Role,Architecture and Engineering Occupations,Engineers,"Industrial Engineers, Including Health and Safety","Design, develop, test, and evaluate integrated systems for managing industrial production processes, including human work factors, quality control, inventory control, logistics and material flow, cost analysis, and production coordination.",
17-0000.00,17-2000.00,17-2110.00,17-2112.01,Human Factors Engineers and Ergonomists,Role,Architecture and Engineering Occupations,Engineers,"Industrial Engineers, Including Health and Safety","Design objects, facilities, and environments to optimize human well-being and overall system performance, applying theory, principles, and data regarding the relationship between humans and respective technology. Investigate and analyze characteristics of human behavior and performance as it relates to the use of technology.",
17-0000.01,17-2000.01,17-2110.01,17-2112.02,Validation Engineers,Role,Architecture and Engineering Occupations,Engineers,"Industrial Engineers, Including Health and Safety","Design or plan protocols for equipment or processes to produce products meeting internal and external purity, safety, and quality requirements.",
17-0000.02,17-2000.02,17-2110.02,17-2112.03,Manufacturing Engineers,Role,Architecture and Engineering Occupations,Engineers,"Industrial Engineers, Including Health and Safety","Design, integrate, or improve manufacturing systems or related processes. May work with commercial or industrial designers to refine product designs to increase producibility and decrease costs.",
17-0000.00,17-2000.00,17-2120.00,17-2120.00,Marine Engineers and Naval Architects,Titled,Architecture and Engineering Occupations,Engineers,Broad Group,"Design, develop, and evaluate the construction, operation, and maintenance of ships, submarines, and other marine vessels. Analyze hulls, propulsion systems, and other components.",
17-0000.00,17-2000.00,17-2120.00,17-2121.00,Marine Engineers and Naval Architects,Role,Architecture and Engineering Occupations,Engineers,Marine Engineers and Naval Architects,"Design, develop, and evaluate the operation of marine vessels, ship machinery, and related equipment, such as power supply and propulsion systems.",
17-0000.00,17-2000.00,17-2120.00,17-2121.01,Marine Engineers,Role,Architecture and Engineering Occupations,Engineers,Marine Engineers and Naval Architects,"Design, develop, and take responsibility for the installation of ship machinery and related equipment including propulsion machines and power supply systems.",
17-0000.00,17-2000.00,17-2120.00,17-2121.02,Marine Architects,Role,Architecture and Engineering Occupations,Engineers,Marine Engineers and Naval Architects,"Design and oversee construction and repair of marine craft and floating structures such as ships, barges, tugs, dredges, submarines, torpedoes, floats, and buoys. May confer with marine engineers.",
17-0000.00,17-2000.00,17-2130.00,17-2130.00,Materials Engineers,Titled,Architecture and Engineering Occupations,Engineers,Broad Group,"Evaluate and develop materials for specific uses. Study and create new materials—like metals, polymers, and composites—to meet specialized performance requirements in products or systems.",
17-0000.00,17-2000.00,17-2130.00,17-2131.00,Materials Engineers,Role,Architecture and Engineering Occupations,Engineers,Materials Engineers,"Evaluate materials and develop machinery and processes to manufacture materials for use in products that must meet specialized design and performance specifications. Develop new uses for known materials. Includes those engineers working with composite materials or specializing in one type of material, such as graphite, metal and metal alloys, ceramics and glass, plastics and polymers, and naturally occurring materials. Includes metallurgists and metallurgical engineers, ceramic engineers, and welding engineers.",
17-0000.00,17-2000.00,17-2140.00,17-2140.00,Mechanical Engineers,Titled,Architecture and Engineering Occupations,Engineers,Broad Group,"Research, design, develop, and test mechanical devices and systems, including engines, machines, and tools, focusing on improving efficiency and safety.",
17-0000.00,17-2000.00,17-2140.00,17-2141.00,Mechanical Engineers,Role,Architecture and Engineering Occupations,Engineers,Mechanical Engineers,"Perform engineering duties in planning and designing tools, engines, machines, and other mechanically functioning equipment. Oversee installation, operation, maintenance, and repair of equipment such as centralized heat, gas, water, and steam systems.",
17-0000.00,17-2000.00,17-2140.00,17-2141.01,Fuel Cell Engineers,Role,Architecture and Engineering Occupations,Engineers,Mechanical Engineers,"Design, evaluate, modify, or construct fuel cell components or systems for transportation, stationary, or portable applications.",
17-0000.00,17-2000.00,17-2140.00,17-2141.02,Automotive Engineers,Role,Architecture and Engineering Occupations,Engineers,Mechanical Engineers,"Develop new or improved designs for vehicle structural members, engines, transmissions, or other vehicle systems, using computer-assisted design technology. Direct building, modification, or testing of vehicle or components.",
17-0000.00,17-2000.00,17-2150.00,17-2150.00,"Mining and Geological Engineers, Including Mining Safety Engineers",Titled,Architecture and Engineering Occupations,Engineers,Broad Group,"Plan and oversee mining operations for safe, efficient extraction of minerals. Evaluate potential mine locations, design extraction processes, and implement safety measures.",
17-0000.00,17-2000.00,17-2150.00,17-2151.00,"Mining and Geological Engineers, Including Mining Safety Engineers",Role,Architecture and Engineering Occupations,Engineers,"Mining and Geological Engineers, Including Mining Safety Engineers","Conduct sub-surface surveys to identify the characteristics of potential land or mining development sites. May specify the ground support systems, processes and equipment for safe, economical, and environmentally sound extraction or underground construction activities. May inspect areas for unsafe geological conditions, equipment, and working conditions. May design, implement, and coordinate mine safety programs.",
17-0000.00,17-2000.00,17-2160.00,17-2160.00,Nuclear Engineers,Titled,Architecture and Engineering Occupations,Engineers,Broad Group,"Research and apply nuclear science principles to problems involving nuclear energy, radiation, nuclear waste disposal, and related systems.",
17-0000.00,17-2000.00,17-2160.00,17-2161.00,Nuclear Engineers,Role,Architecture and Engineering Occupations,Engineers,Nuclear Engineers,"Conduct research on nuclear engineering projects or apply principles and theory of nuclear science to problems concerned with release, control, and use of nuclear energy and nuclear waste disposal.",
17-0000.00,17-2000.00,17-2170.00,17-2170.00,Petroleum Engineers,Titled,Architecture and Engineering Occupations,Engineers,Broad Group,Design methods for extracting oil and gas from deposits below the Earth’s surface. Oversee drilling and production operations and develop new techniques to enhance recovery.,
17-0000.00,17-2000.00,17-2170.00,17-2171.00,Petroleum Engineers,Role,Architecture and Engineering Occupations,Engineers,Petroleum Engineers,Devise methods to improve oil and gas extraction and production and determine the need for new or modified tool designs. Oversee drilling and offer technical advice.,
17-0000.00,17-2000.00,17-2190.00,17-2190.00,Miscellaneous Engineers,Titled,Architecture and Engineering Occupations,Engineers,Broad Group,"Perform specialized engineering duties not classified under other engineering roles, often in cutting-edge or highly specialized areas.",
17-0000.00,17-2000.00,17-2190.00,17-2199.00,"Engineers, All Other",Role,Architecture and Engineering Occupations,Engineers,Miscellaneous Engineers,All engineers not listed separately.,
17-0000.00,17-2000.00,17-2190.00,17-2199.01,Biochemical Engineers,Role,Architecture and Engineering Occupations,Engineers,Miscellaneous Engineers,"Develop usable, tangible products, using knowledge of biology, chemistry, or engineering. Solve problems related to materials, systems, or processes that interact with humans, plants, animals, microorganisms, or biological materials.",
17-0000.00,17-2000.00,17-2190.00,17-2199.02,Validation Engineers,Role,Architecture and Engineering Occupations,Engineers,Miscellaneous Engineers,"Design or plan protocols for equipment or processes to produce products meeting internal and external purity, safety, and quality requirements.",
17-0000.00,17-2000.00,17-2190.00,17-2199.03,Energy Engineers,Role,Architecture and Engineering Occupations,Engineers,Miscellaneous Engineers,"Design, develop, or evaluate energy-related projects or programs to reduce energy costs or improve energy efficiency during the designing, building, or remodeling stages of construction. May specialize in electrical systems; heating, ventilation, and air-conditioning (HVAC) systems; green buildings; lighting; air quality; or energy procurement.",
17-0000.00,17-2000.00,17-2190.00,17-2199.04,Manufacturing Engineers,Role,Architecture and Engineering Occupations,Engineers,Miscellaneous Engineers,"Design, integrate, or improve manufacturing systems or related processes. May work with commercial or industrial designers to refine product designs to increase producibility and decrease costs.",
17-0000.00,17-2000.00,17-2190.00,17-2199.05,Mechatronics Engineers,Role,Architecture and Engineering Occupations,Engineers,Miscellaneous Engineers,"Research, design, develop, or test automation, intelligent systems, smart devices, or industrial systems control.",
17-0000.00,17-2000.00,17-2190.00,17-2199.06,Microsystems Engineers,Role,Architecture and Engineering Occupations,Engineers,Miscellaneous Engineers,"Research, design, develop, or test microelectromechanical systems (MEMS) devices.",
17-0000.00,17-2000.00,17-2190.00,17-2199.07,Photonics Engineers,Role,Architecture and Engineering Occupations,Engineers,Miscellaneous Engineers,"Design technologies specializing in light information or light energy, such as laser or fiber optics technology.",
17-0000.00,17-2000.00,17-2190.00,17-2199.08,Robotics Engineers,Role,Architecture and Engineering Occupations,Engineers,Miscellaneous Engineers,"Research, design, develop, or test robotic applications.",
17-0000.00,17-2000.00,17-2190.00,17-2199.09,Nanosystems Engineers,Role,Architecture and Engineering Occupations,Engineers,Miscellaneous Engineers,"Design, develop, or supervise the production of materials, devices, or systems of unique molecular or macromolecular composition, applying principles of nanoscale physics and electrical, chemical, or biological engineering.",
17-0000.00,17-2000.00,17-2190.00,17-2199.10,Wind Energy Engineers,Role,Architecture and Engineering Occupations,Engineers,Miscellaneous Engineers,Design underground or overhead wind farm collector systems and prepare and develop site specifications.,
17-0000.00,17-2000.00,17-2190.00,17-2199.11,Solar Energy Systems Engineers,Role,Architecture and Engineering Occupations,Engineers,Miscellaneous Engineers,"Perform site-specific engineering analysis or evaluation of energy efficiency and solar projects involving residential, commercial, or industrial customers. Design solar domestic hot water and space heating systems for new and existing structures, applying knowledge of structural energy requirements, local climates, solar technology, and thermodynamics.",
17-0000.00,17-3000.00,17-3000.00,17-3000.00,"Drafters, Engineering Technicians, and Mapping Technicians",Main,Architecture and Engineering Occupations,Minor Group,Minor Group,"Drafters, Engineering Technicians, and Mapping Technicians provide technical support and assist engineers, architects, and surveyors in various stages of design, development, and mapping processes.",
17-0000.00,17-3000.00,17-3010.00,17-3010.00,Drafters,Titled,Architecture and Engineering Occupations,"Drafters, Engineering Technicians, and Mapping Technicians",Broad Group,"Create detailed technical drawings and plans for buildings, structures, or products using computer-aided design (CAD) software.",
17-0000.00,17-3000.00,17-3010.00,17-3011.00,Architectural and Civil Drafters,Role,Architecture and Engineering Occupations,"Drafters, Engineering Technicians, and Mapping Technicians",Drafters,"Prepare detailed drawings of architectural and structural features of buildings or drawings and topographical relief maps used in civil engineering projects, such as highways, bridges, and public works. Use knowledge of building materials, engineering practices, and mathematics to complete drawings.",
17-0000.00,17-3000.00,17-3010.00,17-3011.01,Architectural Drafters,Role,Architecture and Engineering Occupations,"Drafters, Engineering Technicians, and Mapping Technicians",Drafters,Prepare detailed drawings of architectural designs and plans for buildings and structures according to specifications provided by architect.,
17-0000.00,17-3000.00,17-3010.00,17-3011.02,Civil Drafters,Role,Architecture and Engineering Occupations,"Drafters, Engineering Technicians, and Mapping Technicians",Drafters,"Prepare drawings and topographical and relief maps used in civil engineering projects, such as highways, bridges, pipelines, flood control projects, and water and sewerage control systems.",
17-0000.00,17-3000.00,17-3010.00,17-3012.00,Electrical and Electronics Drafters,Role,Architecture and Engineering Occupations,"Drafters, Engineering Technicians, and Mapping Technicians",Drafters,"Prepare wiring diagrams, circuit board assembly diagrams, and layout drawings used for the manufacture, installation, or repair of electrical equipment.",
17-0000.00,17-3000.00,17-3010.00,17-3012.01,Electronic Drafters,Role,Architecture and Engineering Occupations,"Drafters, Engineering Technicians, and Mapping Technicians",Drafters,"Draw wiring diagrams, circuit board assembly diagrams, schematics, and layout drawings used for manufacture, installation, and repair of electronic equipment.",
17-0000.00,17-3000.00,17-3010.00,17-3012.02,Electrical Drafters,Role,Architecture and Engineering Occupations,"Drafters, Engineering Technicians, and Mapping Technicians",Drafters,"Develop specifications and instructions for installation of voltage transformers, overhead or underground cables, and related electrical equipment used to conduct electrical energy from transmission lines or high-voltage distribution lines to consumers.",
17-0000.00,17-3000.00,17-3010.00,17-3013.00,Mechanical Drafters,Role,Architecture and Engineering Occupations,"Drafters, Engineering Technicians, and Mapping Technicians",Drafters,"Prepare detailed working diagrams of machinery and mechanical devices, including dimensions, fastening methods, and other engineering information.",
17-0000.00,17-3000.00,17-3010.00,17-3019.00,"Drafters, All Other",Role,Architecture and Engineering Occupations,"Drafters, Engineering Technicians, and Mapping Technicians",Drafters,All drafters not listed separately.,
17-0000.00,17-3000.00,17-3020.00,17-3020.00,"Engineering Technicians, Except Drafters",Titled,Architecture and Engineering Occupations,"Drafters, Engineering Technicians, and Mapping Technicians",Broad Group,"Support engineers in research, development, design, or production. Collect data, run tests, set up equipment, and help ensure quality in engineering processes.",
17-0000.00,17-3000.00,17-3020.00,17-3021.00,Aerospace Engineering and Operations Technicians,Role,Architecture and Engineering Occupations,"Drafters, Engineering Technicians, and Mapping Technicians","Engineering Technicians, Except Drafters","Operate, install, calibrate, and maintain integrated computer/communications systems, consoles, simulators, and other data acquisition, test, and measurement instruments and equipment, which are used to launch, track, position, and evaluate air and space vehicles. May record and interpret test data.",
17-0000.00,17-3000.00,17-3020.00,17-3022.00,Civil Engineering Technicians,Role,Architecture and Engineering Occupations,"Drafters, Engineering Technicians, and Mapping Technicians","Engineering Technicians, Except Drafters","Apply theory and principles of civil engineering in planning, designing, and overseeing construction and maintenance of structures and facilities under the direction of engineering staff or physical scientists.",
17-0000.00,17-3000.00,17-3020.00,17-3023.00,Electrical and Electronics Engineering Technicians,Role,Architecture and Engineering Occupations,"Drafters, Engineering Technicians, and Mapping Technicians","Engineering Technicians, Except Drafters","Apply electrical and electronic theory and related knowledge, usually under the direction of engineering staff, to design, build, repair, calibrate, and modify electrical components, circuitry, controls, and machinery for subsequent evaluation and use by engineering staff in making engineering design decisions.",
17-0000.00,17-3000.00,17-3020.00,17-3023.01,Electronics Engineering Technicians,Role,Architecture and Engineering Occupations,"Drafters, Engineering Technicians, and Mapping Technicians","Engineering Technicians, Except Drafters","Lay out, build, test, troubleshoot, repair, and modify developmental and production electronic components, parts, equipment, and systems, such as computer equipment, missile control instrumentation, electron tubes, test equipment, and machine tool numerical controls, applying principles and theories of electronics, electrical circuitry, engineering mathematics, electronic and electrical testing, and physics. Usually work under direction of engineering staff.",
17-0000.00,17-3000.00,17-3020.00,17-3023.03,Electrical Engineering Technicians,Role,Architecture and Engineering Occupations,"Drafters, Engineering Technicians, and Mapping Technicians","Engineering Technicians, Except Drafters",Test or modify developmental or operational electrical machinery or electrical control equipment and circuitry in industrial or commercial plants or laboratories. Usually work under direction of engineers or technologists.,
17-0000.00,17-3000.00,17-3020.00,17-3024.00,Electro-Mechanical Technicians,Role,Architecture and Engineering Occupations,"Drafters, Engineering Technicians, and Mapping Technicians","Engineering Technicians, Except Drafters","Operate, test, maintain, or calibrate unmanned, automated, servo-mechanical, or electromechanical equipment. May operate unmanned submarines, aircraft, or other equipment at worksites, such as oil rigs, deep ocean exploration, or hazardous waste removal. May assist engineers in testing and designing robotics equipment.",
17-0000.00,17-3000.00,17-3020.00,17-3024.01,Robotics Technicians,Role,Architecture and Engineering Occupations,"Drafters, Engineering Technicians, and Mapping Technicians","Engineering Technicians, Except Drafters","Build, install, test, or maintain robotic equipment or related automated production systems.",
17-0000.00,17-3000.00,17-3020.00,17-3025.00,Environmental Engineering Technicians,Role,Architecture and Engineering Occupations,"Drafters, Engineering Technicians, and Mapping Technicians","Engineering Technicians, Except Drafters","Apply theory and principles of environmental engineering to modify, test, and operate equipment and devices used in the prevention, control, and remediation of environmental problems, including waste treatment and site remediation, under the direction of engineering staff or scientist. May assist in the development of environmental remediation devices.",
17-0000.00,17-3000.00,17-3020.00,17-3026.00,Industrial Engineering Technicians,Role,Architecture and Engineering Occupations,"Drafters, Engineering Technicians, and Mapping Technicians","Engineering Technicians, Except Drafters","Apply engineering theory and principles to problems of industrial layout or manufacturing production, usually under the direction of engineering staff. May perform time and motion studies on worker operations in a variety of industries for purposes such as establishing standard production rates or improving efficiency.",
17-0000.00,17-3000.00,17-3020.00,17-3026.01,Nanotechnology Engineering Technologists and Technicians,Role,Architecture and Engineering Occupations,"Drafters, Engineering Technicians, and Mapping Technicians","Engineering Technicians, Except Drafters","Implement production processes and operate commercial-scale production equipment to produce, test, or modify materials, devices, or systems of unique molecular or macromolecular composition. Operate advanced microscopy equipment to manipulate nanoscale objects. Work under the supervision of nanoengineering staff.",
17-0000.00,17-3000.00,17-3020.00,17-3027.00,Mechanical Engineering Technicians,Role,Architecture and Engineering Occupations,"Drafters, Engineering Technicians, and Mapping Technicians","Engineering Technicians, Except Drafters","Apply theory and principles of mechanical engineering to modify, develop, test, or calibrate machinery and equipment under direction of engineering staff or physical scientists.",
17-0000.00,17-3000.00,17-3020.00,17-3027.01,Automotive Engineering Technicians,Role,Architecture and Engineering Occupations,"Drafters, Engineering Technicians, and Mapping Technicians","Engineering Technicians, Except Drafters","Assist engineers in determining the practicality of proposed product design changes and plan and carry out tests on experimental test devices or equipment for performance, durability, or efficiency.",
17-0000.00,17-3000.00,17-3020.00,17-3028.00,Calibration Technologists and Technicians,Role,Architecture and Engineering Occupations,"Drafters, Engineering Technicians, and Mapping Technicians","Engineering Technicians, Except Drafters","Execute or adapt procedures and techniques for calibrating measurement devices, by applying knowledge of measurement science, mathematics, physics, chemistry, and electronics, sometimes under the direction of engineering staff. Determine measurement standard suitability for calibrating measurement devices. May perform preventive maintenance on equipment. May perform corrective actions to address identified calibration problems.",
17-0000.00,17-3000.00,17-3020.00,17-3029.00,"Engineering Technicians, Except Drafters, All Other",Role,Architecture and Engineering Occupations,"Drafters, Engineering Technicians, and Mapping Technicians","Engineering Technicians, Except Drafters","All engineering technicians, except drafters, not listed separately.",
17-0000.00,17-3000.00,17-3020.00,17-3029.01,Non-Destructive Testing Specialists,Role,Architecture and Engineering Occupations,"Drafters, Engineering Technicians, and Mapping Technicians","Engineering Technicians, Except Drafters","Test the safety of structures, vehicles, or vessels using x-ray, ultrasound, fiber optic or related equipment.",
17-0000.00,17-3000.00,17-3020.00,17-3029.02,Electrical Engineering Technologists,Role,Architecture and Engineering Occupations,"Drafters, Engineering Technicians, and Mapping Technicians","Engineering Technicians, Except Drafters","Assist electrical engineers in such activities as process control, electrical power distribution, or instrumentation design. May prepare layouts of electrical transmission or distribution systems, supervise the flow of work, estimate project costs, or participate in research studies.",
17-0000.00,17-3000.00,17-3020.00,17-3029.03,Electromechanical Engineering Technologists,Role,Architecture and Engineering Occupations,"Drafters, Engineering Technicians, and Mapping Technicians","Engineering Technicians, Except Drafters","Assist electromechanical engineers in such activities as computer-based process control, instrumentation, or machine design. May prepare layouts of machinery or equipment, plan the flow of work, conduct statistical studies, or analyze production costs.",
17-0000.00,17-3000.00,17-3020.00,17-3029.04,Electronics Engineering Technologists,Role,Architecture and Engineering Occupations,"Drafters, Engineering Technicians, and Mapping Technicians","Engineering Technicians, Except Drafters",Assist electronics engineers in such activities as electronics systems and instrumentation design or digital signal processing.,
17-0000.00,17-3000.00,17-3020.00,17-3029.05,Industrial Engineering Technologists,Role,Architecture and Engineering Occupations,"Drafters, Engineering Technicians, and Mapping Technicians","Engineering Technicians, Except Drafters","Assist industrial engineers in such activities as quality control, inventory control, or material flow methods. May conduct statistical studies or analyze production costs.",
17-0000.00,17-3000.00,17-3020.00,17-3029.06,Manufacturing Engineering Technologists,Role,Architecture and Engineering Occupations,"Drafters, Engineering Technicians, and Mapping Technicians","Engineering Technicians, Except Drafters","Develop tools, implement designs, or integrate machinery, equipment, or computer technologies to ensure effective manufacturing processes.",
17-0000.00,17-3000.00,17-3020.00,17-3029.07,Mechanical Engineering Technologists,Role,Architecture and Engineering Occupations,"Drafters, Engineering Technicians, and Mapping Technicians","Engineering Technicians, Except Drafters","Assist mechanical engineers in such activities as generation, transmission, or use of mechanical or fluid energy. Prepare layouts of machinery or equipment or plan the flow of work. May conduct statistical studies or analyze production costs.",
17-0000.00,17-3000.00,17-3020.00,17-3029.08,Photonics Technicians,Role,Architecture and Engineering Occupations,"Drafters, Engineering Technicians, and Mapping Technicians","Engineering Technicians, Except Drafters","Build, install, test, or maintain optical or fiber optic equipment, such as lasers, lenses, or mirrors, using spectrometers, interferometers, or related equipment.",
17-0000.00,17-3000.00,17-3020.00,17-3029.09,Manufacturing Production Technicians,Role,Architecture and Engineering Occupations,"Drafters, Engineering Technicians, and Mapping Technicians","Engineering Technicians, Except Drafters","Set up, test, and adjust manufacturing machinery or equipment, using any combination of electrical, electronic, mechanical, hydraulic, pneumatic, or computer technologies.",
17-0000.00,17-3000.00,17-3020.00,17-3029.10,Fuel Cell Technicians,Role,Architecture and Engineering Occupations,"Drafters, Engineering Technicians, and Mapping Technicians","Engineering Technicians, Except Drafters","Install, operate, or maintain integrated fuel cell systems in transportation, stationary, or portable applications.",
17-0000.00,17-3000.00,17-3020.00,17-3029.11,Nanotechnology Engineering Technologists,Role,Architecture and Engineering Occupations,"Drafters, Engineering Technicians, and Mapping Technicians","Engineering Technicians, Except Drafters","Implement production processes for nanoscale designs to produce or modify materials, devices, or systems of unique molecular or macromolecular composition. Operate advanced microscopy equipment to manipulate nanoscale objects. Work under the supervision of nanoengineering staff.",
17-0000.00,17-3000.00,17-3020.00,17-3029.12,Nanotechnology Engineering Technicians,Role,Architecture and Engineering Occupations,"Drafters, Engineering Technicians, and Mapping Technicians","Engineering Technicians, Except Drafters","Operate commercial-scale production equipment to produce, test, or modify materials, devices, or systems of molecular or macromolecular composition. Work under the supervision of engineering staff.",
17-0000.00,17-3000.00,17-3030.00,17-3030.00,Surveying and Mapping Technicians,Titled,Architecture and Engineering Occupations,"Drafters, Engineering Technicians, and Mapping Technicians",Broad Group,"Assist surveyors and cartographers by collecting data in the field, verifying measurements, drafting maps, and updating geographic information systems.",
17-0000.00,17-3000.00,17-3030.00,17-3031.00,Surveying and Mapping Technicians,Role,Architecture and Engineering Occupations,"Drafters, Engineering Technicians, and Mapping Technicians",Surveying and Mapping Technicians,"Perform surveying and mapping duties, usually under the direction of an engineer, surveyor, cartographer, or photogrammetrist to obtain data used for construction, mapmaking, boundary location, mining, or other purposes. May calculate mapmaking information and create maps from source data, such as surveying notes, aerial photography, satellite data, or other maps to show topographical features, political boundaries, and other features. May verify accuracy and completeness of maps.",
17-0000.00,17-3000.00,17-3030.00,17-3031.01,Surveying Technicians,Role,Architecture and Engineering Occupations,"Drafters, Engineering Technicians, and Mapping Technicians",Surveying and Mapping Technicians,"Adjust and operate surveying instruments, such as the theodolite and electronic distance-measuring equipment, and compile notes, make sketches and enter data into computers.",
17-0000.00,17-3000.00,17-3030.00,17-3031.02,Mapping Technicians,Role,Architecture and Engineering Occupations,"Drafters, Engineering Technicians, and Mapping Technicians",Surveying and Mapping Technicians,"Calculate mapmaking information from field notes, and draw and verify accuracy of topographical maps.",
19-0000.00,19-0000.00,19-0000.00,19-0000.00,"Life, Physical, and Social Science Occupations",Major,Major Group,Major Group,Major Group,"Includes scientists and researchers who study living organisms, physical phenomena, and social systems. Examples range from chemists and biologists to sociologists and economists, often working in labs, field settings, or academic institutions.",
19-0000.00,19-1000.00,19-1000.00,19-1000.00,Life Scientists,Main,"Life, Physical, and Social Science Occupations",Minor Group,Minor Group,"Life Scientists are professionals who study living organisms and their interactions with the environment. This category includes various occupations related to biological and life sciences, such as biochemists, biophysicists, microbiologists, zoologists, and botanists, among others.",
19-0000.00,19-1000.00,19-1010.00,19-1010.00,Agricultural and Food Scientists,Titled,"Life, Physical, and Social Science Occupations",Life Scientists,Broad Group,"Research ways to improve the efficiency and safety of agricultural establishments and food products. Study soil composition, pest control, breeding, or processing techniques.",
19-0000.00,19-1000.00,19-1010.00,19-1011.00,Animal Scientists,Role,"Life, Physical, and Social Science Occupations",Life Scientists,Agricultural and Food Scientists,"Conduct research in the genetics, nutrition, reproduction, growth, and development of domestic farm animals.",
19-0000.00,19-1000.00,19-1010.00,19-1012.00,Food Scientists and Technologists,Role,"Life, Physical, and Social Science Occupations",Life Scientists,Agricultural and Food Scientists,"Use chemistry, microbiology, engineering, and other sciences to study the principles underlying the processing and deterioration of foods; analyze food content to determine levels of vitamins, fat, sugar, and protein; discover new food sources; research ways to make processed foods safe, palatable, and healthful; and apply food science knowledge to determine best ways to process, package, preserve, store, and distribute food.",
19-0000.00,19-1000.00,19-1010.00,19-1013.00,Soil and Plant Scientists,Role,"Life, Physical, and Social Science Occupations",Life Scientists,Agricultural and Food Scientists,"Conduct research in breeding, physiology, production, yield, and management of crops and agricultural plants or trees, shrubs, and nursery stock, their growth in soils, and control of pests; or study the chemical, physical, biological, and mineralogical composition of soils as they relate to plant or crop growth. May classify and map soils and investigate effects of alternative practices on soil and crop productivity.",
19-0000.00,19-1000.00,19-1020.00,19-1020.00,Biological Scientists,Titled,"Life, Physical, and Social Science Occupations",Life Scientists,Broad Group,"Study living organisms and their relationship to the environment, potentially specializing in fields like microbiology, ecology, zoology, or genetics.",
19-0000.00,19-1000.00,19-1020.00,19-1020.01,Biologists,Role,"Life, Physical, and Social Science Occupations",Life Scientists,Biological Scientists,"Research or study basic principles of plant and animal life, such as origin, relationship, development, anatomy, and functions.",
19-0000.00,19-1000.00,19-1020.00,19-1021.00,Biochemists and Biophysicists,Role,"Life, Physical, and Social Science Occupations",Life Scientists,Biological Scientists,"Study the chemical composition or physical principles of living cells and organisms, their electrical and mechanical energy, and related phenomena. May conduct research to further understanding of the complex chemical combinations and reactions involved in metabolism, reproduction, growth, and heredity. May determine the effects of foods, drugs, serums, hormones, and other substances on tissues and vital processes of living organisms.",
19-0000.00,19-1000.00,19-1020.00,19-1022.00,Microbiologists,Role,"Life, Physical, and Social Science Occupations",Life Scientists,Biological Scientists,"Investigate the growth, structure, development, and other characteristics of microscopic organisms, such as bacteria, algae, or fungi. Includes medical microbiologists who study the relationship between organisms and disease or the effects of antibiotics on microorganisms.",
19-0000.00,19-1000.00,19-1020.00,19-1023.00,Zoologists and Wildlife Biologists,Role,"Life, Physical, and Social Science Occupations",Life Scientists,Biological Scientists,"Study the origins, behavior, diseases, genetics, and life processes of animals and wildlife. May specialize in wildlife research and management. May collect and analyze biological data to determine the environmental effects of present and potential use of land and water habitats.",
19-0000.00,19-1000.00,19-1020.00,19-1029.00,"Biological Scientists, All Other",Role,"Life, Physical, and Social Science Occupations",Life Scientists,Biological Scientists,All biological scientists not listed separately.,
19-0000.00,19-1000.00,19-1020.00,19-1029.01,Bioinformatics Scientists,Role,"Life, Physical, and Social Science Occupations",Life Scientists,Biological Scientists,"Conduct research using bioinformatics theory and methods in areas such as pharmaceuticals, medical technology, biotechnology, computational biology, proteomics, computer information science, biology and medical informatics. May design databases and develop algorithms for processing and analyzing genomic information, or other biological information.",
19-0000.00,19-1000.00,19-1020.00,19-1029.02,Molecular and Cellular Biologists,Role,"Life, Physical, and Social Science Occupations",Life Scientists,Biological Scientists,Research and study cellular molecules and organelles to understand cell function and organization.,
19-0000.00,19-1000.00,19-1020.00,19-1029.03,Geneticists,Role,"Life, Physical, and Social Science Occupations",Life Scientists,Biological Scientists,"Research and study the inheritance of traits at the molecular, organism or population level. May evaluate or treat patients with genetic disorders.",
19-0000.00,19-1000.00,19-1020.00,19-1029.04,Biologists,Role,"Life, Physical, and Social Science Occupations",Life Scientists,Biological Scientists,"Research or study basic principles of plant and animal life, such as origin, relationship, development, anatomy, and functions.",
19-0000.00,19-1000.00,19-1030.00,19-1030.00,Conservation Scientists and Foresters,Titled,"Life, Physical, and Social Science Occupations",Life Scientists,Broad Group,"Manage and protect natural resources by advising on forest management, soil conservation, and land-use planning. May develop sustainable resource management strategies.",
19-0000.00,19-1000.00,19-1030.00,19-1031.00,Conservation Scientists,Role,"Life, Physical, and Social Science Occupations",Life Scientists,Conservation Scientists and Foresters,"Manage, improve, and protect natural resources to maximize their use without damaging the environment. May conduct soil surveys and develop plans to eliminate soil erosion or to protect rangelands. May instruct farmers, agricultural production managers, or ranchers in best ways to use crop rotation, contour plowing, or terracing to conserve soil and water; in the number and kind of livestock and forage plants best suited to particular ranges; and in range and farm improvements, such as fencing and reservoirs for stock watering.",
19-0000.00,19-1000.00,19-1030.00,19-1031.01,Soil and Water Conservationists,Role,"Life, Physical, and Social Science Occupations",Life Scientists,Conservation Scientists and Foresters,"Plan or develop coordinated practices for soil erosion control, soil or water conservation, or sound land use.",
19-0000.00,19-1000.00,19-1030.00,19-1031.02,Range Managers,Role,"Life, Physical, and Social Science Occupations",Life Scientists,Conservation Scientists and Foresters,"Research or study range land management practices to provide sustained production of forage, livestock, and wildlife.",
19-0000.00,19-1000.00,19-1030.00,19-1031.03,Park Naturalists,Role,"Life, Physical, and Social Science Occupations",Life Scientists,Conservation Scientists and Foresters,"Plan, develop, and conduct programs to inform public of historical, natural, and scientific features of national, state, or local park.",
19-0000.00,19-1000.00,19-1030.00,19-1032.00,Foresters,Role,"Life, Physical, and Social Science Occupations",Life Scientists,Conservation Scientists and Foresters,"Manage public and private forested lands for economic, recreational, and conservation purposes. May inventory the type, amount, and location of standing timber, appraise the timber's worth, negotiate the purchase, and draw up contracts for procurement. May determine how to conserve wildlife habitats, creek beds, water quality, and soil stability, and how best to comply with environmental regulations. May devise plans for planting and growing new trees, monitor trees for healthy growth, and determine optimal harvesting schedules.",
19-0000.00,19-1000.00,19-1040.00,19-1040.00,Medical Scientists,Titled,"Life, Physical, and Social Science Occupations",Life Scientists,Broad Group,"Conduct research aimed at improving overall human health. Investigate diseases or medical conditions, develop methods of prevention, and create or test medical devices or new treatments.",
19-0000.00,19-1000.00,19-1040.00,19-1041.00,Epidemiologists,Role,"Life, Physical, and Social Science Occupations",Life Scientists,Medical Scientists,"Investigate and describe the determinants and distribution of disease, disability, or health outcomes. May develop the means for prevention and control.",
19-0000.00,19-1000.00,19-1040.00,19-1042.00,"Medical Scientists, Except Epidemiologists",Role,"Life, Physical, and Social Science Occupations",Life Scientists,Medical Scientists,"Conduct research dealing with the understanding of human diseases and the improvement of human health. Engage in clinical investigation, research and development, or other related activities. Includes physicians, dentists, public health specialists, pharmacologists, and medical pathologists who primarily conduct research.",
19-0000.00,19-1000.00,19-1090.00,19-1090.00,Miscellaneous Life Scientists,Titled,"Life, Physical, and Social Science Occupations",Life Scientists,Broad Group,"Perform biological or life science work not classified under other roles, possibly in emerging or interdisciplinary fields such as genetics, bioinformatics, or synthetic biology.",
19-0000.00,19-1000.00,19-1090.00,19-1099.00,"Life Scientists, All Other",Role,"Life, Physical, and Social Science Occupations",Life Scientists,Miscellaneous Life Scientists,All life scientists not listed separately.,
19-0000.00,19-2000.00,19-2000.00,19-2000.00,Physical Scientists,Main,"Life, Physical, and Social Science Occupations",Minor Group,Minor Group,"Physical Scientists are professionals who study the physical properties, composition, and behavior of matter and natural phenomena. This category includes various occupations related to physical sciences, such as physicists, astronomers, chemists, and geoscientists, among others.",
19-0000.00,19-2000.00,19-2010.00,19-2010.00,Astronomers and Physicists,Titled,"Life, Physical, and Social Science Occupations",Physical Scientists,Broad Group,"Investigate the fundamental principles of the universe, studying matter, energy, galaxies, and celestial phenomena. Conduct research, develop theories, and analyze observational or experimental data.",
19-0000.00,19-2000.00,19-2010.00,19-2011.00,Astronomers,Role,"Life, Physical, and Social Science Occupations",Physical Scientists,Astronomers and Physicists,"Observe, research, and interpret astronomical phenomena to increase basic knowledge or apply such information to practical problems.",
19-0000.00,19-2000.00,19-2010.00,19-2012.00,Physicists,Role,"Life, Physical, and Social Science Occupations",Physical Scientists,Astronomers and Physicists,"Conduct research into physical phenomena, develop theories on the basis of observation and experiments, and devise methods to apply physical laws and theories.",
19-0000.00,19-2000.00,19-2020.00,19-2020.00,Atmospheric and Space Scientists,Titled,"Life, Physical, and Social Science Occupations",Physical Scientists,Broad Group,"Examine weather, climate, and space conditions, often analyzing atmospheric data to forecast weather or understand broader climate phenomena.",
19-0000.00,19-2000.00,19-2020.00,19-2021.00,Atmospheric and Space Scientists,Role,"Life, Physical, and Social Science Occupations",Physical Scientists,Atmospheric and Space Scientists,"Investigate atmospheric phenomena and interpret meteorological data, gathered by surface and air stations, satellites, and radar to prepare reports and forecasts for public and other uses. Includes weather analysts and forecasters whose functions require the detailed knowledge of meteorology.",
19-0000.00,19-2000.00,19-2030.00,19-2030.00,Chemists and Materials Scientists,Titled,"Life, Physical, and Social Science Occupations",Physical Scientists,Broad Group,"Research and analyze chemical compounds and materials, conducting experiments to develop new products or improve existing ones. Study properties, composition, and structure of substances.",
19-0000.00,19-2000.00,19-2030.00,19-2031.00,Chemists,Role,"Life, Physical, and Social Science Occupations",Physical Scientists,Chemists and Materials Scientists,Conduct qualitative and quantitative chemical analyses or experiments in laboratories for quality or process control or to develop new products or knowledge.,
19-0000.00,19-2000.00,19-2030.00,19-2032.00,Materials Scientists,Role,"Life, Physical, and Social Science Occupations",Physical Scientists,Chemists and Materials Scientists,"Research and study the structures and chemical properties of various natural and synthetic or composite materials, including metals, alloys, rubber, ceramics, semiconductors, polymers, and glass. Determine ways to strengthen or combine materials or develop new materials with new or specific properties for use in a variety of products and applications. Includes glass scientists, ceramic scientists, metallurgical scientists, and polymer scientists.",
19-0000.00,19-2000.00,19-2040.00,19-2040.00,Environmental Scientists and Geoscientists,Titled,"Life, Physical, and Social Science Occupations",Physical Scientists,Broad Group,"Investigate environmental issues and Earth processes, including pollution, resource management, and geological phenomena. Assess and mitigate environmental hazards and advise on environmental policies.",
19-0000.00,19-2000.00,19-2040.00,19-2041.00,"Environmental Scientists and Specialists, Including Health",Role,"Life, Physical, and Social Science Occupations",Physical Scientists,Environmental Scientists and Geoscientists,"Conduct research or perform investigation for the purpose of identifying, abating, or eliminating sources of pollutants or hazards that affect either the environment or the health of the population. Using knowledge of various scientific disciplines, may collect, synthesize, study, report, and recommend action based on data derived from measurements or observations of air, food, soil, water, and other sources.",
19-0000.00,19-2000.00,19-2040.00,19-2041.01,Climate Change Analysts,Role,"Life, Physical, and Social Science Occupations",Physical Scientists,Environmental Scientists and Geoscientists,"Research and analyze policy developments related to climate change. Make climate-related recommendations for actions such as legislation, awareness campaigns, or fundraising approaches.",
19-0000.00,19-2000.00,19-2040.00,19-2041.02,Environmental Restoration Planners,Role,"Life, Physical, and Social Science Occupations",Physical Scientists,Environmental Scientists and Geoscientists,"Collaborate with field and biology staff to oversee the implementation of restoration projects and to develop new products. Process and synthesize complex scientific data into practical strategies for restoration, monitoring or management.",
19-0000.00,19-2000.00,19-2040.00,19-2041.03,Industrial Ecologists,Role,"Life, Physical, and Social Science Occupations",Physical Scientists,Environmental Scientists and Geoscientists,Apply principles and processes of natural ecosystems to develop models for efficient industrial systems. Use knowledge from the physical and social sciences to maximize effective use of natural resources in the production and use of goods and services. Examine societal issues and their relationship with both technical systems and the environment.,
19-0000.00,19-2000.00,19-2040.00,19-2042.00,"Geoscientists, Except Hydrologists and Geographers",Role,"Life, Physical, and Social Science Occupations",Physical Scientists,Environmental Scientists and Geoscientists,"Study the composition, structure, and other physical aspects of the Earth. May use geological, physics, and mathematics knowledge in exploration for oil, gas, minerals, or underground water; or in waste disposal, land reclamation, or other environmental problems. May study the Earth's internal composition, atmospheres, oceans, and its magnetic, electrical, and gravitational forces. Includes mineralogists, crystallographers, paleontologists, stratigraphers, geodesists, and seismologists.",
19-0000.00,19-2000.00,19-2040.00,19-2043.00,Hydrologists,Role,"Life, Physical, and Social Science Occupations",Physical Scientists,Environmental Scientists and Geoscientists,"Research the distribution, circulation, and physical properties of underground and surface waters; and study the form and intensity of precipitation, its rate of infiltration into the soil, movement through the earth, and its return to the ocean and atmosphere.",
19-0000.00,19-2000.00,19-2090.00,19-2090.00,Miscellaneous Physical Scientists,Titled,"Life, Physical, and Social Science Occupations",Physical Scientists,Broad Group,"Occupations encompassing physical science roles not distinctly covered by standard categories, often involving specialized or emerging fields like remote sensing, polymer science, or science policy.",
19-0000.00,19-2000.00,19-2090.00,19-2099.00,"Physical Scientists, All Other",Role,"Life, Physical, and Social Science Occupations",Physical Scientists,Miscellaneous Physical Scientists,All physical scientists not listed separately.,
19-0000.00,19-2000.00,19-2090.00,19-2099.01,Remote Sensing Scientists and Technologists,Role,"Life, Physical, and Social Science Occupations",Physical Scientists,Miscellaneous Physical Scientists,"Apply remote sensing principles and methods to analyze data and solve problems in areas such as natural resource management, urban planning, or homeland security. May develop new sensor systems, analytical techniques, or new applications for existing systems.",
19-0000.00,19-3000.00,19-3000.00,19-3000.00,Social Scientists and Related Workers,Main,"Life, Physical, and Social Science Occupations",Minor Group,Minor Group,"Social Scientists and Related Workers study various aspects of human society, behavior, and interactions. They conduct research, collect and analyze data, and interpret social patterns and trends. This category includes occupations such as sociologists, anthropologists, political scientists, economists, and market research analysts.",
19-0000.00,19-3000.00,19-3010.00,19-3010.00,Economists,Titled,"Life, Physical, and Social Science Occupations",Social Scientists and Related Workers,Broad Group,"Study the production and distribution of resources, goods, and services. Collect and analyze economic data, interpret trends, and forecast future market behaviors.",
19-0000.00,19-3000.00,19-3010.00,19-3011.00,Economists,Role,"Life, Physical, and Social Science Occupations",Social Scientists and Related Workers,Economists,"Conduct research, prepare reports, or formulate plans to address economic problems related to the production and distribution of goods and services or monetary and fiscal policy. May collect and process economic and statistical data using sampling techniques and econometric methods.",
19-0000.00,19-3000.00,19-3010.00,19-3011.01,Environmental Economists,Role,"Life, Physical, and Social Science Occupations",Social Scientists and Related Workers,Economists,"Conduct economic analysis related to environmental protection and use of the natural environment, such as water, air, land, and renewable energy resources. Evaluate and quantify benefits, costs, incentives, and impacts of alternative options using economic principles and statistical techniques.",
19-0000.00,19-3000.00,19-3020.00,19-3020.00,Survey Researchers,Titled,"Life, Physical, and Social Science Occupations",Social Scientists and Related Workers,Broad Group,"Develop and administer surveys, collect data, analyze results, and provide findings to inform decisions in business, government, or social sciences.",
19-0000.00,19-3000.00,19-3020.00,19-3022.00,Survey Researchers,Role,"Life, Physical, and Social Science Occupations",Social Scientists and Related Workers,Survey Researchers,"Plan, develop, or conduct surveys. May analyze and interpret the meaning of survey data, determine survey objectives, or suggest or test question wording. Includes social scientists who primarily design questionnaires or supervise survey teams.",
19-0000.00,19-3000.00,19-3030.00,19-3030.00,Psychologists,Titled,"Life, Physical, and Social Science Occupations",Social Scientists and Related Workers,Broad Group,"Study mental processes and behavior. May provide therapy, conduct research, or apply psychological principles to organizational, educational, or clinical settings.",
19-0000.00,19-3000.00,19-3030.00,19-3031.00,"Clinical, Counseling, and School Psychologists",Role,"Life, Physical, and Social Science Occupations",Social Scientists and Related Workers,Psychologists,"Diagnose and treat mental disorders; learning disabilities; and cognitive, behavioral, and emotional problems, using individual, child, family, and group therapies. May design and implement behavior modification programs.",
19-0000.00,19-3000.00,19-3030.00,19-3031.01,School Psychologists,Role,"Life, Physical, and Social Science Occupations",Social Scientists and Related Workers,Psychologists,Investigate processes of learning and teaching and develop psychological principles and techniques applicable to educational problems.,
19-0000.00,19-3000.00,19-3030.00,19-3031.02,Clinical Psychologists,Role,"Life, Physical, and Social Science Occupations",Social Scientists and Related Workers,Psychologists,"Diagnose or evaluate mental and emotional disorders of individuals through observation, interview, and psychological tests, and formulate and administer programs of treatment.",
19-0000.00,19-3000.00,19-3030.00,19-3031.03,Counseling Psychologists,Role,"Life, Physical, and Social Science Occupations",Social Scientists and Related Workers,Psychologists,"Assess and evaluate individuals' problems through the use of case history, interview, and observation and provide individual or group counseling services to assist individuals in achieving more effective personal, social, educational, and vocational development and adjustment.",
19-0000.00,19-3000.00,19-3030.00,19-3032.00,Industrial-Organizational Psychologists,Role,"Life, Physical, and Social Science Occupations",Social Scientists and Related Workers,Psychologists,"Apply principles of psychology to human resources, administration, management, sales, and marketing problems. Activities may include policy planning; employee testing and selection, training and development; and organizational development and analysis. May work with management to organize the work setting to improve worker productivity.",
19-0000.00,19-3000.00,19-3030.00,19-3033.00,Clinical and Counseling Psychologists,Role,"Life, Physical, and Social Science Occupations",Social Scientists and Related Workers,Psychologists,"Assess, diagnose, and treat mental and emotional disorders of individuals through observation, interview, and psychological tests. Help individuals with distress or maladjustment understand their problems through their knowledge of case history, interviews with patients, and theory. Provide individual or group counseling services to assist individuals in achieving more effective personal, social, educational, and vocational development and adjustment. May design behavior modification programs and consult with medical personnel regarding the best treatment for patients.",
19-0000.00,19-3000.00,19-3030.00,19-3034.00,School Psychologists,Role,"Life, Physical, and Social Science Occupations",Social Scientists and Related Workers,Psychologists,"Diagnose and implement individual or schoolwide interventions or strategies to address educational, behavioral, or developmental issues that adversely impact educational functioning in a school. May address student learning and behavioral problems and counsel students or families. May design and implement performance plans, and evaluate performance. May consult with other school-based personnel.",
19-0000.00,19-3000.00,19-3030.00,19-3039.00,"Psychologists, All Other",Role,"Life, Physical, and Social Science Occupations",Social Scientists and Related Workers,Psychologists,All psychologists not listed separately.,
19-0000.00,19-3000.00,19-3030.00,19-3039.01,Neuropsychologists and Clinical Neuropsychologists,Role,"Life, Physical, and Social Science Occupations",Social Scientists and Related Workers,Psychologists,Apply theories and principles of neuropsychology to diagnose and treat disorders of higher cerebral functioning.,
19-0000.00,19-3000.00,19-3030.00,19-3039.02,Neuropsychologists,Role,"Life, Physical, and Social Science Occupations",Social Scientists and Related Workers,Psychologists,"Apply theories and principles of neuropsychology to evaluate and diagnose disorders of higher cerebral functioning, often in research and medical settings. Study the human brain and the effect of physiological states on human cognition and behavior. May formulate and administer programs of treatment.",
19-0000.00,19-3000.00,19-3030.00,19-3039.03,Clinical Neuropsychologists,Role,"Life, Physical, and Social Science Occupations",Social Scientists and Related Workers,Psychologists,"Assess and diagnose patients with neurobehavioral problems related to acquired or developmental disorders of the nervous system, such as neurodegenerative disorders, traumatic brain injury, seizure disorders, and learning disabilities. Recommend treatment after diagnosis, such as therapy, medication, or surgery. Assist with evaluation before and after neurosurgical procedures, such as deep brain stimulation.",
19-0000.00,19-3000.00,19-3040.00,19-3040.00,Sociologists,Titled,"Life, Physical, and Social Science Occupations",Social Scientists and Related Workers,Broad Group,"Examine human society, social behavior, and cultural institutions by analyzing groups, social organizations, and structures.",
19-0000.00,19-3000.00,19-3040.00,19-3041.00,Sociologists,Role,"Life, Physical, and Social Science Occupations",Social Scientists and Related Workers,Sociologists,"Study human society and social behavior by examining the groups and social institutions that people form, as well as various social, religious, political, and business organizations. May study the behavior and interaction of groups, trace their origin and growth, and analyze the influence of group activities on individual members.",
19-0000.00,19-3000.00,19-3050.00,19-3050.00,Urban and Regional Planners,Titled,"Life, Physical, and Social Science Occupations",Social Scientists and Related Workers,Broad Group,"Develop plans and programs for land use and facilities in towns, cities, or regions. Evaluate community needs, forecast population changes, and propose solutions to urban challenges.",
19-0000.00,19-3000.00,19-3050.00,19-3051.00,Urban and Regional Planners,Role,"Life, Physical, and Social Science Occupations",Social Scientists and Related Workers,Urban and Regional Planners,"Develop comprehensive plans and programs for use of land and physical facilities of jurisdictions, such as towns, cities, counties, and metropolitan areas.",
19-0000.00,19-3000.00,19-3090.00,19-3090.00,Miscellaneous Social Scientists and Related Workers,Titled,"Life, Physical, and Social Science Occupations",Social Scientists and Related Workers,Broad Group,"Engage in social science research or applications not covered by specific disciplines, often adopting multidisciplinary methods to address social or cultural issues.",
19-0000.00,19-3000.00,19-3090.00,19-3091.00,Anthropologists and Archeologists,Role,"Life, Physical, and Social Science Occupations",Social Scientists and Related Workers,Miscellaneous Social Scientists and Related Workers,"Study the origin, development, and behavior of human beings. May study the way of life, language, or physical characteristics of people in various parts of the world. May engage in systematic recovery and examination of material evidence, such as tools or pottery remaining from past human cultures, in order to determine the history, customs, and living habits of earlier civilizations.",
19-0000.00,19-3000.00,19-3090.00,19-3091.01,Anthropologists,Role,"Life, Physical, and Social Science Occupations",Social Scientists and Related Workers,Miscellaneous Social Scientists and Related Workers,"Research, evaluate, and establish public policy concerning the origins of humans; their physical, social, linguistic, and cultural development; and their behavior, as well as the cultures, organizations, and institutions they have created.",
19-0000.00,19-3000.00,19-3090.00,19-3091.02,Archeologists,Role,"Life, Physical, and Social Science Occupations",Social Scientists and Related Workers,Miscellaneous Social Scientists and Related Workers,"Conduct research to reconstruct record of past human life and culture from human remains, artifacts, architectural features, and structures recovered through excavation, underwater recovery, or other means of discovery.",
19-0000.00,19-3000.00,19-3090.00,19-3092.00,Geographers,Role,"Life, Physical, and Social Science Occupations",Social Scientists and Related Workers,Miscellaneous Social Scientists and Related Workers,"Study the nature and use of areas of the Earth's surface, relating and interpreting interactions of physical and cultural phenomena. Conduct research on physical aspects of a region, including land forms, climates, soils, plants, and animals, and conduct research on the spatial implications of human activities within a given area, including social characteristics, economic activities, and political organization, as well as researching interdependence between regions at scales ranging from local to global.",
19-0000.00,19-3000.00,19-3090.00,19-3093.00,Historians,Role,"Life, Physical, and Social Science Occupations",Social Scientists and Related Workers,Miscellaneous Social Scientists and Related Workers,"Research, analyze, record, and interpret the past as recorded in sources, such as government and institutional records, newspapers and other periodicals, photographs, interviews, films, electronic media, and unpublished manuscripts, such as personal diaries and letters.",
19-0000.00,19-3000.00,19-3090.00,19-3094.00,Political Scientists,Role,"Life, Physical, and Social Science Occupations",Social Scientists and Related Workers,Miscellaneous Social Scientists and Related Workers,"Study the origin, development, and operation of political systems. May study topics, such as public opinion, political decision-making, and ideology. May analyze the structure and operation of governments, as well as various political entities. May conduct public opinion surveys, analyze election results, or analyze public documents.",
19-0000.00,19-3000.00,19-3090.00,19-3099.00,"Social Scientists and Related Workers, All Other",Role,"Life, Physical, and Social Science Occupations",Social Scientists and Related Workers,Miscellaneous Social Scientists and Related Workers,All social scientists and related workers not listed separately.,
19-0000.00,19-3000.00,19-3090.00,19-3099.01,Transportation Planners,Role,"Life, Physical, and Social Science Occupations",Social Scientists and Related Workers,Miscellaneous Social Scientists and Related Workers,"Prepare studies for proposed transportation projects. Gather, compile, and analyze data. Study the use and operation of transportation systems. Develop transportation models or simulations.",
19-0000.00,19-4000.00,19-4000.00,19-4000.00,"Life, Physical, and Social Science Technicians",Main,"Life, Physical, and Social Science Occupations",Minor Group,Minor Group,"Life, Physical, and Social Science Technicians provide support to scientists and researchers in various scientific disciplines. They assist with laboratory work, data collection, experimentation, and analysis. This category includes occupations such as biological technicians, chemical technicians, geological and petroleum technicians, and social science research assistants.",
19-0000.00,19-4000.00,19-4010.00,19-4010.00,Agricultural and Food Science Technicians,Titled,"Life, Physical, and Social Science Occupations","Life, Physical, and Social Science Technicians",Broad Group,"Assist scientists in research or production, conducting tests on food, soil, and other samples. Maintain laboratory equipment and collect data to help improve agricultural methods and food processing.",
19-0000.00,19-4000.00,19-4010.00,19-4011.00,Agricultural and Food Science Technicians,Role,"Life, Physical, and Social Science Occupations","Life, Physical, and Social Science Technicians",Agricultural and Food Science Technicians,"Assist scientists or engineers in the use of electronic, sonic, or nuclear measuring instruments in both laboratory and production activities to obtain data indicating potential resources such as metallic ore, minerals, gas, coal, or petroleum. Analyze mud and drill cuttings. Chart pressure, temperature, and other characteristics of wells or bore holes. Investigate and collect information leading to the possible discovery of new metallic ore, minerals, gas, coal, or petroleum deposits.",
19-0000.00,19-4000.00,19-4010.00,19-4011.01,Agricultural Technicians,Role,"Life, Physical, and Social Science Occupations","Life, Physical, and Social Science Technicians",Agricultural and Food Science Technicians,Set up or maintain laboratory equipment and collect samples from crops or animals. Prepare specimens or record data to assist scientists in biology or related life science experiments.,
19-0000.00,19-4000.00,19-4010.00,19-4011.02,Food Science Technicians,Role,"Life, Physical, and Social Science Occupations","Life, Physical, and Social Science Technicians",Agricultural and Food Science Technicians,Perform standardized qualitative and quantitative tests to determine physical or chemical properties of food or beverage products.,
19-0000.00,19-4000.00,19-4010.00,19-4012.00,Agricultural Technicians,Role,"Life, Physical, and Social Science Occupations","Life, Physical, and Social Science Technicians",Agricultural and Food Science Technicians,"Work with agricultural scientists in plant, fiber, and animal research, or assist with animal breeding and nutrition. Set up or maintain laboratory equipment and collect samples from crops or animals. Prepare specimens or record data to assist scientists in biology or related life science experiments. Conduct tests and experiments to improve yield and quality of crops or to increase the resistance of plants and animals to disease or insects.",
19-0000.00,19-4000.00,19-4010.00,19-4012.01,Precision Agriculture Technicians,Role,"Life, Physical, and Social Science Occupations","Life, Physical, and Social Science Technicians",Agricultural and Food Science Technicians,"Apply geospatial technologies, including geographic information systems (GIS) and Global Positioning System (GPS), to agricultural production or management activities, such as pest scouting, site-specific pesticide application, yield mapping, or variable-rate irrigation. May use computers to develop or analyze maps or remote sensing images to compare physical topography with data on soils, fertilizer, pests, or weather.",
19-0000.00,19-4000.00,19-4010.00,19-4013.00,Food Science Technicians,Role,"Life, Physical, and Social Science Occupations","Life, Physical, and Social Science Technicians",Agricultural and Food Science Technicians,"Work with food scientists or technologists to perform standardized qualitative and quantitative tests to determine physical or chemical properties of food or beverage products. Includes technicians who assist in research and development of production technology, quality control, packaging, processing, and use of foods.",
19-0000.00,19-4000.00,19-4020.00,19-4020.00,Biological Technicians,Titled,"Life, Physical, and Social Science Occupations","Life, Physical, and Social Science Technicians",Broad Group,"Support biological or medical scientists by setting up, operating, and maintaining laboratory instruments and equipment, monitoring experiments, and recording results.",
19-0000.00,19-4000.00,19-4020.00,19-4021.00,Biological Technicians,Role,"Life, Physical, and Social Science Occupations","Life, Physical, and Social Science Technicians",Biological Technicians,"Assist nuclear physicists, nuclear engineers, or other scientists in laboratory or production activities. May operate, maintain, or provide quality control for nuclear testing and research equipment. May monitor radiation.",
19-0000.00,19-4000.00,19-4030.00,19-4030.00,Chemical Technicians,Titled,"Life, Physical, and Social Science Occupations","Life, Physical, and Social Science Technicians",Broad Group,Conduct chemical and physical laboratory tests to assist scientists in the qualitative and quantitative analyses of substances for research and development.,
19-0000.00,19-4000.00,19-4030.00,19-4031.00,Chemical Technicians,Role,"Life, Physical, and Social Science Occupations","Life, Physical, and Social Science Technicians",Chemical Technicians,"Conduct chemical and physical laboratory tests to assist scientists in making qualitative and quantitative analyses of solids, liquids, and gaseous materials for research and development of new products or processes, quality control, maintenance of environmental standards, and other work involving experimental, theoretical, or practical application of chemistry and related sciences.",
19-0000.00,19-4000.00,19-4040.00,19-4040.00,Geological and Petroleum Technicians,Titled,"Life, Physical, and Social Science Occupations","Life, Physical, and Social Science Technicians",Broad Group,"Collect and analyze geologic samples, test well fluids, or assist in surveying and drilling operations. Help geologists and petroleum engineers explore and extract natural resources.",
19-0000.00,19-4000.00,19-4040.00,19-4041.00,Geological and Petroleum Technicians,Role,"Life, Physical, and Social Science Occupations","Life, Physical, and Social Science Technicians",Geological and Petroleum Technicians,"Assist scientists or engineers in the use of electronic, sonic, or nuclear measuring instruments in both laboratory and production activities to obtain data indicating potential resources such as metallic ore, minerals, gas, coal, or petroleum. Analyze mud and drill cuttings. Chart pressure, temperature, and other characteristics of wells or bore holes. Investigate and collect information leading to the possible discovery of new metallic ore, minerals, gas, coal, or petroleum deposits.",
19-0000.00,19-4000.00,19-4010.00,19-4041.01,Geophysical Data Technicians,Role,"Life, Physical, and Social Science Occupations","Life, Physical, and Social Science Technicians",Geological and Petroleum Technicians,"Measure, record, or evaluate geological data, using sonic, electronic, electrical, seismic, or gravity-measuring instruments to prospect for oil or gas. May collect or evaluate core samples or cuttings.",
19-0000.00,19-4000.00,19-4040.00,19-4041.02,Geological Sample Test Technicians,Role,"Life, Physical, and Social Science Occupations","Life, Physical, and Social Science Technicians",Geological and Petroleum Technicians,"Test or analyze geological samples, crude oil, or minerals to detect presence of petroleum, gas, or mineral deposits indicating potential for exploration or production or to determine physical or chemical properties to ensure that products meet quality standards.",
19-0000.00,19-4000.00,19-4040.00,19-4042.00,"Environmental Science and Protection Technicians, Including Health",Role,"Life, Physical, and Social Science Occupations","Life, Physical, and Social Science Technicians",Geological and Petroleum Technicians,"Perform laboratory and field tests to monitor the environment and investigate sources of pollution, including those that affect health, under the direction of an environmental scientist, engineer, or other specialist. May collect samples of gases, soil, water, and other materials for testing.",
19-0000.00,19-4000.00,19-4040.00,19-4043.00,"Geological Technicians, Except Hydrologic Technicians",Role,"Life, Physical, and Social Science Occupations","Life, Physical, and Social Science Technicians",Geological and Petroleum Technicians,"Assist scientists or engineers in the use of electronic, sonic, or nuclear measuring instruments in laboratory, exploration, and production activities to obtain data indicating resources such as metallic ore, minerals, gas, coal, or petroleum. Analyze mud and drill cuttings. Chart pressure, temperature, and other characteristics of wells or bore holes.",
19-0000.00,19-4000.00,19-4040.00,19-4044.00,Hydrologic Technicians,Role,"Life, Physical, and Social Science Occupations","Life, Physical, and Social Science Technicians",Geological and Petroleum Technicians,"Collect and organize data concerning the distribution and circulation of ground and surface water, and data on its physical, chemical, and biological properties. Measure and report on flow rates and ground water levels, maintain field equipment, collect water samples, install and collect sampling equipment, and process samples for shipment to testing laboratories. May collect data on behalf of hydrologists, engineers, developers, government agencies, or agriculture.",
19-0000.00,19-4000.00,19-4050.00,19-4050.00,Nuclear Technicians,Titled,"Life, Physical, and Social Science Occupations","Life, Physical, and Social Science Technicians",Broad Group,"Operate and maintain equipment used in nuclear research and energy production. Monitor radiation levels, assist with radioactive material handling, and enforce safety protocols.",
19-0000.00,19-4000.00,19-4050.00,19-4051.00,Nuclear Technicians,Role,"Life, Physical, and Social Science Occupations","Life, Physical, and Social Science Technicians",Nuclear Technicians,"Assist nuclear physicists, nuclear engineers, or other scientists in laboratory or production activities. May operate, maintain, or provide quality control for nuclear testing and research equipment. May monitor radiation.",
19-0000.00,19-4000.00,19-4050.00,19-4051.01,Nuclear Equipment Operation Technicians,Role,"Life, Physical, and Social Science Occupations","Life, Physical, and Social Science Technicians",Nuclear Technicians,"Operate equipment used for the release, control, or utilization of nuclear energy to assist scientists in laboratory or production activities.",
19-0000.00,19-4000.00,19-4050.00,19-4051.02,Nuclear Monitoring Technicians,Role,"Life, Physical, and Social Science Occupations","Life, Physical, and Social Science Technicians",Nuclear Technicians,"Collect and test samples to monitor results of nuclear experiments and contamination of humans, facilities, and environment.",
19-0000.00,19-4000.00,19-4060.00,19-4060.00,Social Science Research Assistants,Titled,"Life, Physical, and Social Science Occupations","Life, Physical, and Social Science Technicians",Broad Group,"Help social scientists in laboratory, survey, or other research. Prepare findings for publication, conduct literature reviews, and assist with data collection and analysis.",
19-0000.00,19-4000.00,19-4060.00,19-4061.00,Social Science Research Assistants,Role,"Life, Physical, and Social Science Occupations","Life, Physical, and Social Science Technicians",Social Science Research Assistants,"Assist social scientists in laboratory, survey, and other social science research. May help prepare findings for publication and assist in laboratory analysis, quality control, or data management.",
19-0000.00,19-4000.00,19-4060.00,19-4061.01,City and Regional Planning Aides,Role,"Life, Physical, and Social Science Occupations","Life, Physical, and Social Science Technicians",Social Science Research Assistants,"Compile data from various sources, such as maps, reports, and field and file investigations, for use by city planner in making planning studies.",
19-0000.00,19-4000.00,19-4070.00,19-4070.00,Forest and Conservation Technicians,Titled,"Life, Physical, and Social Science Occupations","Life, Physical, and Social Science Technicians",Broad Group,"Forest and Conservation Technicians aid in forest management, conservation, and research. They often work for government agencies or consulting firms, needing a degree in related fields.",
19-0000.00,19-4000.00,19-4070.00,19-4071.00,Forest and Conservation Technicians,Role,"Life, Physical, and Social Science Occupations","Life, Physical, and Social Science Technicians",Forest and Conservation Technicians,"Provide technical assistance regarding the conservation of soil, water, forests, or related natural resources. May compile data pertaining to size, content, condition, and other characteristics of forest tracts under the direction of foresters, or train and lead forest workers in forest propagation and fire prevention and suppression. May assist conservation scientists in managing, improving, and protecting rangelands and wildlife habitats.",
19-0000.00,19-4000.00,19-4090.00,19-4090.00,"Miscellaneous Life, Physical, and Social Science Technicians",Titled,"Life, Physical, and Social Science Occupations","Life, Physical, and Social Science Technicians",Broad Group,"Perform technical tasks to support scientific research or operations not covered by specialized technician roles, often requiring cross-disciplinary skills.",
19-0000.00,19-4000.00,19-4090.00,19-4091.00,"Environmental Science and Protection Technicians, Including Health",Role,"Life, Physical, and Social Science Occupations","Life, Physical, and Social Science Technicians","Miscellaneous Life, Physical, and Social Science Technicians","Perform laboratory and field tests to monitor the environment and investigate sources of pollution, including those that affect health, under the direction of an environmental scientist, engineer, or other specialist. May collect samples of gases, soil, water, and other materials for testing.",
19-0000.00,19-4000.00,19-4090.00,19-4092.00,Forensic Science Technicians,Role,"Life, Physical, and Social Science Occupations","Life, Physical, and Social Science Technicians","Miscellaneous Life, Physical, and Social Science Technicians","Collect, identify, classify, and analyze physical evidence related to criminal investigations. Perform tests on weapons or substances, such as fiber, hair, and tissue to determine significance to investigation. May testify as expert witnesses on evidence or crime laboratory techniques. May serve as specialists in area of expertise, such as ballistics, fingerprinting, handwriting, or biochemistry.",
19-0000.00,19-4000.00,19-4090.00,19-4093.00,Forest and Conservation Technicians,Role,"Life, Physical, and Social Science Occupations","Life, Physical, and Social Science Technicians","Miscellaneous Life, Physical, and Social Science Technicians","Provide technical assistance regarding the conservation of soil, water, forests, or related natural resources. May compile data pertaining to size, content, condition, and other characteristics of forest tracts, under the direction of foresters; or train and lead forest workers in forest propagation, fire prevention and suppression. May assist conservation scientists in managing, improving, and protecting rangelands and wildlife habitats.",
19-0000.00,19-4000.00,19-4090.00,19-4099.00,"Life, Physical, and Social Science Technicians, All Other",Role,"Life, Physical, and Social Science Occupations","Life, Physical, and Social Science Technicians","Miscellaneous Life, Physical, and Social Science Technicians","All life, physical, and social science technicians not listed separately.",
19-0000.00,19-4000.00,19-4090.00,19-4099.01,Quality Control Analysts,Role,"Life, Physical, and Social Science Occupations","Life, Physical, and Social Science Technicians","Miscellaneous Life, Physical, and Social Science Technicians","Conduct tests to determine quality of raw materials, bulk intermediate and finished products. May conduct stability sample tests.",
19-0000.00,19-4000.00,19-4090.00,19-4099.02,Precision Agriculture Technicians,Role,"Life, Physical, and Social Science Occupations","Life, Physical, and Social Science Technicians","Miscellaneous Life, Physical, and Social Science Technicians","Apply geospatial technologies, including geographic information systems (GIS) and Global Positioning System (GPS), to agricultural production or management activities, such as pest scouting, site-specific pesticide application, yield mapping, or variable-rate irrigation. May use computers to develop or analyze maps or remote sensing images to compare physical topography with data on soils, fertilizer, pests, or weather.",
19-0000.00,19-4000.00,19-4090.00,19-4099.03,Remote Sensing Technicians,Role,"Life, Physical, and Social Science Occupations","Life, Physical, and Social Science Technicians","Miscellaneous Life, Physical, and Social Science Technicians","Apply remote sensing technologies to assist scientists in areas such as natural resources, urban planning, or homeland security. May prepare flight plans or sensor configurations for flight trips.",
19-0000.00,19-4000.00,19-5010.00,19-5010.00,Occupational Health and Safety Specialists and Technicians,Titled,"Life, Physical, and Social Science Occupations","Life, Physical, and Social Science Technicians",Broad Group,"The SOC 19-5010 series is all about championing workplace safety by blending high-level strategy with hands-on vigilance. It covers Occupational Health and Safety Specialists, who design and manage safety programs, ensure regulatory compliance, and educate teams, with Occupational Health and Safety Technicians, who hit the field to monitor hazards, collect critical safety data, and implement the specialists' plans. Together, they form a dynamic duo dedicated to creating secure, healthy work environments—a true safety squad ready to tackle challenges with precision and care, ensuring everyone goes home with a smile (and intact!).",
19-0000.00,19-4000.00,19-5010.00,19-5011.00,Occupational Health and Safety Specialists,Role,"Life, Physical, and Social Science Occupations","Life, Physical, and Social Science Technicians",Occupational Health and Safety Specialists and Technicians,"Review, evaluate, and analyze work environments and design programs and procedures to control, eliminate, and prevent disease or injury caused by chemical, physical, and biological agents or ergonomic factors. May conduct inspections and enforce adherence to laws and regulations governing the health and safety of individuals. May be employed in the public or private sector.",
19-0000.00,19-4000.00,19-5010.00,19-5012.00,Occupational Health and Safety Technicians,Role,"Life, Physical, and Social Science Occupations","Life, Physical, and Social Science Technicians",Occupational Health and Safety Specialists and Technicians,"Collect data on work environments for analysis by occupational health and safety specialists. Implement and conduct evaluation of programs designed to limit chemical, physical, biological, and ergonomic risks to workers.",
21-0000.00,21-0000.00,21-0000.00,21-0000.00,Community and Social Service Occupations,Major,Major Group,Major Group,Major Group,"Focuses on helping people address personal and social problems. Roles include social workers, counselors, and others who provide support services, advocacy, and resources in community centers, clinics, or other settings.",
21-0000.00,21-1000.00,21-1000.00,21-1000.00,"Counselors, Social Workers, and Other Community and Social Service Specialists",Main,Community and Social Service Occupations,Minor Group,Minor Group,"This category includes various occupations that provide support and services to individuals and communities. It encompasses occupations such as substance abuse and behavioral disorder counselors, mental health counselors, school and career counselors, social workers, and community health workers. These professionals work with diverse populations and address a range of social and behavioral issues.",
21-0000.00,21-1000.00,21-1010.00,21-1010.00,Counselors,Titled,Community and Social Service Occupations,"Counselors, Social Workers, and Other Community and Social Service Specialists",Broad Group,"Provide guidance, therapeutic support, and advice to individuals or groups facing personal, mental, or educational challenges. May design treatment plans, collaborate with other professionals, and track client progress.",
21-0000.00,21-1000.00,21-1010.00,21-1011.00,Substance Abuse and Behavioral Disorder Counselors,Role,Community and Social Service Occupations,"Counselors, Social Workers, and Other Community and Social Service Specialists",Counselors,"Counsel and advise individuals with alcohol, tobacco, drug, or other problems, such as gambling and eating disorders. May counsel individuals, families, or groups or engage in prevention programs.",
21-0000.00,21-1000.00,21-1010.00,21-1012.00,"Educational, Guidance, School, and Vocational Counselors",Role,Community and Social Service Occupations,"Counselors, Social Workers, and Other Community and Social Service Specialists",Counselors,Counsel individuals and provide group educational and vocational guidance services.,
21-0000.00,21-1000.00,21-1010.00,21-1013.00,Marriage and Family Therapists,Role,Community and Social Service Occupations,"Counselors, Social Workers, and Other Community and Social Service Specialists",Counselors,"Diagnose and treat mental and emotional disorders, whether cognitive, affective, or behavioral, within the context of marriage and family systems. Apply psychotherapeutic and family systems theories and techniques in the delivery of services to individuals, couples, and families for the purpose of treating such diagnosed nervous and mental disorders.",
21-0000.00,21-1000.00,21-1010.00,21-1014.00,Mental Health Counselors,Role,Community and Social Service Occupations,"Counselors, Social Workers, and Other Community and Social Service Specialists",Counselors,"Counsel with emphasis on prevention. Work with individuals and groups to promote optimum mental and emotional health. May help individuals deal with issues associated with addictions and substance abuse; family, parenting, and marital problems; stress management; self-esteem; and aging.",
21-0000.00,21-1000.00,21-1010.00,21-1015.00,Rehabilitation Counselors,Role,Community and Social Service Occupations,"Counselors, Social Workers, and Other Community and Social Service Specialists",Counselors,"Counsel individuals to maximize the independence and employability of persons coping with personal, social, and vocational difficulties that result from birth defects, illness, disease, accidents, or the stress of daily life. Coordinate activities for residents of care and treatment facilities. Assess client needs and design and implement rehabilitation programs that may include personal and vocational counseling, training, and job placement.",
21-0000.00,21-1000.00,21-1010.00,21-1019.00,"Counselors, All Other",Role,Community and Social Service Occupations,"Counselors, Social Workers, and Other Community and Social Service Specialists",Counselors,All counselors not listed separately.,
21-0000.00,21-1000.00,21-1020.00,21-1020.00,Social Workers,Titled,Community and Social Service Occupations,"Counselors, Social Workers, and Other Community and Social Service Specialists",Broad Group,"Help individuals and families cope with challenges in their lives. Assess client needs, provide advocacy and counseling, connect clients with resources, and monitor progress.",
21-0000.00,21-1000.00,21-1020.00,21-1021.00,"Child, Family, and School Social Workers",Role,Community and Social Service Occupations,"Counselors, Social Workers, and Other Community and Social Service Specialists",Social Workers,"Provide social services and assistance to improve the social and psychological functioning of children and their families and to maximize the family well-being and the academic functioning of children. May assist parents, arrange adoptions, and find foster homes for abandoned or abused children. In schools, they address such problems as teenage pregnancy, misbehavior, and truancy. May also advise teachers.",
21-0000.00,21-1000.00,21-1020.00,21-1022.00,Healthcare Social Workers,Role,Community and Social Service Occupations,"Counselors, Social Workers, and Other Community and Social Service Specialists",Social Workers,"Provide individuals, families, and groups with the psychosocial support needed to cope with chronic, acute, or terminal illnesses. Services include advising family care givers, providing patient education and counseling, and making referrals for other services. May also provide care and case management or interventions designed to promote health, prevent disease, and address barriers to access to healthcare.",
21-0000.00,21-1000.00,21-1020.00,21-1023.00,Mental Health and Substance Abuse Social Workers,Role,Community and Social Service Occupations,"Counselors, Social Workers, and Other Community and Social Service Specialists",Social Workers,"Assess and treat individuals with mental, emotional, or substance abuse problems, including abuse of alcohol, tobacco, and/or other drugs. Activities may include individual and group therapy, crisis intervention, case management, client advocacy, prevention, and education.",
21-0000.00,21-1000.00,21-1020.00,21-1029.00,"Social Workers, All Other",Role,Community and Social Service Occupations,"Counselors, Social Workers, and Other Community and Social Service Specialists",Social Workers,All social workers not listed separately.,
21-0000.00,21-1000.00,21-1090.00,21-1090.00,Miscellaneous Community and Social Service Specialists,Titled,Community and Social Service Occupations,"Counselors, Social Workers, and Other Community and Social Service Specialists",Broad Group,"Deliver social services in specialized areas not covered by other occupations, possibly focusing on community outreach, crisis intervention, or specific at-risk populations.",
21-0000.00,21-1000.00,21-1090.00,21-1091.00,Health Educators ,Role,Community and Social Service Occupations,"Counselors, Social Workers, and Other Community and Social Service Specialists",Miscellaneous Community and Social Service Specialists,"Provide and manage health education programs that help individuals, families, and their communities maximize and maintain healthy lifestyles. Collect and analyze data to identify community needs prior to planning, implementing, monitoring, and evaluating programs designed to encourage healthy lifestyles, policies, and environments. May serve as a resource to assist individuals, other healthcare workers, or the community, and may administer fiscal resources for health education programs.",
21-0000.00,21-1000.00,21-1090.00,21-1092.00,Probation Officers and Correctional Treatment Specialists,Role,Community and Social Service Occupations,"Counselors, Social Workers, and Other Community and Social Service Specialists",Miscellaneous Community and Social Service Specialists,"Provide social services to assist in rehabilitation of law offenders in custody or on probation or parole. Make recommendations for actions involving formulation of rehabilitation plan and treatment of offender, including conditional release and education and employment stipulations.",
21-0000.00,21-1000.00,21-1090.00,21-1093.00,Social and Human Service Assistants,Role,Community and Social Service Occupations,"Counselors, Social Workers, and Other Community and Social Service Specialists",Miscellaneous Community and Social Service Specialists,"Assist in providing client services in a wide variety of fields, such as psychology, rehabilitation, or social work, including support for families. May assist clients in identifying and obtaining available benefits and social and community services. May assist social workers with developing, organizing, and conducting programs to prevent and resolve problems relevant to substance abuse, human relationships, rehabilitation, or dependent care.",
21-0000.00,21-1000.00,21-1090.00,21-1094.00,Community Health Workers,Role,Community and Social Service Occupations,"Counselors, Social Workers, and Other Community and Social Service Specialists",Miscellaneous Community and Social Service Specialists,"Assist individuals and communities to adopt healthy behaviors. Conduct outreach for medical personnel or health organizations to implement programs in the community that promote, maintain, and improve individual and community health. May provide information on available resources, provide social support and informal counseling, advocate for individuals and community health needs, and provide services such as first aid and blood pressure screening. May collect data to help identify community health needs.",
21-0000.00,21-1000.00,21-1090.00,21-1099.00,"Community and Social Service Specialists, All Other",Role,Community and Social Service Occupations,"Counselors, Social Workers, and Other Community and Social Service Specialists",Miscellaneous Community and Social Service Specialists,All community and social service specialists not listed separately.,
21-0000.00,21-2000.00,21-2000.00,21-2000.00,Religious Workers,Main,Community and Social Service Occupations,Minor Group,Minor Group,"Religious Workers encompass a variety of roles within religious organizations, including clergy members, religious directors, religious educators, and religious activities coordinators. They provide spiritual guidance, lead religious services, perform religious rituals, and offer support and counseling to individuals and communities.",
21-0000.00,21-2000.00,21-2010.00,21-2010.00,Clergy,Titled,Community and Social Service Occupations,Religious Workers,Broad Group,"Conduct religious worship, provide spiritual or moral guidance, and lead religious education programs or community services within a faith tradition.",
21-0000.00,21-2000.00,21-2010.00,21-2011.00,Clergy,Role,Community and Social Service Occupations,Religious Workers,Clergy,Conduct religious worship and perform other spiritual functions associated with beliefs and practices of religious faith or denomination. Provide spiritual and moral guidance and assistance to members.,
21-0000.00,21-2000.00,21-2020.00,21-2020.00,"Directors, Religious Activities and Education",Titled,Community and Social Service Occupations,Religious Workers,Broad Group,"Plan and coordinate religious education and social activities within a faith community. May train volunteers, lead youth groups, or organize outreach.",
21-0000.00,21-2000.00,21-2020.00,21-2021.00,"Directors, Religious Activities and Education",Role,Community and Social Service Occupations,Religious Workers,"Directors, Religious Activities and Education","Plan, direct, or coordinate programs designed to promote the religious education or activities of a denominational group. May provide counseling and guidance relative to marital, health, financial, and religious problems.",
21-0000.00,21-2000.00,21-2090.00,21-2090.00,Miscellaneous Religious Workers,Titled,Community and Social Service Occupations,Religious Workers,Broad Group,"Perform faith-based or spiritual duties not encompassed by other roles, such as music ministry, spiritual counseling, or specialized pastoral services.",
21-0000.00,21-2000.00,21-2090.00,21-2099.00,"Religious Workers, All Other",Role,Community and Social Service Occupations,Religious Workers,Miscellaneous Religious Workers,All religious workers not listed separately.,
23-0000.00,23-0000.00,23-0000.00,23-0000.00,Legal Occupations,Major,Major Group,Major Group,Major Group,"Encompasses lawyers, judges, and related legal support roles. Individuals in these occupations interpret laws, advise clients, resolve disputes, and uphold legal standards through courts or legal institutions.",
23-0000.00,23-1000.00,23-1000.00,23-1000.00,"Lawyers, Judges, and Related Workers",Main,Legal Occupations,Minor Group,Minor Group,"This category includes various occupations related to the legal profession, such as lawyers, judges, magistrates, judicial law clerks, and legal researchers. Lawyers provide legal advice, represent clients in court, and handle legal matters, while judges and magistrates preside over court proceedings and make legal decisions.",
23-0000.00,23-1000.00,23-1010.00,23-1010.00,Lawyers and Judicial Law Clerks,Titled,Legal Occupations,"Lawyers, Judges, and Related Workers",Broad Group,"Represent clients in legal proceedings, draft legal documents, and offer legal advice. Judicial law clerks assist judges by conducting research and writing opinions.",
23-0000.00,23-1000.00,23-1010.00,23-1011.00,Lawyers,Role,Legal Occupations,"Lawyers, Judges, and Related Workers",Lawyers and Judicial Law Clerks,"Represent clients in criminal and civil litigation and other legal proceedings, draw up legal documents, or manage or advise clients on legal transactions. May specialize in a single area or may practice broadly in many areas of law.",
23-0000.00,23-1000.00,23-1010.00,23-1012.00,Judicial Law Clerks,Role,Legal Occupations,"Lawyers, Judges, and Related Workers",Lawyers and Judicial Law Clerks,Assist judges in court or by conducting research or preparing legal documents.,
23-0000.00,23-1000.00,23-1020.00,23-1020.00,"Judges, Magistrates, and Other Judicial Workers",Titled,Legal Occupations,"Lawyers, Judges, and Related Workers",Broad Group,"Preside over court proceedings, interpret and apply laws, make rulings, and render judgments in legal cases.",
23-0000.00,23-1000.00,23-1020.00,23-1021.00,"Administrative Law Judges, Adjudicators, and Hearing Officers",Role,Legal Occupations,"Lawyers, Judges, and Related Workers","Judges, Magistrates, and Other Judicial Workers","Conduct hearings to recommend or make decisions on claims concerning government programs or other government-related matters. Determine liability, sanctions, or penalties, or recommend the acceptance or rejection of claims or settlements.",
23-0000.00,23-1000.00,23-1020.00,23-1022.00,"Arbitrators, Mediators, and Conciliators",Role,Legal Occupations,"Lawyers, Judges, and Related Workers","Judges, Magistrates, and Other Judicial Workers",Facilitate negotiation and conflict resolution through dialogue. Resolve conflicts outside of the court system by mutual consent of parties involved.,
23-0000.00,23-1000.00,23-1020.00,23-1023.00,"Judges, Magistrate Judges, and Magistrates",Role,Legal Occupations,"Lawyers, Judges, and Related Workers","Judges, Magistrates, and Other Judicial Workers","Arbitrate, advise, adjudicate, or administer justice in a court of law. May sentence defendant in criminal cases according to government statutes or sentencing guidelines. May determine liability of defendant in civil cases. May perform wedding ceremonies.",
23-0000.00,23-2000.00,23-2000.00,23-2000.00,Legal Support Workers,Main,Legal Occupations,Minor Group,Minor Group,"Legal Support Workers provide various administrative and clerical support services to legal professionals and legal organizations. This category includes occupations such as paralegals, legal secretaries, legal assistants, and court reporters. They assist in preparing legal documents, conducting research, organizing case files, and providing administrative support.",
23-0000.00,23-2000.00,23-2010.00,23-2010.00,Paralegals and Legal Assistants,Titled,Legal Occupations,Legal Support Workers,Broad Group,"Support lawyers by conducting legal research, drafting documents, organizing case files, and investigating facts for hearings, trials, and corporate meetings.",
23-0000.00,23-2000.00,23-2010.00,23-2011.00,Paralegals and Legal Assistants,Role,Legal Occupations,Legal Support Workers,Paralegals and Legal Assistants,"Assist lawyers by investigating facts, preparing legal documents, or researching legal precedent. Conduct research to support a legal proceeding, to formulate a defense, or to initiate legal action.",
23-0000.00,23-2000.00,23-2090.00,23-2090.00,Miscellaneous Legal Support Workers,Titled,Legal Occupations,Legal Support Workers,Broad Group,"Carry out specialized legal support tasks not covered in other categories, such as abstracting and title searching, legal transcription, or eDiscovery management.",
23-0000.00,23-2000.00,23-2090.00,23-2091.00,Court Reporters,Role,Legal Occupations,Legal Support Workers,Miscellaneous Legal Support Workers,"Use verbatim methods and equipment to capture, store, retrieve, and transcribe pretrial and trial proceedings or other information. Includes stenocaptioners who operate computerized stenographic captioning equipment to provide captions of live or prerecorded broadcasts for hearing-impaired viewers.",
23-0000.00,23-2000.00,23-2090.00,23-2093.00,"Title Examiners, Abstractors, and Searchers",Role,Legal Occupations,Legal Support Workers,Miscellaneous Legal Support Workers,"Search real estate records, examine titles, or summarize pertinent legal or insurance documents or details for a variety of purposes. May compile lists of mortgages, contracts, and other instruments pertaining to titles by searching public and private records for law firms, real estate agencies, or title insurance companies.",
23-0000.00,23-2000.00,23-2090.00,23-2099.00,"Legal Support Workers, All Other",Role,Legal Occupations,Legal Support Workers,Miscellaneous Legal Support Workers,All legal support workers not listed separately.,
25-0000.00,25-0000.00,25-0000.00,25-0000.00,"Education, Training, and Library Occupations",Major,Major Group,Major Group,Major Group,"Comprises teachers, professors, librarians, and instructors who facilitate learning, develop curricula, manage library resources, and support academic or vocational growth in schools, colleges, or community programs.",
25-0000.00,25-1000.00,25-1000.00,25-1000.00,Postsecondary Teachers,Main,"Education, Training, and Library Occupations",Minor Group,Minor Group,"Postsecondary Teachers, also known as professors or faculty members, work in colleges, universities, and other higher education institutions. They teach academic and vocational subjects to students pursuing higher education. This category includes a wide range of disciplines, such as English literature, mathematics, biology, psychology, history, business, and many others.",
25-0000.00,25-1000.00,25-1010.00,25-1010.00,"Business Teachers, Postsecondary",Titled,"Education, Training, and Library Occupations",Postsecondary Teachers,Broad Group,"Teach courses in business administration or management at the college or university level. May conduct scholarly research, publish findings, and advise students.",
25-0000.00,25-1000.00,25-1010.00,25-1011.00,"Business Teachers, Postsecondary",Role,"Education, Training, and Library Occupations",Postsecondary Teachers,"Business Teachers, Postsecondary","Teach courses in business administration and management, such as accounting, finance, human resources, labor and industrial relations, marketing, and operations research. Includes both teachers primarily engaged in teaching and those who do a combination of teaching and research.",
25-0000.00,25-1000.00,25-1020.00,25-1020.00,"Math and Computer Teachers, Postsecondary",Titled,"Education, Training, and Library Occupations",Postsecondary Teachers,Broad Group,"Instruct students in mathematical or computer science disciplines at the postsecondary level. Prepare and deliver lectures, evaluate student work, and may conduct research.",
25-0000.00,25-1000.00,25-1020.00,25-1021.00,"Computer Science Teachers, Postsecondary",Role,"Education, Training, and Library Occupations",Postsecondary Teachers,"Math and Computer Teachers, Postsecondary","Teach courses in computer science. May specialize in a field of computer science, such as the design and function of computers or operations and research analysis. Includes both teachers primarily engaged in teaching and those who do a combination of teaching and research.",
25-0000.00,25-1000.00,25-1020.00,25-1022.00,"Mathematical Science Teachers, Postsecondary",Role,"Education, Training, and Library Occupations",Postsecondary Teachers,"Math and Computer Teachers, Postsecondary","Teach courses pertaining to mathematical concepts, statistics, and actuarial science and to the application of original and standardized mathematical techniques in solving specific problems and situations. Includes both teachers primarily engaged in teaching and those who do a combination of teaching and research.",
25-0000.00,25-1000.00,25-1030.00,25-1030.00,"Engineering and Architecture Teachers, Postsecondary",Titled,"Education, Training, and Library Occupations",Postsecondary Teachers,Broad Group,"Teach courses in engineering and architecture at the college level. Develop curricula, advise students, and engage in research or creative work within those fields.",
25-0000.00,25-1000.00,25-1030.00,25-1031.00,"Architecture Teachers, Postsecondary",Role,"Education, Training, and Library Occupations",Postsecondary Teachers,"Engineering and Architecture Teachers, Postsecondary","Teach courses in architecture and architectural design, such as architectural environmental design, interior architecture/design, and landscape architecture. Includes both teachers primarily engaged in teaching and those who do a combination of teaching and research.",
25-0000.00,25-1000.00,25-1030.00,25-1032.00,"Engineering Teachers, Postsecondary",Role,"Education, Training, and Library Occupations",Postsecondary Teachers,"Engineering and Architecture Teachers, Postsecondary","Teach courses pertaining to the application of physical laws and principles of engineering for the development of machines, materials, instruments, processes, and services. Includes teachers of subjects such as chemical, civil, electrical, industrial, mechanical, mineral, and petroleum engineering. Includes both teachers primarily engaged in teaching and those who do a combination of teaching and research.",
25-0000.00,25-1000.00,25-1040.00,25-1040.00,"Life Sciences Teachers, Postsecondary",Titled,"Education, Training, and Library Occupations",Postsecondary Teachers,Broad Group,"Educate students in biological sciences at colleges or universities. Prepare and deliver lectures, evaluate student performance, and conduct scientific research.",
25-0000.00,25-1000.00,25-1040.00,25-1041.00,"Agricultural Sciences Teachers, Postsecondary",Role,"Education, Training, and Library Occupations",Postsecondary Teachers,"Life Sciences Teachers, Postsecondary","Teach courses in the agricultural sciences. Includes teachers of agronomy, dairy sciences, fisheries management, horticultural sciences, poultry sciences, range management, and agricultural soil conservation. Includes both teachers primarily engaged in teaching and those who do a combination of teaching and research.",
25-0000.00,25-1000.00,25-1040.00,25-1042.00,"Biological Science Teachers, Postsecondary",Role,"Education, Training, and Library Occupations",Postsecondary Teachers,"Life Sciences Teachers, Postsecondary",Teach courses in biological sciences. Includes both teachers primarily engaged in teaching and those who do a combination of teaching and research.,
25-0000.00,25-1000.00,25-1040.00,25-1043.00,"Forestry and Conservation Science Teachers, Postsecondary",Role,"Education, Training, and Library Occupations",Postsecondary Teachers,"Life Sciences Teachers, Postsecondary",Teach courses in forestry and conservation science. Includes both teachers primarily engaged in teaching and those who do a combination of teaching and research.,
25-0000.00,25-1000.00,25-1050.00,25-1050.00,"Physical Sciences Teachers, Postsecondary",Titled,"Education, Training, and Library Occupations",Postsecondary Teachers,Broad Group,"Teach courses in physical science subjects—such as chemistry, physics, and geology—at the postsecondary level, conduct research, and publish findings.",
25-0000.00,25-1000.00,25-1050.00,25-1051.00,"Atmospheric, Earth, Marine, and Space Sciences Teachers, Postsecondary",Role,"Education, Training, and Library Occupations",Postsecondary Teachers,"Physical Sciences Teachers, Postsecondary","Teach courses in the physical sciences, except chemistry and physics. Includes both teachers primarily engaged in teaching, and those who do a combination of teaching and research.",
25-0000.00,25-1000.00,25-1050.00,25-1052.00,"Chemistry Teachers, Postsecondary",Role,"Education, Training, and Library Occupations",Postsecondary Teachers,"Physical Sciences Teachers, Postsecondary","Teach courses pertaining to the chemical and physical properties and compositional changes of substances. Work may include instruction in the methods of qualitative and quantitative chemical analysis. Includes both teachers primarily engaged in teaching, and those who do a combination of teaching and research.",
25-0000.00,25-1000.00,25-1050.00,25-1053.00,"Environmental Science Teachers, Postsecondary",Role,"Education, Training, and Library Occupations",Postsecondary Teachers,"Physical Sciences Teachers, Postsecondary",Teach courses in environmental science. Includes both teachers primarily engaged in teaching and those who do a combination of teaching and research.,
25-0000.00,25-1000.00,25-1050.00,25-1054.00,"Physics Teachers, Postsecondary",Role,"Education, Training, and Library Occupations",Postsecondary Teachers,"Physical Sciences Teachers, Postsecondary",Teach courses pertaining to the laws of matter and energy. Includes both teachers primarily engaged in teaching and those who do a combination of teaching and research.,
25-0000.00,25-1000.00,25-1060.00,25-1060.00,"Social Sciences Teachers, Postsecondary",Titled,"Education, Training, and Library Occupations",Postsecondary Teachers,Broad Group,"Teach courses in sociology, political science, or other social sciences at the college or university level. May also conduct scholarly research and publish findings.",
25-0000.00,25-1000.00,25-1060.00,25-1061.00,"Anthropology and Archeology Teachers, Postsecondary",Role,"Education, Training, and Library Occupations",Postsecondary Teachers,"Social Sciences Teachers, Postsecondary",Teach courses in anthropology or archeology. Includes both teachers primarily engaged in teaching and those who do a combination of teaching and research.,
25-0000.00,25-1000.00,25-1060.00,25-1062.00,"Area, Ethnic, and Cultural Studies Teachers, Postsecondary",Role,"Education, Training, and Library Occupations",Postsecondary Teachers,"Social Sciences Teachers, Postsecondary","Teach courses pertaining to the culture and development of an area, an ethnic group, or any other group, such as Latin American studies, women's studies, or urban affairs. Includes both teachers primarily engaged in teaching and those who do a combination of teaching and research.",
25-0000.00,25-1000.00,25-1060.00,25-1063.00,"Economics Teachers, Postsecondary",Role,"Education, Training, and Library Occupations",Postsecondary Teachers,"Social Sciences Teachers, Postsecondary",Teach courses in economics. Includes both teachers primarily engaged in teaching and those who do a combination of teaching and research.,
25-0000.00,25-1000.00,25-1060.00,25-1064.00,"Geography Teachers, Postsecondary",Role,"Education, Training, and Library Occupations",Postsecondary Teachers,"Social Sciences Teachers, Postsecondary",Teach courses in geography. Includes both teachers primarily engaged in teaching and those who do a combination of teaching and research.,
25-0000.00,25-1000.00,25-1060.00,25-1065.00,"Political Science Teachers, Postsecondary",Role,"Education, Training, and Library Occupations",Postsecondary Teachers,"Social Sciences Teachers, Postsecondary","Teach courses in political science, international affairs, and international relations. Includes both teachers primarily engaged in teaching and those who do a combination of teaching and research.",
25-0000.00,25-1000.00,25-1060.00,25-1066.00,"Psychology Teachers, Postsecondary",Role,"Education, Training, and Library Occupations",Postsecondary Teachers,"Social Sciences Teachers, Postsecondary","Teach courses in psychology, such as child, clinical, and developmental psychology, and psychological counseling. Includes both teachers primarily engaged in teaching and those who do a combination of teaching and research.",
25-0000.00,25-1000.00,25-1060.00,25-1067.00,"Sociology Teachers, Postsecondary",Role,"Education, Training, and Library Occupations",Postsecondary Teachers,"Social Sciences Teachers, Postsecondary",Teach courses in sociology. Includes both teachers primarily engaged in teaching and those who do a combination of teaching and research.,
25-0000.00,25-1000.00,25-1060.00,25-1069.00,"Social Sciences Teachers, Postsecondary, All Other",Role,"Education, Training, and Library Occupations",Postsecondary Teachers,"Social Sciences Teachers, Postsecondary",All postsecondary social sciences teachers not listed separately.,
25-0000.00,25-1000.00,25-1070.00,25-1070.00,"Health Teachers, Postsecondary",Titled,"Education, Training, and Library Occupations",Postsecondary Teachers,Broad Group,"Educate students on health-related subjects such as public health, nutrition, or health administration at postsecondary institutions. May conduct research and advise students.",
25-0000.00,25-1000.00,25-1070.00,25-1071.00,"Health Specialties Teachers, Postsecondary",Role,"Education, Training, and Library Occupations",Postsecondary Teachers,"Health Teachers, Postsecondary","Teach courses in health specialties, in fields such as dentistry, laboratory technology, medicine, pharmacy, public health, therapy, and veterinary medicine.",
25-0000.00,25-1000.00,25-1070.00,25-1072.00,"Nursing Instructors and Teachers, Postsecondary",Role,"Education, Training, and Library Occupations",Postsecondary Teachers,"Health Teachers, Postsecondary",Demonstrate and teach patient care in classroom and clinical units to nursing students. Includes both teachers primarily engaged in teaching and those who do a combination of teaching and research.,
25-0000.00,25-1000.00,25-1080.00,25-1080.00,"Education and Library Science Teachers, Postsecondary",Titled,"Education, Training, and Library Occupations",Postsecondary Teachers,Broad Group,"Instruct future educators and librarians in teaching methods, curriculum development, and library management. May also supervise student teachers and conduct research.",
25-0000.00,25-1000.00,25-1080.00,25-1081.00,"Education Teachers, Postsecondary",Role,"Education, Training, and Library Occupations",Postsecondary Teachers,"Education and Library Science Teachers, Postsecondary","Teach courses pertaining to education, such as counseling, curriculum, guidance, instruction, teacher education, and teaching English as a second language. Includes both teachers primarily engaged in teaching and those who do a combination of teaching and research.",
25-0000.00,25-1000.00,25-1080.00,25-1082.00,"Library Science Teachers, Postsecondary",Role,"Education, Training, and Library Occupations",Postsecondary Teachers,"Education and Library Science Teachers, Postsecondary",Teach courses in library science. Includes both teachers primarily engaged in teaching and those who do a combination of teaching and research.,
25-0000.00,25-1000.00,25-1110.00,25-1110.00,"Law, Criminal Justice, and Social Work Teachers, Postsecondary",Titled,"Education, Training, and Library Occupations",Postsecondary Teachers,Broad Group,"Provide instruction in legal studies, criminal justice, or social work at the college level. Develop course materials, deliver lectures, and may conduct specialized research.",
25-0000.00,25-1000.00,25-1110.00,25-1111.00,"Criminal Justice and Law Enforcement Teachers, Postsecondary",Role,"Education, Training, and Library Occupations",Postsecondary Teachers,"Law, Criminal Justice, and Social Work Teachers, Postsecondary","Teach courses in criminal justice, corrections, and law enforcement administration. Includes both teachers primarily engaged in teaching and those who do a combination of teaching and research.",
25-0000.00,25-1000.00,25-1110.00,25-1112.00,"Law Teachers, Postsecondary",Role,"Education, Training, and Library Occupations",Postsecondary Teachers,"Law, Criminal Justice, and Social Work Teachers, Postsecondary",Teach courses in law. Includes both teachers primarily engaged in teaching and those who do a combination of teaching and research.,
25-0000.00,25-1000.00,25-1110.00,25-1113.00,"Social Work Teachers, Postsecondary",Role,"Education, Training, and Library Occupations",Postsecondary Teachers,"Law, Criminal Justice, and Social Work Teachers, Postsecondary",Teach courses in social work. Includes both teachers primarily engaged in teaching and those who do a combination of teaching and research.,
25-0000.00,25-1000.00,25-1120.00,25-1120.00,"Arts, Communications, and Humanities Teachers, Postsecondary",Titled,"Education, Training, and Library Occupations",Postsecondary Teachers,Broad Group,"Teach courses in subjects like literature, foreign languages, communication, or visual/performing arts at the college or university level, and may be engaged in related research or creative work.",
25-0000.00,25-1000.00,25-1120.00,25-1121.00,"Art, Drama, and Music Teachers, Postsecondary",Role,"Education, Training, and Library Occupations",Postsecondary Teachers,"Arts, Communications, and Humanities Teachers, Postsecondary","Teach courses in drama, music, and the arts including fine and applied art, such as painting and sculpture, or design and crafts. Includes both teachers primarily engaged in teaching and those who do a combination of teaching and research.",
25-0000.00,25-1000.00,25-1120.00,25-1122.00,"Communications Teachers, Postsecondary",Role,"Education, Training, and Library Occupations",Postsecondary Teachers,"Arts, Communications, and Humanities Teachers, Postsecondary","Teach courses in communications, such as organizational communications, public relations, radio/television broadcasting, and journalism. Includes both teachers primarily engaged in teaching and those who do a combination of teaching and research.",
25-0000.00,25-1000.00,25-1120.00,25-1123.00,"English Language and Literature Teachers, Postsecondary",Role,"Education, Training, and Library Occupations",Postsecondary Teachers,"Arts, Communications, and Humanities Teachers, Postsecondary","Teach courses in English language and literature, including linguistics and comparative literature. Includes both teachers primarily engaged in teaching and those who do a combination of teaching and research.",
25-0000.00,25-1000.00,25-1120.00,25-1124.00,"Foreign Language and Literature Teachers, Postsecondary",Role,"Education, Training, and Library Occupations",Postsecondary Teachers,"Arts, Communications, and Humanities Teachers, Postsecondary",Teach languages and literature courses in languages other than English. Includes teachers of American Sign Language (ASL). Includes both teachers primarily engaged in teaching and those who do a combination of teaching and research.,
25-0000.00,25-1000.00,25-1120.00,25-1125.00,"History Teachers, Postsecondary",Role,"Education, Training, and Library Occupations",Postsecondary Teachers,"Arts, Communications, and Humanities Teachers, Postsecondary",Teach courses in human history and historiography. Includes both teachers primarily engaged in teaching and those who do a combination of teaching and research.,
25-0000.00,25-1000.00,25-1120.00,25-1126.00,"Philosophy and Religion Teachers, Postsecondary",Role,"Education, Training, and Library Occupations",Postsecondary Teachers,"Arts, Communications, and Humanities Teachers, Postsecondary","Teach courses in philosophy, religion, and theology. Includes both teachers primarily engaged in teaching and those who do a combination of teaching and research.",
25-0000.00,25-1000.00,25-1190.00,25-1190.00,Miscellaneous Postsecondary Teachers,Titled,"Education, Training, and Library Occupations",Postsecondary Teachers,Broad Group,"Instruct in postsecondary subjects not classified under other standard teaching categories, often involving specialized or emerging disciplines.",
25-0000.00,25-1000.00,25-1190.00,25-1191.00,Graduate Teaching Assistants,Role,"Education, Training, and Library Occupations",Postsecondary Teachers,Miscellaneous Postsecondary Teachers,"Assist faculty or other instructional staff in postsecondary institutions by performing teaching or teaching-related duties, such as teaching lower level courses, developing teaching materials, preparing and giving examinations, and grading examinations or papers. Graduate teaching assistants must be enrolled in a graduate school program. Graduate assistants who primarily perform non-teaching duties, such as research, should be reported in the occupational category related to the work performed.",
25-0000.00,25-1000.00,25-1190.00,25-1192.00,"Home Economics Teachers, Postsecondary",Role,"Education, Training, and Library Occupations",Postsecondary Teachers,Miscellaneous Postsecondary Teachers,"Teach courses in childcare, family relations, finance, nutrition, and related subjects pertaining to home management. Includes both teachers primarily engaged in teaching and those who do a combination of teaching and research.",
25-0000.00,25-1000.00,25-1190.00,25-1193.00,"Recreation and Fitness Studies Teachers, Postsecondary",Role,"Education, Training, and Library Occupations",Postsecondary Teachers,Miscellaneous Postsecondary Teachers,"Teach courses pertaining to recreation, leisure, and fitness studies, including exercise physiology and facilities management. Includes both teachers primarily engaged in teaching and those who do a combination of teaching and research.",
25-0000.00,25-1000.00,25-1190.00,25-1194.00,"Vocational Education Teachers, Postsecondary",Role,"Education, Training, and Library Occupations",Postsecondary Teachers,Miscellaneous Postsecondary Teachers,"Teach or instruct vocational or occupational subjects at the postsecondary level (but at less than the baccalaureate) to students who have graduated or left high school. Includes correspondence school, industrial, and commercial instructors; and adult education teachers and instructors who prepare persons to operate industrial machinery and equipment and transportation and communications equipment. Teaching may take place in public or private schools whose primary business is education or in a school associated with an organization whose primary business is other than education.",
25-0000.00,25-1000.00,25-1190.00,25-1199.00,"Postsecondary Teachers, All Other",Role,"Education, Training, and Library Occupations",Postsecondary Teachers,Miscellaneous Postsecondary Teachers,All postsecondary teachers not listed separately.,
25-0000.00,25-2000.00,25-2000.00,25-2000.00,"Preschool, Primary, Secondary, and Special Education School Teachers",Main,"Education, Training, and Library Occupations",Minor Group,Minor Group,"This category includes teachers who work in various educational settings, such as preschools, elementary schools, middle schools, high schools, and special education programs. They provide instruction, create lesson plans, assess student progress, and support the overall development and well-being of students.",
25-0000.00,25-2000.00,25-2010.00,25-2010.00,Preschool and Kindergarten Teachers,Titled,"Education, Training, and Library Occupations","Preschool, Primary, Secondary, and Special Education School Teachers",Broad Group,"Teach young children basic skills and concepts to prepare them for primary school, focusing on social, motor, language, and foundational academic development.",
25-0000.00,25-2000.00,25-2010.00,25-2011.00,"Preschool Teachers, Except Special Education",Role,"Education, Training, and Library Occupations","Preschool, Primary, Secondary, and Special Education School Teachers",Preschool and Kindergarten Teachers,"Instruct preschool-aged children in activities designed to promote social, physical, and intellectual growth needed for primary school in preschool, day care center, or other child development facility. May be required to hold State certification.",
25-0000.00,25-2000.00,25-2010.00,25-2012.00,"Kindergarten Teachers, Except Special Education",Role,"Education, Training, and Library Occupations","Preschool, Primary, Secondary, and Special Education School Teachers",Preschool and Kindergarten Teachers,"Teach elemental natural and social science, personal hygiene, music, art, and literature to kindergarten students. Promote physical, mental, and social development. May be required to hold State certification.",
25-0000.00,25-2000.00,25-2020.00,25-2020.00,Elementary and Middle School Teachers,Titled,"Education, Training, and Library Occupations","Preschool, Primary, Secondary, and Special Education School Teachers",Broad Group,"Instruct students in multiple academic and developmental areas, typically from first through eighth grade, fostering foundational skills and knowledge.",
25-0000.00,25-2000.00,25-2020.00,25-2021.00,"Elementary School Teachers, Except Special Education",Role,"Education, Training, and Library Occupations","Preschool, Primary, Secondary, and Special Education School Teachers",Elementary and Middle School Teachers,"Teach students basic academic, social, and other formative skills in public or private schools at the elementary level.",
25-0000.00,25-2000.00,25-2020.00,25-2022.00,"Middle School Teachers, Except Special and Career/Technical Education",Role,"Education, Training, and Library Occupations","Preschool, Primary, Secondary, and Special Education School Teachers",Elementary and Middle School Teachers,"Teach students in one or more subjects in public or private schools at the middle, intermediate, or junior high level, which falls between elementary and senior high school as defined by applicable laws and regulations.",
25-0000.00,25-2000.00,25-2020.00,25-2023.00,"Career/Technical Education Teachers, Middle School",Role,"Education, Training, and Library Occupations","Preschool, Primary, Secondary, and Special Education School Teachers",Elementary and Middle School Teachers,"Teach occupational, career and technical, or vocational subjects in public or private schools at the middle, intermediate, or junior high level, which falls between elementary and senior high school as defined by applicable laws and regulations.",
25-0000.00,25-2000.00,25-2030.00,25-2030.00,Secondary School Teachers,Titled,"Education, Training, and Library Occupations","Preschool, Primary, Secondary, and Special Education School Teachers",Broad Group,"Teach one or more subjects to high school students, preparing them for postsecondary education, careers, or vocational training.",
25-0000.00,25-2000.00,25-2030.00,25-2031.00,"Secondary School Teachers, Except Special and Career/Technical Education",Role,"Education, Training, and Library Occupations","Preschool, Primary, Secondary, and Special Education School Teachers",Secondary School Teachers,"Teach students in one or more subjects, such as English, mathematics, or social studies at the secondary level in public or private schools. May be designated according to subject matter specialty.",
25-0000.00,25-2000.00,25-2030.00,25-2032.00,"Career/Technical Education Teachers, Secondary School",Role,"Education, Training, and Library Occupations","Preschool, Primary, Secondary, and Special Education School Teachers",Secondary School Teachers,"Teach occupational, career and technical, or vocational subjects at the secondary school level in public or private schools.",
25-0000.00,25-2000.00,25-2050.00,25-2050.00,Special Education Teachers,Titled,"Education, Training, and Library Occupations","Preschool, Primary, Secondary, and Special Education School Teachers",Broad Group,"Work with students who have a wide range of learning, mental, emotional, or physical disabilities. Adapt general education lessons and teach various subjects.",
25-0000.00,25-2000.00,25-2050.00,25-2051.00,"Special Education Teachers, Preschool",Role,"Education, Training, and Library Occupations","Preschool, Primary, Secondary, and Special Education School Teachers",Special Education Teachers,Teach preschool school subjects to educationally and physically handicapped students. Includes teachers who specialize and work with audibly and visually handicapped students and those who teach basic academic and life processes skills to the mentally impaired.,
25-0000.00,25-2000.00,25-2050.00,25-2052.00,"Special Education Teachers, Kindergarten and Elementary School",Role,"Education, Training, and Library Occupations","Preschool, Primary, Secondary, and Special Education School Teachers",Special Education Teachers,Teach elementary school subjects to educationally and physically handicapped students. Includes teachers who specialize and work with audibly and visually handicapped students and those who teach basic academic and life processes skills to the mentally impaired.,
25-0000.00,25-2000.00,25-2050.00,25-2053.00,"Special Education Teachers, Middle School",Role,"Education, Training, and Library Occupations","Preschool, Primary, Secondary, and Special Education School Teachers",Special Education Teachers,Teach middle school subjects to educationally and physically handicapped students. Includes teachers who specialize and work with audibly and visually handicapped students and those who teach basic academic and life processes skills to the mentally impaired.,
25-0000.00,25-2000.00,25-2050.00,25-2054.00,"Special Education Teachers, Secondary School",Role,"Education, Training, and Library Occupations","Preschool, Primary, Secondary, and Special Education School Teachers",Special Education Teachers,Teach secondary school subjects to educationally and physically handicapped students. Includes teachers who specialize and work with audibly and visually handicapped students and those who teach basic academic and life processes skills to the mentally impaired.,
25-0000.00,25-2000.00,25-2050.00,25-2055.00,"Special Education Teachers, Kindergarten",Role,"Education, Training, and Library Occupations","Preschool, Primary, Secondary, and Special Education School Teachers",Special Education Teachers,"Teach academic, social, and life skills to kindergarten students with learning, emotional, or physical disabilities. Includes teachers who specialize and work with students who are blind or have visual impairments; students who are deaf or have hearing impairments; and students with intellectual disabilities.",
25-0000.00,25-2000.00,25-2050.00,25-2056.00,"Special Education Teachers, Elementary School",Role,"Education, Training, and Library Occupations","Preschool, Primary, Secondary, and Special Education School Teachers",Special Education Teachers,"Teach academic, social, and life skills to elementary school students with learning, emotional, or physical disabilities. Includes teachers who specialize and work with students who are blind or have visual impairments; students who are deaf or have hearing impairments; and students with intellectual disabilities.",
25-0000.00,25-2000.00,25-2050.00,25-2057.00,"Special Education Teachers, Middle School",Role,"Education, Training, and Library Occupations","Preschool, Primary, Secondary, and Special Education School Teachers",Special Education Teachers,"Teach academic, social, and life skills to middle school students with learning, emotional, or physical disabilities. Includes teachers who specialize and work with students who are blind or have visual impairments; students who are deaf or have hearing impairments; and students with intellectual disabilities.",
25-0000.00,25-2000.00,25-2050.00,25-2058.00,"Special Education Teachers, Secondary School",Role,"Education, Training, and Library Occupations","Preschool, Primary, Secondary, and Special Education School Teachers",Special Education Teachers,"Teach academic, social, and life skills to secondary school students with learning, emotional, or physical disabilities. Includes teachers who specialize and work with students who are blind or have visual impairments; students who are deaf or have hearing impairments; and students with intellectual disabilities.",
25-0000.00,25-2000.00,25-2050.00,25-2059.00,"Special Education Teachers, All Other",Role,"Education, Training, and Library Occupations","Preschool, Primary, Secondary, and Special Education School Teachers",Special Education Teachers,All special education teachers not listed separately.,
25-0000.00,25-2000.00,25-2050.00,25-2059.01,Adapted Physical Education Specialists,Role,"Education, Training, and Library Occupations","Preschool, Primary, Secondary, and Special Education School Teachers",Special Education Teachers,"Provide individualized physical education instruction or services to children, youth, or adults with exceptional physical needs due to gross motor developmental delays or other impairments.",
25-0000.00,25-3000.00,25-3000.00,25-3000.00,Other Teachers and Instructors,Main,"Education, Training, and Library Occupations",Minor Group,Minor Group,"This category includes a diverse range of instructional roles outside of traditional preschool, primary, secondary, and postsecondary education. It encompasses occupations such as fitness trainers and instructors, vocational instructors, language instructors, music instructors, and art teachers. These professionals provide specialized instruction in various settings, including fitness centers, community centers, language schools, and private studios.",
25-0000.00,25-3000.00,25-3010.00,25-3010.00,Adult Basic and Secondary Education and Literacy Teachers and Instructors,Titled,"Education, Training, and Library Occupations",Other Teachers and Instructors,Broad Group,"Teach adults in basic skills such as reading, writing, math, or English as a Second Language (ESL). May also prepare learners for GED exams or workforce readiness.",
25-0000.00,25-3000.00,25-3010.00,25-3011.00,Adult Basic and Secondary Education and Literacy Teachers and Instructors ,Role,"Education, Training, and Library Occupations",Other Teachers and Instructors,Adult Basic and Secondary Education and Literacy Teachers and Instructors ,"Teach or instruct out-of-school youths and adults in remedial education classes, preparatory classes for the General Educational Development test, literacy, or English as a Second Language. Teaching may or may not take place in a traditional educational institution.",
25-0000.00,25-3000.00,25-3020.00,25-3020.00,Self-Enrichment Education Teachers,Titled,"Education, Training, and Library Occupations",Other Teachers and Instructors,Broad Group,"Offer instruction in non-academic, leisure, or self-improvement subjects such as arts, crafts, music, language, or personal development.",
25-0000.00,25-3000.00,25-3020.00,25-3021.00,Self-Enrichment Education Teachers,Role,"Education, Training, and Library Occupations",Other Teachers and Instructors,Self-Enrichment Education Teachers,"Teach or instruct courses other than those that normally lead to an occupational objective or degree. Courses may include self-improvement, nonvocational, and nonacademic subjects. Teaching may or may not take place in a traditional educational institution.",
25-0000.00,25-3000.00,25-3030.00,25-3030.00,"Part-time Teachers and Instructors, All Other",Titled,"Education, Training, and Library Occupations",Other Teachers and Instructors,Broad Group,"The 25-3030.00 series is essentially the umbrella for teaching roles that don’t neatly fit into the more traditional, permanent classroom positions. In this case, it specifically covers substitute teachers—those nimble educators who jump in on short notice to keep the learning train chugging along when regular teachers are absent. These professionals typically follow the established lesson plans to maintain continuity for students, ensuring that the educational process doesn’t miss a beat. So, in a nutshell, the 25-3030.00 series is all about keeping classrooms in session with the dynamic, adaptable talent of short-term substitute teachers!",
25-0000.00,25-3000.00,25-3030.00,25-3031.00,"Substitute Teachers, Short-Term",Role,"Education, Training, and Library Occupations",Other Teachers and Instructors,"Part-time Teachers and Instructors, All Other","Teach students on a short-term basis as a temporary replacement for a regular classroom teacher, typically using the regular teacher's lesson plan.",
25-0000.00,25-3000.00,25-3040.00,25-3040.00,Teacher Assistants,Titled,"Education, Training, and Library Occupations",Other Teachers and Instructors,Broad Group,"Teacher Assistants, often known as paraprofessionals. These essential classroom allies support teachers by helping with instructional tasks, managing classroom activities, and offering individualized attention to students who might need a little extra help. Whether it's preparing learning materials, supervising small groups, or assisting in special education settings, teacher assistants play a key role in creating a nurturing and effective learning environment. If you enjoy working closely with students, thrive in a collaborative setting, and have a passion for making education accessible and engaging, this might be the perfect role for you—think of it as being the secret ingredient in the recipe for classroom success!",
25-0000.00,25-3000.00,25-3040.00,25-3041.00,Tutors,Role,"Education, Training, and Library Occupations",Other Teachers and Instructors,Teacher Assistants,Instruct individual students or small groups of students in academic subjects to support formal class instruction or to prepare students for standardized or admissions tests.,
25-0000.00,25-3000.00,25-3090.00,25-3090.00,Miscellaneous Teachers and Instructors,Titled,"Education, Training, and Library Occupations",Other Teachers and Instructors,Broad Group,"Teach or instruct in specialized subjects not outlined under standard categories, potentially including private tutoring or specialty workshops.",
25-0000.00,25-3000.00,25-3090.00,25-3099.00,"Teachers and Instructors, All Other",Role,"Education, Training, and Library Occupations",Other Teachers and Instructors,Miscellaneous Teachers and Instructors,All teachers and instructors not listed separately.,
25-0000.00,25-3000.00,25-3090.00,25-3099.02,Tutors,Role,"Education, Training, and Library Occupations",Other Teachers and Instructors,Miscellaneous Teachers and Instructors,"Provide non-classroom, academic instruction to students on an individual or small-group basis for proactive or remedial purposes.",
25-0000.00,25-4000.00,25-4000.00,25-4000.00,"Librarians, Curators, and Archivists",Main,"Education, Training, and Library Occupations",Minor Group,Minor Group,"This category includes professionals who work in libraries, museums, archives, and similar institutions. Librarians manage library collections, assist patrons in accessing information, and provide research support. Curators oversee collections in museums and galleries, organize exhibitions, and conduct research. Archivists preserve and maintain records and historical documents.",
25-0000.00,25-4000.00,25-4010.00,25-4010.00,"Archivists, Curators, and Museum Technicians",Titled,"Education, Training, and Library Occupations","Librarians, Curators, and Archivists",Broad Group,"Appraise, preserve, and catalog historical documents, artwork, and museum collections. Organize exhibitions, conduct research, and maintain public or academic archives.",
25-0000.00,25-4000.00,25-4010.00,25-4011.00,Archivists,Role,"Education, Training, and Library Occupations","Librarians, Curators, and Archivists","Archivists, Curators, and Museum Technicians","Appraise, edit, and direct safekeeping of permanent records and historically valuable documents. Participate in research activities based on archival materials.",
25-0000.00,25-4000.00,25-4010.00,25-4012.00,Curators,Role,"Education, Training, and Library Occupations","Librarians, Curators, and Archivists","Archivists, Curators, and Museum Technicians","Administer collections, such as artwork, collectibles, historic items, or scientific specimens of museums or other institutions. May conduct instructional, research, or public service activities of institution.",
25-0000.00,25-4000.00,25-4010.00,25-4013.00,Museum Technicians and Conservators,Role,"Education, Training, and Library Occupations","Librarians, Curators, and Archivists","Archivists, Curators, and Museum Technicians","Restore, maintain, or prepare objects in museum collections for storage, research, or exhibit. May work with specimens such as fossils, skeletal parts, or botanicals; or artifacts, textiles, or art. May identify and record objects or install and arrange them in exhibits. Includes book or document conservators.",
25-0000.00,25-4000.00,25-4020.00,25-4020.00,Librarians,Titled,"Education, Training, and Library Occupations","Librarians, Curators, and Archivists",Broad Group,"Manage library services, organize collections of books and digital media, assist patrons with research, and develop programs to encourage literacy and learning.",
25-0000.00,25-4000.00,25-4020.00,25-4021.00,Librarians,Role,"Education, Training, and Library Occupations","Librarians, Curators, and Archivists",Librarians,"Administer libraries and perform related library services. Work in a variety of settings, including public libraries, educational institutions, museums, corporations, government agencies, law firms, non-profit organizations, and healthcare providers. Tasks may include selecting, acquiring, cataloguing, classifying, circulating, and maintaining library materials; and furnishing reference, bibliographical, and readers' advisory services. May perform in-depth, strategic research, and synthesize, analyze, edit, and filter information. May set up or work with databases and information systems to catalogue and access information.",
25-0000.00,25-4000.00,25-4020.00,25-4022.00,Librarians and Media Collections Specialists,Role,"Education, Training, and Library Occupations","Librarians, Curators, and Archivists",Librarians,"Administer and maintain libraries or collections of information, for public or private access through reference or borrowing. Work in a variety of settings, such as educational institutions, museums, and corporations, and with various types of informational materials, such as books, periodicals, recordings, films, and databases. Tasks may include acquiring, cataloging, and circulating library materials, and user services such as locating and organizing information, providing instruction on how to access information, and setting up and operating a library's media equipment.",
25-0000.00,25-4000.00,25-4030.00,25-4030.00,Library Technicians,Titled,"Education, Training, and Library Occupations","Librarians, Curators, and Archivists",Broad Group,"Support librarians by organizing materials, assisting with circulation, maintaining records, and helping users locate information.",
25-0000.00,25-4000.00,25-4030.00,25-4031.00,Library Technicians,Role,"Education, Training, and Library Occupations","Librarians, Curators, and Archivists",Library Technicians,"Assist librarians by helping readers in the use of library catalogs, databases, and indexes to locate books and other materials; and by answering questions that require only brief consultation of standard reference. Compile records; sort and shelve books or other media; remove or repair damaged books or other media; register patrons; and check materials in and out of the circulation process. Replace materials in shelving area (stacks) or files. Includes bookmobile drivers who assist with providing services in mobile libraries.",
25-0000.00,25-9000.00,25-9000.00,25-9000.00,"Other Education, Training, and Library Occupations",Main,"Education, Training, and Library Occupations",Minor Group,Minor Group,"This category includes a diverse range of occupations related to education, training, and library services that do not fall into the specific subcategories. It encompasses various roles such as instructional coordinators, teacher assistants, educational support professionals, library technicians, and educational counselors. These professionals provide support, assistance, and services in educational and library settings.",
25-0000.00,25-9000.00,25-9010.00,25-9010.00,Audio-Visual and Multimedia Collections Specialists,Titled,"Education, Training, and Library Occupations","Other Education, Training, and Library Occupations",Broad Group,"Manage and operate multimedia collections and equipment. Select, install, and maintain audio-visual resources for libraries, schools, and other institutions.",
25-0000.00,25-9000.00,25-9010.00,25-9011.00,Audio-Visual and Multimedia Collections Specialists,Role,"Education, Training, and Library Occupations","Other Education, Training, and Library Occupations",Audio-Visual and Multimedia Collections Specialists,"Prepare, plan, and operate multimedia teaching aids for use in education. May record, catalogue, and file materials.",
25-0000.00,25-9000.00,25-9020.00,25-9020.00,Farm and Home Management Advisors,Titled,"Education, Training, and Library Occupations","Other Education, Training, and Library Occupations",Broad Group,"Advise and educate individuals or families on agriculture, horticulture, nutrition, and home management techniques to improve efficiency, health, and sustainability.",
25-0000.00,25-9000.00,25-9020.00,25-9021.00,Farm and Home Management Advisors,Role,"Education, Training, and Library Occupations","Other Education, Training, and Library Occupations",Farm and Home Management Advisors,"Advise, instruct, and assist individuals and families engaged in agriculture, agricultural-related processes, or home economics activities. Demonstrate procedures and apply research findings to solve problems; and instruct and train in product development, sales, and the use of machinery and equipment to promote general welfare. Includes county agricultural agents, feed and farm management advisors, home economists, and extension service advisors.",
25-0000.00,25-9000.00,25-9030.00,25-9030.00,Instructional Coordinators,Titled,"Education, Training, and Library Occupations","Other Education, Training, and Library Occupations",Broad Group,"Develop educational materials, coordinate curriculum standards, and provide training for teachers. Assess program effectiveness to enhance learning outcomes.",
25-0000.00,25-9000.00,25-9030.00,25-9031.00,Instructional Coordinators,Role,"Education, Training, and Library Occupations","Other Education, Training, and Library Occupations",Instructional Coordinators,"Develop instructional material, coordinate educational content, and incorporate current technology in specialized fields that provide guidelines to educators and instructors for developing curricula and conducting courses. Includes educational consultants and specialists, and instructional material directors.",
25-0000.00,25-9000.00,25-9030.00,25-9031.01,Instructional Designers and Technologists,Role,"Education, Training, and Library Occupations","Other Education, Training, and Library Occupations",Instructional Coordinators,"Develop instructional materials and products and assist in the technology-based redesign of courses. Assist faculty in learning about, becoming proficient in, and applying instructional technology.",
25-0000.00,25-9000.00,25-9040.00,25-9040.00,Teacher Assistants,Titled,"Education, Training, and Library Occupations","Other Education, Training, and Library Occupations",Broad Group,"Assist classroom teachers by providing additional support to students, preparing materials, and supervising classroom activities.",
25-0000.00,25-9000.00,25-9040.00,25-9041.00,Teacher Assistants,Role,"Education, Training, and Library Occupations","Other Education, Training, and Library Occupations",Teacher Assistants,Perform duties that are instructional in nature or deliver direct services to students or parents. Serve in a position for which a teacher has ultimate responsibility for the design and implementation of educational programs and services.,
25-0000.01,25-9000.01,25-9040.01,25-9042.00,"Teaching Assistants, Preschool, Elementary, Middle, and Secondary School, Except Special Education",Role,"Education, Training, and Library Occupations","Other Education, Training, and Library Occupations",Teacher Assistants,"Assist a preschool, elementary, middle, or secondary school teacher with instructional duties. Serve in a position for which a teacher has primary responsibility for the design and implementation of educational programs and services.",
25-0000.02,25-9000.02,25-9040.02,25-9043.00,"Teaching Assistants, Special Education",Role,"Education, Training, and Library Occupations","Other Education, Training, and Library Occupations",Teacher Assistants,"Assist a preschool, elementary, middle, or secondary school teacher to provide academic, social, or life skills to students who have learning, emotional, or physical disabilities. Serve in a position for which a teacher has primary responsibility for the design and implementation of educational programs and services.",
25-0000.03,25-9000.03,25-9040.03,25-9044.00,"Teaching Assistants, Postsecondary",Role,"Education, Training, and Library Occupations","Other Education, Training, and Library Occupations",Teacher Assistants,"Assist faculty or other instructional staff in postsecondary institutions by performing instructional support activities, such as developing teaching materials, leading discussion groups, preparing and giving examinations, and grading examinations or papers.",
25-0000.04,25-9000.04,25-9040.04,25-9049.00,"Teaching Assistants, All Other",Role,"Education, Training, and Library Occupations","Other Education, Training, and Library Occupations",Teacher Assistants,All teaching assistants not listed separately.,
25-0000.00,25-9000.00,25-9090.00,25-9090.00,"Miscellaneous Education, Training, and Library Workers",Titled,"Education, Training, and Library Occupations","Other Education, Training, and Library Occupations",Broad Group,"Perform various educational or library-related roles not classified under other standard occupations, possibly involving specialized instructional support or resource management.",
25-0000.00,25-9000.00,25-9090.00,25-9099.00,"Education, Training, and Library Workers, All Other",Role,"Education, Training, and Library Occupations","Other Education, Training, and Library Occupations","Miscellaneous Education, Training, and Library Workers","All education, training, and library workers not listed separately.",
27-0000.00,27-0000.00,27-0000.00,27-0000.00,"Arts, Design, Entertainment, Sports, and Media Occupations",Major,Major Group,Major Group,Major Group,"Covers creative and performance-based professions, including artists, designers, athletes, performers, writers, and media professionals responsible for cultural, artistic, and informational content.",
27-0000.00,27-1000.00,27-1000.00,27-1000.00,Art and Design Workers,Main,"Arts, Design, Entertainment, Sports, and Media Occupations",Minor Group,Minor Group,"This category includes a diverse range of occupations related to art, design, and creative industries. It encompasses roles such as graphic designers, multimedia artists and animators, fine artists, craft artists, and fashion designers. These professionals work in various industries, including advertising, media, entertainment, fashion, and visual arts.",
27-0000.00,27-1000.00,27-1010.00,27-1010.00,Artists and Related Workers,Titled,"Arts, Design, Entertainment, Sports, and Media Occupations",Art and Design Workers,Broad Group,"Create art to communicate ideas, thoughts, or feelings. May specialize in fine art, multimedia, or other creative mediums.",
27-0000.00,27-1000.00,27-1010.00,27-1011.00,Art Directors,Role,"Arts, Design, Entertainment, Sports, and Media Occupations",Art and Design Workers,Artists and Related Workers,"Formulate design concepts and presentation approaches for visual communications media, such as print, broadcasting, and advertising. Direct workers engaged in art work or layout design.",
27-0000.00,27-1000.00,27-1010.00,27-1012.00,Craft Artists,Role,"Arts, Design, Entertainment, Sports, and Media Occupations",Art and Design Workers,Artists and Related Workers,"Create or reproduce hand-made objects for sale and exhibition using a variety of techniques, such as welding, weaving, pottery, and needlecraft.",
27-0000.00,27-1000.00,27-1010.00,27-1013.00,"Fine Artists, Including Painters, Sculptors, and Illustrators",Role,"Arts, Design, Entertainment, Sports, and Media Occupations",Art and Design Workers,Artists and Related Workers,Create original artwork using any of a wide variety of media and techniques.,
27-0000.00,27-1000.00,27-1010.00,27-1014.00,Multimedia Artists and Animators,Role,"Arts, Design, Entertainment, Sports, and Media Occupations",Art and Design Workers,Artists and Related Workers,"Create special effects, animation, or other visual images using film, video, computers, or other electronic tools and media for use in products or creations, such as computer games, movies, music videos, and commercials.",
27-0000.00,27-1000.00,27-1010.00,27-1019.00,"Artists and Related Workers, All Other",Role,"Arts, Design, Entertainment, Sports, and Media Occupations",Art and Design Workers,Artists and Related Workers,All artists and related workers not listed separately.,
27-0000.00,27-1000.00,27-1020.00,27-1020.00,Designers,Titled,"Arts, Design, Entertainment, Sports, and Media Occupations",Art and Design Workers,Broad Group,"Develop visual concepts and designs in fields such as fashion, graphics, interiors, or industrial products to meet client or organizational needs.",
27-0000.00,27-1000.00,27-1020.00,27-1021.00,Commercial and Industrial Designers,Role,"Arts, Design, Entertainment, Sports, and Media Occupations",Art and Design Workers,Designers,"Develop and design manufactured products, such as cars, home appliances, and children's toys. Combine artistic talent with research on product use, marketing, and materials to create the most functional and appealing product design.",
27-0000.00,27-1000.00,27-1020.00,27-1022.00,Fashion Designers,Role,"Arts, Design, Entertainment, Sports, and Media Occupations",Art and Design Workers,Designers,Design clothing and accessories. Create original designs or adapt fashion trends.,
27-0000.00,27-1000.00,27-1020.00,27-1023.00,Floral Designers,Role,"Arts, Design, Entertainment, Sports, and Media Occupations",Art and Design Workers,Designers,"Design, cut, and arrange live, dried, or artificial flowers and foliage.",
27-0000.00,27-1000.00,27-1020.00,27-1024.00,Graphic Designers,Role,"Arts, Design, Entertainment, Sports, and Media Occupations",Art and Design Workers,Designers,"Design or create graphics to meet specific commercial or promotional needs, such as packaging, displays, or logos. May use a variety of mediums to achieve artistic or decorative effects.",
27-0000.00,27-1000.00,27-1020.00,27-1025.00,Interior Designers,Role,"Arts, Design, Entertainment, Sports, and Media Occupations",Art and Design Workers,Designers,"Plan, design, and furnish interiors of residential, commercial, or industrial buildings. Formulate design which is practical, aesthetic, and conducive to intended purposes, such as raising productivity, selling merchandise, or improving life style. May specialize in a particular field, style, or phase of interior design.",
27-0000.00,27-1000.00,27-1020.00,27-1026.00,Merchandise Displayers and Window Trimmers,Role,"Arts, Design, Entertainment, Sports, and Media Occupations",Art and Design Workers,Designers,"Plan and erect commercial displays, such as those in windows and interiors of retail stores and at trade exhibitions.",
27-0000.00,27-1000.00,27-1020.00,27-1027.00,Set and Exhibit Designers,Role,"Arts, Design, Entertainment, Sports, and Media Occupations",Art and Design Workers,Designers,"Design special exhibits and movie, television, and theater sets. May study scripts, confer with directors, and conduct research to determine appropriate architectural styles.",
27-0000.00,27-1000.00,27-1020.00,27-1029.00,"Designers, All Other",Role,"Arts, Design, Entertainment, Sports, and Media Occupations",Art and Design Workers,Designers,All designers not listed separately.,
27-0000.00,27-2000.00,27-2000.00,27-2000.00,"Entertainers and Performers, Sports and Related Workers",Main,"Arts, Design, Entertainment, Sports, and Media Occupations",Minor Group,Minor Group,"This category includes professionals involved in various forms of entertainment, performing arts, sports, and related fields. It encompasses occupations such as actors, dancers, musicians, athletes, coaches, and referees. These professionals work in industries such as theater, film and television, music, dance, sports, and recreation.",
27-0000.00,27-2000.00,27-2010.00,27-2010.00,"Actors, Producers, and Directors",Titled,"Arts, Design, Entertainment, Sports, and Media Occupations","Entertainers and Performers, Sports and Related Workers",Broad Group,"Portray roles in productions, oversee performance projects, or direct the creative, technical, and administrative aspects of film, theater, TV, or other media.",
27-0000.00,27-2000.00,27-2010.00,27-2011.00,Actors,Role,"Arts, Design, Entertainment, Sports, and Media Occupations","Entertainers and Performers, Sports and Related Workers","Actors, Producers, and Directors","Play parts in stage, television, radio, video, motion picture productions, or other settings for entertainment, information, or instruction. Interpret serious or comic role by speech, gesture, and body movement to entertain or inform audience. May dance and sing.",
27-0000.00,27-2000.00,27-2010.00,27-2012.00,Producers and Directors,Role,"Arts, Design, Entertainment, Sports, and Media Occupations","Entertainers and Performers, Sports and Related Workers","Actors, Producers, and Directors","Produce or direct stage, television, radio, video, or motion picture productions for entertainment, information, or instruction. Responsible for creative decisions, such as interpretation of script, choice of actors or guests, set design, sound, special effects, and choreography.",
27-0000.00,27-2000.00,27-2010.00,27-2012.01,Producers,Role,"Arts, Design, Entertainment, Sports, and Media Occupations","Entertainers and Performers, Sports and Related Workers","Actors, Producers, and Directors","Plan and coordinate various aspects of radio, television, stage, or motion picture production, such as selecting script, coordinating writing, directing and editing, and arranging financing.",
27-0000.00,27-2000.00,27-2010.00,27-2012.02,"Directors- Stage, Motion Pictures, Television, and Radio",Role,"Arts, Design, Entertainment, Sports, and Media Occupations","Entertainers and Performers, Sports and Related Workers","Actors, Producers, and Directors","Interpret script, conduct rehearsals, and direct activities of cast and technical crew for stage, motion pictures, television, or radio programs.",
27-0000.00,27-2000.00,27-2010.00,27-2012.03,Program Directors,Role,"Arts, Design, Entertainment, Sports, and Media Occupations","Entertainers and Performers, Sports and Related Workers","Actors, Producers, and Directors","Direct and coordinate activities of personnel engaged in preparation of radio or television station program schedules and programs, such as sports or news.",
27-0000.00,27-2000.00,27-2010.00,27-2012.04,Talent Directors,Role,"Arts, Design, Entertainment, Sports, and Media Occupations","Entertainers and Performers, Sports and Related Workers","Actors, Producers, and Directors","Audition and interview performers to select most appropriate talent for parts in stage, television, radio, or motion picture productions.",
27-0000.00,27-2000.00,27-2010.00,27-2012.05,Technical Directors/Managers,Role,"Arts, Design, Entertainment, Sports, and Media Occupations","Entertainers and Performers, Sports and Related Workers","Actors, Producers, and Directors","Coordinate activities of technical departments, such as taping, editing, engineering, and maintenance, to produce radio or television programs.",
27-0000.00,27-2000.00,27-2020.00,27-2020.00,"Athletes, Coaches, Umpires, and Related Workers",Titled,"Arts, Design, Entertainment, Sports, and Media Occupations","Entertainers and Performers, Sports and Related Workers",Broad Group,"Compete in athletic events, coach teams, or officiate sports. Train and condition athletes, analyze performance, and enforce rules during competitions.",
27-0000.00,27-2000.00,27-2020.00,27-2021.00,Athletes and Sports Competitors,Role,"Arts, Design, Entertainment, Sports, and Media Occupations","Entertainers and Performers, Sports and Related Workers","Athletes, Coaches, Umpires, and Related Workers",Compete in athletic events.,
27-0000.00,27-2000.00,27-2020.00,27-2022.00,Coaches and Scouts,Role,"Arts, Design, Entertainment, Sports, and Media Occupations","Entertainers and Performers, Sports and Related Workers","Athletes, Coaches, Umpires, and Related Workers",Instruct or coach groups or individuals in the fundamentals of sports. Demonstrate techniques and methods of participation. May evaluate athletes' strengths and weaknesses as possible recruits or to improve the athletes' technique to prepare them for competition. Those required to hold teaching degrees should be reported in the appropriate teaching category.,
27-0000.00,27-2000.00,27-2020.00,27-2023.00,"Umpires, Referees, and Other Sports Officials",Role,"Arts, Design, Entertainment, Sports, and Media Occupations","Entertainers and Performers, Sports and Related Workers","Athletes, Coaches, Umpires, and Related Workers","Officiate at competitive athletic or sporting events. Detect infractions of rules and decide penalties according to established regulations. Includes all sporting officials, referees, and competition judges.",
27-0000.00,27-2000.00,27-2030.00,27-2030.00,Dancers and Choreographers,Titled,"Arts, Design, Entertainment, Sports, and Media Occupations","Entertainers and Performers, Sports and Related Workers",Broad Group,"Express ideas and stories through dance. May also create and direct dance routines for performances, competitions, or instructional purposes.",
27-0000.00,27-2000.00,27-2030.00,27-2031.00,Dancers,Role,"Arts, Design, Entertainment, Sports, and Media Occupations","Entertainers and Performers, Sports and Related Workers",Dancers and Choreographers,"Perform dances. May perform on stage, for on-air broadcasting, or for video recording.",
27-0000.00,27-2000.00,27-2030.00,27-2032.00,Choreographers,Role,"Arts, Design, Entertainment, Sports, and Media Occupations","Entertainers and Performers, Sports and Related Workers",Dancers and Choreographers,Create new dance routines. Rehearse performance of routines. May direct and stage presentations.,
27-0000.00,27-2000.00,27-2040.00,27-2040.00,"Musicians, Singers, and Related Workers",Titled,"Arts, Design, Entertainment, Sports, and Media Occupations","Entertainers and Performers, Sports and Related Workers",Broad Group,"Perform music in live or recorded settings, compose or arrange songs, and practice to maintain and develop musical skills.",
27-0000.00,27-2000.00,27-2040.00,27-2041.00,Music Directors and Composers,Role,"Arts, Design, Entertainment, Sports, and Media Occupations","Entertainers and Performers, Sports and Related Workers","Musicians, Singers, and Related Workers","Conduct, direct, plan, and lead instrumental or vocal performances by musical groups, such as orchestras, bands, choirs, and glee clubs. Includes arrangers, composers, choral directors, and orchestrators.",
27-0000.00,27-2000.00,27-2040.00,27-2041.01,Music Directors,Role,"Arts, Design, Entertainment, Sports, and Media Occupations","Entertainers and Performers, Sports and Related Workers","Musicians, Singers, and Related Workers","Direct and conduct instrumental or vocal performances by musical groups, such as orchestras or choirs.",
27-0000.00,27-2000.00,27-2040.00,27-2041.04,Music Composers and Arrangers,Role,"Arts, Design, Entertainment, Sports, and Media Occupations","Entertainers and Performers, Sports and Related Workers","Musicians, Singers, and Related Workers",Write and transcribe musical scores.,
27-0000.00,27-2000.00,27-2040.00,27-2042.00,Musicians and Singers,Role,"Arts, Design, Entertainment, Sports, and Media Occupations","Entertainers and Performers, Sports and Related Workers","Musicians, Singers, and Related Workers","Play one or more musical instruments or sing. May perform on stage, for on-air broadcasting, or for sound or video recording.",
27-0000.00,27-2000.00,27-2040.00,27-2042.01,Singers,Role,"Arts, Design, Entertainment, Sports, and Media Occupations","Entertainers and Performers, Sports and Related Workers","Musicians, Singers, and Related Workers","Sing songs on stage, radio, television, or motion pictures.",
27-0000.00,27-2000.00,27-2040.00,27-2042.02,"Musicians, Instrumental",Role,"Arts, Design, Entertainment, Sports, and Media Occupations","Entertainers and Performers, Sports and Related Workers","Musicians, Singers, and Related Workers","Play one or more musical instruments in recital, in accompaniment, or as members of an orchestra, band, or other musical group.",
27-0000.00,27-2000.00,27-2090.00,27-2090.00,"Miscellaneous Entertainers and Performers, Sports and Related Workers",Titled,"Arts, Design, Entertainment, Sports, and Media Occupations","Entertainers and Performers, Sports and Related Workers",Broad Group,"Engage in entertainment or sports activities not elsewhere classified, including circus performers, stunt performers, or other unique roles in the sports and entertainment industry.",
27-0000.00,27-2000.00,27-2090.00,27-2091.00,"Disc Jockeys, Except Radio",Role,"Arts, Design, Entertainment, Sports, and Media Occupations","Entertainers and Performers, Sports and Related Workers","Miscellaneous Entertainers and Performers, Sports and Related Workers","Play prerecorded music for live audiences at venues or events such as clubs, parties, or wedding receptions. May use techniques such as mixing, cutting, or sampling to manipulate recordings. May also perform as emcee (master of ceremonies).",
27-0000.00,27-2000.00,27-2090.00,27-2099.00,"Entertainers and Performers, Sports and Related Workers, All Other",Role,"Arts, Design, Entertainment, Sports, and Media Occupations","Entertainers and Performers, Sports and Related Workers","Miscellaneous Entertainers and Performers, Sports and Related Workers","All entertainers and performers, sports and related workers not listed separately.",
27-0000.00,27-3000.00,27-3000.00,27-3000.00,Media and Communication Workers,Main,"Arts, Design, Entertainment, Sports, and Media Occupations",Minor Group,Minor Group,"This category includes professionals involved in various aspects of media and communication, including journalism, broadcasting, public relations, advertising, and digital media. It encompasses occupations such as reporters, editors, broadcast technicians, public relations specialists, and advertising professionals.",
27-0000.00,27-3000.00,27-3010.00,27-3010.00,Announcers,Titled,"Arts, Design, Entertainment, Sports, and Media Occupations",Media and Communication Workers,Broad Group,"Present music, news, or sports over television, radio, or live events. May interview guests, operate studio equipment, or provide commentary on broadcasts.",
27-0000.00,27-3000.00,27-3010.00,27-3011.00,Radio and Television Announcers,Role,"Arts, Design, Entertainment, Sports, and Media Occupations",Media and Communication Workers,Announcers,"Speak or read from scripted materials, such as news reports or commercial messages, on radio or television. May announce artist or title of performance, identify station, or interview guests.",
27-0000.00,27-3000.00,27-3010.00,27-3012.00,Public Address System and Other Announcers,Role,"Arts, Design, Entertainment, Sports, and Media Occupations",Media and Communication Workers,Announcers,"Make announcements over public address system at sporting or other public events. May act as master of ceremonies or disc jockey at weddings, parties, clubs, or other gathering places.",
27-0000.00,27-3000.00,27-3020.00,27-3020.00,"News Analysts, Reporters and Correspondents",Titled,"Arts, Design, Entertainment, Sports, and Media Occupations",Media and Communication Workers,Broad Group,"Investigate, research, and report on current events and news stories. Gather information through interviews or records, and present findings via print, broadcast, or online media.",
27-0000.00,27-3000.00,27-3020.00,27-3021.00,Broadcast News Analysts,Role,"Arts, Design, Entertainment, Sports, and Media Occupations",Media and Communication Workers,"News Analysts, Reporters and Correspondents","Analyze, interpret, and broadcast news received from various sources.",
27-0000.00,27-3000.00,27-3020.00,27-3022.00,Reporters and Correspondents,Role,"Arts, Design, Entertainment, Sports, and Media Occupations",Media and Communication Workers,"News Analysts, Reporters and Correspondents","Collect and analyze facts about newsworthy events by interview, investigation, or observation. Report and write stories for newspaper, news magazine, radio, or television.",
,,,,,,,,,,
27-0000.00,27-3000.00,27-3030.00,27-3030.00,Public Relations Specialists,Titled,"Arts, Design, Entertainment, Sports, and Media Occupations",Media and Communication Workers,Broad Group,"Build and maintain a positive public image for clients or organizations. Create media releases, develop communication strategies, and coordinate promotional events.",
27-0000.00,27-3000.00,27-3030.00,27-3031.00,Public Relations Specialists,Role,"Arts, Design, Entertainment, Sports, and Media Occupations",Media and Communication Workers,Public Relations Specialists,"Engage in promoting or creating an intended public image for individuals, groups, or organizations. May write or select material for release to various communications media.",
27-0000.00,27-3000.00,27-3040.00,27-3040.00,Writers and Editors,Titled,"Arts, Design, Entertainment, Sports, and Media Occupations",Media and Communication Workers,Broad Group,"Originate written content for various media, revise and refine drafts for clarity and accuracy, and ensure final outputs meet editorial standards.",
27-0000.00,27-3000.00,27-3040.00,27-3041.00,Editors,Role,"Arts, Design, Entertainment, Sports, and Media Occupations",Media and Communication Workers,Writers and Editors,"Plan, coordinate, or edit content of material for publication. May review proposals and drafts for possible publication. Includes technical editors.",
27-0000.00,27-3000.00,27-3040.00,27-3042.00,Technical Writers,Role,"Arts, Design, Entertainment, Sports, and Media Occupations",Media and Communication Workers,Writers and Editors,"Write technical materials, such as equipment manuals, appendices, or operating and maintenance instructions. May assist in layout work.",
27-0000.00,27-3000.00,27-3040.00,27-3043.00,Writers and Authors,Role,"Arts, Design, Entertainment, Sports, and Media Occupations",Media and Communication Workers,Writers and Editors,"Originate and prepare written material, such as scripts, stories, advertisements, and other material.",
27-0000.00,27-3000.00,27-3040.00,27-3043.04,Copy Writers,Role,"Arts, Design, Entertainment, Sports, and Media Occupations",Media and Communication Workers,Writers and Editors,Write advertising copy for use by publication or broadcast media to promote sale of goods and services.,
27-0000.00,27-3000.00,27-3040.00,27-3043.05,"Poets, Lyricists and Creative Writers",Role,"Arts, Design, Entertainment, Sports, and Media Occupations",Media and Communication Workers,Writers and Editors,"Create original written works, such as scripts, essays, prose, poetry or song lyrics, for publication or performance.",
27-0000.00,27-3000.00,27-3090.00,27-3090.00,Miscellaneous Media and Communication Workers,Titled,"Arts, Design, Entertainment, Sports, and Media Occupations",Media and Communication Workers,Broad Group,"Perform communications functions not covered under other occupations, such as press agents, bloggers, or content creators using new media platforms.",
27-0000.00,27-3000.00,27-3090.00,27-3091.00,Interpreters and Translators,Role,"Arts, Design, Entertainment, Sports, and Media Occupations",Media and Communication Workers,Miscellaneous Media and Communication Workers,"Interpret oral or sign language, or translate written text from one language into another.",
27-0000.00,27-3000.00,27-3090.00,27-3099.00,"Media and Communication Workers, All Other",Role,"Arts, Design, Entertainment, Sports, and Media Occupations",Media and Communication Workers,Miscellaneous Media and Communication Workers,All media and communication workers not listed separately.,
27-0000.00,27-4000.00,27-4000.00,27-4000.00,Media and Communication Equipment Workers,Main,"Arts, Design, Entertainment, Sports, and Media Occupations",Minor Group,Minor Group,"This category includes professionals who specialize in the installation, maintenance, and operation of equipment used in media production, broadcasting, telecommunications, and related fields. It encompasses occupations such as broadcast and sound engineering technicians, camera operators, audio and video equipment technicians, and telecommunications equipment installers.",
27-0000.00,27-4000.00,27-4010.00,27-4010.00,Broadcast and Sound Engineering Technicians and Radio Operators,Titled,"Arts, Design, Entertainment, Sports, and Media Occupations",Media and Communication Equipment Workers,Broad Group,"Set up, operate, and maintain equipment to broadcast radio or television programs and record or enhance audio. May also regulate volume and sound quality during broadcasts.",
27-0000.00,27-4000.00,27-4010.00,27-4011.00,Audio and Video Equipment Technicians,Role,"Arts, Design, Entertainment, Sports, and Media Occupations",Media and Communication Equipment Workers,Broadcast and Sound Engineering Technicians and Radio Operators,"Set up, or set up and operate audio and video equipment including microphones, sound speakers, video screens, projectors, video monitors, recording equipment, connecting wires and cables, sound and mixing boards, and related electronic equipment for concerts, sports events, meetings and conventions, presentations, and news conferences. May also set up and operate associated spotlights and other custom lighting systems.",
27-0000.00,27-4000.00,27-4010.00,27-4012.00,Broadcast Technicians,Role,"Arts, Design, Entertainment, Sports, and Media Occupations",Media and Communication Equipment Workers,Broadcast and Sound Engineering Technicians and Radio Operators,"Set up, operate, and maintain the electronic equipment used to transmit radio and television programs. Control audio equipment to regulate volume level and quality of sound during radio and television broadcasts. Operate transmitter to broadcast radio or television programs.",
27-0000.00,27-4000.00,27-4010.00,27-4013.00,Radio Operators,Role,"Arts, Design, Entertainment, Sports, and Media Occupations",Media and Communication Equipment Workers,Broadcast and Sound Engineering Technicians and Radio Operators,Receive and transmit communications using radiotelephone equipment in accordance with government regulations. May repair equipment.,
27-0000.00,27-4000.00,27-4010.00,27-4014.00,Sound Engineering Technicians,Role,"Arts, Design, Entertainment, Sports, and Media Occupations",Media and Communication Equipment Workers,Broadcast and Sound Engineering Technicians and Radio Operators,"Operate machines and equipment to record, synchronize, mix, or reproduce music, voices, or sound effects in sporting arenas, theater productions, recording studios, or movie and video productions.",
27-0000.00,27-4000.00,27-4020.00,27-4020.00,Photographers,Titled,"Arts, Design, Entertainment, Sports, and Media Occupations",Media and Communication Equipment Workers,Broad Group,"Capture images of people, events, or objects, using various photographic techniques and equipment. May edit and enhance images for final presentation.",
27-0000.00,27-4000.00,27-4020.00,27-4021.00,Photographers,Role,"Arts, Design, Entertainment, Sports, and Media Occupations",Media and Communication Equipment Workers,Photographers,"Photograph people, landscapes, merchandise, or other subjects, using digital or film cameras and equipment. May develop negatives or use computer software to produce finished images and prints. Includes scientific photographers, aerial photographers, and photojournalists.",
27-0000.00,27-4000.00,27-4030.00,27-4030.00,"Television, Video, and Motion Picture Camera Operators and Editors",Titled,"Arts, Design, Entertainment, Sports, and Media Occupations",Media and Communication Equipment Workers,Broad Group,"Operate cameras to record images or scenes for TV, film, or digital media. Edit raw footage into finished products that meet artistic or project goals.",
27-0000.00,27-4000.00,27-4030.00,27-4031.00,"Camera Operators, Television, Video, and Motion Picture",Role,"Arts, Design, Entertainment, Sports, and Media Occupations",Media and Communication Equipment Workers,"Television, Video, and Motion Picture Camera Operators and Editors","Operate television, video, or motion picture camera to record images or scenes for various purposes, such as TV broadcasts, advertising, video production, or motion pictures.",
27-0000.00,27-4000.00,27-4030.00,27-4032.00,Film and Video Editors,Role,"Arts, Design, Entertainment, Sports, and Media Occupations",Media and Communication Equipment Workers,"Television, Video, and Motion Picture Camera Operators and Editors","Edit moving images on film, video, or other media. May edit or synchronize soundtracks with images.",
27-0000.00,27-4000.00,27-4090.00,27-4090.00,Miscellaneous Media and Communication Equipment Workers,Titled,"Arts, Design, Entertainment, Sports, and Media Occupations",Media and Communication Equipment Workers,Broad Group,"Operate or manage specialized media or communication equipment not covered in other classifications, possibly including lighting techs, sound mixers, or satellite communications operators.",
27-0000.00,27-4000.00,27-4090.00,27-4099.00,"Media and Communication Equipment Workers, All Other",Role,"Arts, Design, Entertainment, Sports, and Media Occupations",Media and Communication Equipment Workers,Miscellaneous Media and Communication Equipment Workers,All media and communication equipment workers not listed separately.,
29-0000.00,29-0000.00,29-0000.00,29-0000.00,Healthcare Practitioners and Technical Occupations,Major,Major Group,Major Group,Major Group,"Involves diagnosing, treating, and caring for patients. Includes doctors, nurses, pharmacists, and technicians who use clinical knowledge and technical skills to promote and restore health.",
29-0000.00,29-1000.00,29-1000.00,29-1000.00,Health Diagnosing and Treating Practitioners,Main,Healthcare Practitioners and Technical Occupations,Minor Group,Minor Group,"This category includes a wide range of healthcare professionals involved in diagnosing and treating patients. It encompasses occupations such as physicians, surgeons, dentists, optometrists, podiatrists, chiropractors, and other specialized healthcare practitioners. These professionals work in various healthcare settings, including hospitals, clinics, private practices, and research institutions.",
29-0000.00,29-1000.00,29-1010.00,29-1010.00,Chiropractors,Titled,Healthcare Practitioners and Technical Occupations,Health Diagnosing and Treating Practitioners,Broad Group,"Assess and treat neuromusculoskeletal conditions, focusing on spinal alignment and manipulation. May advise on exercise, lifestyle, and nutrition to promote overall wellness.",
29-0000.00,29-1000.00,29-1010.00,29-1011.00,Chiropractors,Role,Healthcare Practitioners and Technical Occupations,Health Diagnosing and Treating Practitioners,Chiropractors,"Assess, treat, and care for patients by manipulation of spine and musculoskeletal system. May provide spinal adjustment or address sacral or pelvic misalignment.",
29-0000.00,29-1000.00,29-1020.00,29-1020.00,Dentists,Titled,Healthcare Practitioners and Technical Occupations,Health Diagnosing and Treating Practitioners,Broad Group,"Diagnose and treat diseases, injuries, and malformations of the teeth and gums. Provide preventive care, perform dental surgeries, and educate patients on oral health.",
29-0000.00,29-1000.00,29-1020.00,29-1021.00,"Dentists, General",Role,Healthcare Practitioners and Technical Occupations,Health Diagnosing and Treating Practitioners,Dentists,"Examine, diagnose, and treat diseases, injuries, and malformations of teeth and gums. May treat diseases of nerve, pulp, and other dental tissues affecting oral hygiene and retention of teeth. May fit dental appliances or provide preventive care.",
29-0000.00,29-1000.00,29-1020.00,29-1022.00,Oral and Maxillofacial Surgeons,Role,Healthcare Practitioners and Technical Occupations,Health Diagnosing and Treating Practitioners,Dentists,"Perform surgery and related procedures on the hard and soft tissues of the oral and maxillofacial regions to treat diseases, injuries, or defects. May diagnose problems of the oral and maxillofacial regions. May perform surgery to improve function or appearance.",
29-0000.00,29-1000.00,29-1020.00,29-1023.00,Orthodontists,Role,Healthcare Practitioners and Technical Occupations,Health Diagnosing and Treating Practitioners,Dentists,"Examine, diagnose, and treat dental malocclusions and oral cavity anomalies. Design and fabricate appliances to realign teeth and jaws to produce and maintain normal function and to improve appearance.",
29-0000.00,29-1000.00,29-1020.00,29-1024.00,Prosthodontists,Role,Healthcare Practitioners and Technical Occupations,Health Diagnosing and Treating Practitioners,Dentists,"Construct oral prostheses to replace missing teeth and other oral structures to correct natural and acquired deformation of mouth and jaws, to restore and maintain oral function, such as chewing and speaking, and to improve appearance.",
29-0000.00,29-1000.00,29-1020.00,29-1029.00,"Dentists, All Other Specialists",Role,Healthcare Practitioners and Technical Occupations,Health Diagnosing and Treating Practitioners,Dentists,All dentists not listed separately.,
29-0000.00,29-1000.00,29-1030.00,29-1030.00,Dietitians and Nutritionists,Titled,Healthcare Practitioners and Technical Occupations,Health Diagnosing and Treating Practitioners,Broad Group,"Advise individuals or groups on nutritional practices to maintain or improve health. May plan and implement meal programs, assess dietary needs, and promote healthy eating.",
29-0000.00,29-1000.00,29-1030.00,29-1031.00,Dietitians and Nutritionists,Role,Healthcare Practitioners and Technical Occupations,Health Diagnosing and Treating Practitioners,Dietitians and Nutritionists,"Plan and conduct food service or nutritional programs to assist in the promotion of health and control of disease. May supervise activities of a department providing quantity food services, counsel individuals, or conduct nutritional research.",
29-0000.00,29-1000.00,29-1040.00,29-1040.00,Optometrists,Titled,Healthcare Practitioners and Technical Occupations,Health Diagnosing and Treating Practitioners,Broad Group,"Examine eyes and visual systems, diagnose eye-related conditions, and prescribe lenses or other treatments to improve and protect vision.",
29-0000.00,29-1000.00,29-1040.00,29-1041.00,Optometrists,Role,Healthcare Practitioners and Technical Occupations,Health Diagnosing and Treating Practitioners,Optometrists,"Diagnose, manage, and treat conditions and diseases of the human eye and visual system. Examine eyes and visual system, diagnose problems or impairments, prescribe corrective lenses, and provide treatment. May prescribe therapeutic drugs to treat specific eye conditions.",
29-0000.00,29-1000.00,29-1050.00,29-1050.00,Pharmacists,Titled,Healthcare Practitioners and Technical Occupations,Health Diagnosing and Treating Practitioners,Broad Group,"Dispense prescription medications, provide expertise in drug therapy, and counsel patients on medication usage, side effects, and interactions.",
29-0000.00,29-1000.00,29-1050.00,29-1051.00,Pharmacists,Role,Healthcare Practitioners and Technical Occupations,Health Diagnosing and Treating Practitioners,Pharmacists,"Dispense drugs prescribed by physicians and other health practitioners and provide information to patients about medications and their use. May advise physicians and other health practitioners on the selection, dosage, interactions, and side effects of medications.",
29-0000.00,29-1000.00,29-1060.00,29-1060.00,Physicians and Surgeons,Titled,Healthcare Practitioners and Technical Occupations,Health Diagnosing and Treating Practitioners,Broad Group,"Diagnose illnesses, prescribe treatments, and perform procedures or surgeries to restore patient health. May specialize in areas like cardiology, pediatrics, or surgery.",
29-0000.00,29-1000.00,29-1060.00,29-1061.00,Anesthesiologists,Role,Healthcare Practitioners and Technical Occupations,Health Diagnosing and Treating Practitioners,Physicians and Surgeons,"Physicians who administer anesthetics prior to, during, or after surgery or other medical procedures.",
29-0000.00,29-1000.00,29-1060.00,29-1062.00,Family and General Practitioners,Role,Healthcare Practitioners and Technical Occupations,Health Diagnosing and Treating Practitioners,Physicians and Surgeons,"Physicians who diagnose, treat, and help prevent diseases and injuries that commonly occur in the general population. May refer patients to specialists when needed for further diagnosis or treatment.",
29-0000.00,29-1000.00,29-1060.00,29-1063.00,"Internists, General",Role,Healthcare Practitioners and Technical Occupations,Health Diagnosing and Treating Practitioners,Physicians and Surgeons,Physicians who diagnose and provide non-surgical treatment of diseases and injuries of internal organ systems. Provide care mainly for adults who have a wide range of problems associated with the internal organs.,
29-0000.00,29-1000.00,29-1060.00,29-1064.00,Obstetricians and Gynecologists,Role,Healthcare Practitioners and Technical Occupations,Health Diagnosing and Treating Practitioners,Physicians and Surgeons,"Physicians who provide medical care related to pregnancy or childbirth and those who diagnose, treat, and help prevent diseases of women, particularly those affecting the reproductive system. May also provide general medical care to women.",
29-0000.00,29-1000.00,29-1060.00,29-1065.00,"Pediatricians, General",Role,Healthcare Practitioners and Technical Occupations,Health Diagnosing and Treating Practitioners,Physicians and Surgeons,"Physicians who diagnose, treat, and help prevent children's diseases and injuries.",
29-0000.00,29-1000.00,29-1060.00,29-1066.00,Psychiatrists,Role,Healthcare Practitioners and Technical Occupations,Health Diagnosing and Treating Practitioners,Physicians and Surgeons,"Physicians who diagnose, treat, and help prevent disorders of the mind.",
29-0000.00,29-1000.00,29-1060.00,29-1067.00,Surgeons,Role,Healthcare Practitioners and Technical Occupations,Health Diagnosing and Treating Practitioners,Physicians and Surgeons,"Physicians who treat diseases, injuries, and deformities by invasive, minimally-invasive, or non-invasive surgical methods, such as using instruments, appliances, or by manual manipulation.",
29-0000.00,29-1000.00,29-1060.00,29-1069.00,"Physicians and Surgeons, All Other",Role,Healthcare Practitioners and Technical Occupations,Health Diagnosing and Treating Practitioners,Physicians and Surgeons,All physicians and surgeons not listed separately.,
29-0000.00,29-1000.00,29-1060.00,29-1069.01,Allergists and Immunologists,Role,Healthcare Practitioners and Technical Occupations,Health Diagnosing and Treating Practitioners,Physicians and Surgeons,"Diagnose, treat, and help prevent allergic diseases and disease processes affecting the immune system.",
29-0000.00,29-1000.00,29-1060.00,29-1069.02,Dermatologists,Role,Healthcare Practitioners and Technical Occupations,Health Diagnosing and Treating Practitioners,Physicians and Surgeons,"Diagnose, treat, and help prevent diseases or other conditions of the skin.",
29-0000.00,29-1000.00,29-1060.00,29-1069.03,Hospitalists,Role,Healthcare Practitioners and Technical Occupations,Health Diagnosing and Treating Practitioners,Physicians and Surgeons,"Provide inpatient care predominantly in settings such as medical wards, acute care units, intensive care units, rehabilitation centers, or emergency rooms. Manage and coordinate patient care throughout treatment.",
29-0000.00,29-1000.00,29-1060.00,29-1069.04,Neurologists,Role,Healthcare Practitioners and Technical Occupations,Health Diagnosing and Treating Practitioners,Physicians and Surgeons,"Diagnose, treat, and help prevent diseases and disorders of the nervous system.",
29-0000.00,29-1000.00,29-1060.00,29-1069.05,Nuclear Medicine Physicians,Role,Healthcare Practitioners and Technical Occupations,Health Diagnosing and Treating Practitioners,Physicians and Surgeons,"Diagnose and treat diseases using radioactive materials and techniques. May monitor radionuclide preparation, administration, and disposition.",
29-0000.00,29-1000.00,29-1060.00,29-1069.06,Ophthalmologists,Role,Healthcare Practitioners and Technical Occupations,Health Diagnosing and Treating Practitioners,Physicians and Surgeons,"Diagnose, treat, and help prevent diseases and injuries of the eyes and related structures.",
29-0000.00,29-1000.00,29-1060.00,29-1069.07,Pathologists,Role,Healthcare Practitioners and Technical Occupations,Health Diagnosing and Treating Practitioners,Physicians and Surgeons,"Diagnose presence and stage of diseases using laboratory techniques and patient specimens. Study the nature, cause, and development of diseases. May perform autopsies.",
29-0000.00,29-1000.00,29-1060.00,29-1069.08,Physical Medicine and Rehabilitation Physicians,Role,Healthcare Practitioners and Technical Occupations,Health Diagnosing and Treating Practitioners,Physicians and Surgeons,"Diagnose and treat disorders requiring physiotherapy to provide physical, mental, and occupational rehabilitation.",
29-0000.00,29-1000.00,29-1060.00,29-1069.09,Preventive Medicine Physicians,Role,Healthcare Practitioners and Technical Occupations,Health Diagnosing and Treating Practitioners,Physicians and Surgeons,"Apply knowledge of general preventive medicine and public health issues to promote health care to groups or individuals, and aid in the prevention or reduction of risk of disease, injury, disability, or death. May practice population-based medicine or diagnose and treat patients in the context of clinical health promotion and disease prevention.",
29-0000.00,29-1000.00,29-1060.00,29-1069.10,Radiologists,Role,Healthcare Practitioners and Technical Occupations,Health Diagnosing and Treating Practitioners,Physicians and Surgeons,Examine and diagnose disorders and diseases using x-rays and radioactive materials. May treat patients.,
29-0000.00,29-1000.00,29-1060.00,29-1069.11,Sports Medicine Physicians,Role,Healthcare Practitioners and Technical Occupations,Health Diagnosing and Treating Practitioners,Physicians and Surgeons,"Diagnose, treat, and help prevent injuries that occur during sporting events, athletic training, and physical activities.",
29-0000.00,29-1000.00,29-1060.00,29-1069.12,Urologists,Role,Healthcare Practitioners and Technical Occupations,Health Diagnosing and Treating Practitioners,Physicians and Surgeons,"Diagnose, treat, and help prevent benign and malignant medical and surgical disorders of the genitourinary system and the renal glands.",
29-0000.00,29-1000.00,29-1070.00,29-1070.00,Physician Assistants,Titled,Healthcare Practitioners and Technical Occupations,Health Diagnosing and Treating Practitioners,Broad Group,"Practice medicine under the supervision of physicians. Conduct examinations, diagnose conditions, provide treatment, and write prescriptions where legally permitted.",
29-0000.00,29-1000.00,29-1070.00,29-1071.00,Physician Assistants,Role,Healthcare Practitioners and Technical Occupations,Health Diagnosing and Treating Practitioners,Physician Assistants,"Provide healthcare services typically performed by a physician, under the supervision of a physician. Conduct complete physicals, provide treatment, and counsel patients. May, in some cases, prescribe medication. Must graduate from an accredited educational program for physician assistants.",
29-0000.00,29-1000.00,29-1070.00,29-1071.01,Anesthesiologist Assistants,Role,Healthcare Practitioners and Technical Occupations,Health Diagnosing and Treating Practitioners,Physician Assistants,Assist anesthesiologists in the administration of anesthesia for surgical and non-surgical procedures. Monitor patient status and provide patient care during surgical treatment.,
29-0000.00,29-1000.00,29-1080.00,29-1080.00,Podiatrists,Titled,Healthcare Practitioners and Technical Occupations,Health Diagnosing and Treating Practitioners,Broad Group,"Diagnose and treat diseases, deformities, and injuries of the foot, ankle, and lower leg. May perform surgeries, prescribe orthotics, or provide preventive care.",
29-0000.00,29-1000.00,29-1080.00,29-1081.00,Podiatrists,Role,Healthcare Practitioners and Technical Occupations,Health Diagnosing and Treating Practitioners,Podiatrists,Diagnose and treat diseases and deformities of the human foot.,
29-0000.00,29-1000.00,29-1120.00,29-1120.00,Therapists,Titled,Healthcare Practitioners and Technical Occupations,Health Diagnosing and Treating Practitioners,Broad Group,"Provide rehabilitative, therapeutic services (e.g., physical, occupational, speech) to help patients overcome physical, mental, or developmental challenges.",
29-0000.00,29-1000.00,29-1120.00,29-1122.00,Occupational Therapists,Role,Healthcare Practitioners and Technical Occupations,Health Diagnosing and Treating Practitioners,Therapists,"Assess, plan, organize, and participate in rehabilitative programs that help build or restore vocational, homemaking, and daily living skills, as well as general independence, to persons with disabilities or developmental delays.",
29-0000.00,29-1000.00,29-1120.00,29-1122.01,"Low Vision Therapists, Orientation and Mobility Specialists, and Vision Rehabilitation Therapists",Role,Healthcare Practitioners and Technical Occupations,Health Diagnosing and Treating Practitioners,Therapists,"Provide therapy to patients with visual impairments to improve their functioning in daily life activities. May train patients in activities such as computer use, communication skills, or home management skills.",
29-0000.00,29-1000.00,29-1120.00,29-1123.00,Physical Therapists,Role,Healthcare Practitioners and Technical Occupations,Health Diagnosing and Treating Practitioners,Therapists,"Assess, plan, organize, and participate in rehabilitative programs that improve mobility, relieve pain, increase strength, and improve or correct disabling conditions resulting from disease or injury.",
29-0000.00,29-1000.00,29-1120.00,29-1124.00,Radiation Therapists,Role,Healthcare Practitioners and Technical Occupations,Health Diagnosing and Treating Practitioners,Therapists,"Provide radiation therapy to patients as prescribed by a radiologist according to established practices and standards. Duties may include reviewing prescription and diagnosis; acting as liaison with physician and supportive care personnel; preparing equipment, such as immobilization, treatment, and protection devices; and maintaining records, reports, and files. May assist in dosimetry procedures and tumor localization.",
29-0000.00,29-1000.00,29-1120.00,29-1125.00,Recreational Therapists,Role,Healthcare Practitioners and Technical Occupations,Health Diagnosing and Treating Practitioners,Therapists,"Plan, direct, or coordinate medically-approved recreation programs for patients in hospitals, nursing homes, or other institutions. Activities include sports, trips, dramatics, social activities, and arts and crafts. May assess a patient condition and recommend appropriate recreational activity.",
29-0000.00,29-1000.00,29-1120.00,29-1125.01,Art Therapists,Role,Healthcare Practitioners and Technical Occupations,Health Diagnosing and Treating Practitioners,Therapists,"Plan or conduct art therapy sessions or programs to improve clients' physical, cognitive, or emotional well-being.",
29-0000.00,29-1000.00,29-1120.00,29-1125.02,Music Therapists,Role,Healthcare Practitioners and Technical Occupations,Health Diagnosing and Treating Practitioners,Therapists,"Plan, organize, or direct medically prescribed music therapy activities designed to positively influence patients' psychological or behavioral status.",
29-0000.00,29-1000.00,29-1120.00,29-1126.00,Respiratory Therapists,Role,Healthcare Practitioners and Technical Occupations,Health Diagnosing and Treating Practitioners,Therapists,"Assess, treat, and care for patients with breathing disorders. Assume primary responsibility for all respiratory care modalities, including the supervision of respiratory therapy technicians. Initiate and conduct therapeutic procedures; maintain patient records; and select, assemble, check, and operate equipment.",
29-0000.00,29-1000.00,29-1120.00,29-1127.00,Speech-Language Pathologists,Role,Healthcare Practitioners and Technical Occupations,Health Diagnosing and Treating Practitioners,Therapists,"Assess and treat persons with speech, language, voice, and fluency disorders. May select alternative communication systems and teach their use. May perform research related to speech and language problems.",
29-0000.00,29-1000.00,29-1120.00,29-1128.00,Exercise Physiologists,Role,Healthcare Practitioners and Technical Occupations,Health Diagnosing and Treating Practitioners,Therapists,"Assess, plan, or implement fitness programs that include exercise or physical activities such as those designed to improve cardiorespiratory function, body composition, muscular strength, muscular endurance, or flexibility.",
29-0000.00,29-1000.00,29-1120.00,29-1129.00,"Therapists, All Other",Role,Healthcare Practitioners and Technical Occupations,Health Diagnosing and Treating Practitioners,Therapists,All therapists not listed separately.,
29-0000.00,29-1000.00,29-1130.00,29-1130.00,Veterinarians,Titled,Healthcare Practitioners and Technical Occupations,Health Diagnosing and Treating Practitioners,Broad Group,"Diagnose and treat diseases and injuries in animals. May perform surgeries, vaccinate animals, prescribe medications, and advise on care and feeding.",
29-0000.00,29-1000.00,29-1130.00,29-1131.00,Veterinarians,Role,Healthcare Practitioners and Technical Occupations,Health Diagnosing and Treating Practitioners,Veterinarians,"Diagnose, treat, or research diseases and injuries of animals. Includes veterinarians who conduct research and development, inspect livestock, or care for pets and companion animals.",
29-0000.00,29-1000.00,29-1140.00,29-1140.00,Registered Nurses,Titled,Healthcare Practitioners and Technical Occupations,Health Diagnosing and Treating Practitioners,Broad Group,"Assess patients’ health problems, administer nursing care, educate patients and the public about health conditions, and maintain medical records.",
29-0000.00,29-1000.00,29-1140.00,29-1141.00,Registered Nurses,Role,Healthcare Practitioners and Technical Occupations,Health Diagnosing and Treating Practitioners,Registered Nurses,"Assess patient health problems and needs, develop and implement nursing care plans, and maintain medical records. Administer nursing care to ill, injured, convalescent, or disabled patients. May advise patients on health maintenance and disease prevention or provide case management. Licensing or registration required.",
29-0000.00,29-1000.00,29-1140.00,29-1141.01,Acute Care Nurses,Role,Healthcare Practitioners and Technical Occupations,Health Diagnosing and Treating Practitioners,Registered Nurses,"Provide advanced nursing care for patients with acute conditions such as heart attacks, respiratory distress syndrome, or shock. May care for pre- and post-operative patients or perform advanced, invasive diagnostic or therapeutic procedures.",
29-0000.00,29-1000.00,29-1140.00,29-1141.02,Advanced Practice Psychiatric Nurses,Role,Healthcare Practitioners and Technical Occupations,Health Diagnosing and Treating Practitioners,Registered Nurses,Provide advanced nursing care for patients with psychiatric disorders. May provide psychotherapy under the direction of a psychiatrist.,
29-0000.00,29-1000.00,29-1140.00,29-1141.03,Critical Care Nurses,Role,Healthcare Practitioners and Technical Occupations,Health Diagnosing and Treating Practitioners,Registered Nurses,Provide advanced nursing care for patients in critical or coronary care units.,
29-0000.00,29-1000.00,29-1140.00,29-1141.04,Clinical Nurse Specialists,Role,Healthcare Practitioners and Technical Occupations,Health Diagnosing and Treating Practitioners,Registered Nurses,"Plan, direct, or coordinate the daily patient care activities in a clinical practice. Ensure adherence to established clinical policies, protocols, regulations, and standards.",
29-0000.00,29-1000.00,29-1150.00,29-1150.00,Nurse Anesthetists,Titled,Healthcare Practitioners and Technical Occupations,Health Diagnosing and Treating Practitioners,Broad Group,"Administer anesthesia, monitor patients’ vital signs, and oversee patient recovery from anesthesia under the guidance of anesthesiologists or other physicians.",
29-0000.00,29-1000.00,29-1150.00,29-1151.00,Nurse Anesthetists,Role,Healthcare Practitioners and Technical Occupations,Health Diagnosing and Treating Practitioners,Nurse Anesthetists,"Administer anesthesia, monitor patient's vital signs, and oversee patient recovery from anesthesia. May assist anesthesiologists, surgeons, other physicians, or dentists. Must be registered nurses who have specialized graduate education.",
29-0000.00,29-1000.00,29-1160.00,29-1160.00,Nurse Midwives,Titled,Healthcare Practitioners and Technical Occupations,Health Diagnosing and Treating Practitioners,Broad Group,"Provide prenatal, childbirth, and postpartum care to women, manage low-risk pregnancies, and offer reproductive health education and counseling.",
29-0000.00,29-1000.00,29-1160.00,29-1161.00,Nurse Midwives,Role,Healthcare Practitioners and Technical Occupations,Health Diagnosing and Treating Practitioners,Nurse Midwives,"Diagnose and coordinate all aspects of the birthing process, either independently or as part of a healthcare team. May provide well-woman gynecological care. Must have specialized, graduate nursing education.",
29-0000.00,29-1000.00,29-1170.00,29-1170.00,Nurse Practitioners,Titled,Healthcare Practitioners and Technical Occupations,Health Diagnosing and Treating Practitioners,Broad Group,"Deliver advanced nursing services, including diagnosing and managing most common and chronic illnesses. Often focus on health promotion, disease prevention, and patient education.",
29-0000.00,29-1000.00,29-1170.00,29-1171.00,Nurse Practitioners,Role,Healthcare Practitioners and Technical Occupations,Health Diagnosing and Treating Practitioners,Nurse Practitioners,"Diagnose and treat acute, episodic, or chronic illness, independently or as part of a healthcare team. May focus on health promotion and disease prevention. May order, perform, or interpret diagnostic tests such as lab work and x rays. May prescribe medication. Must be registered nurses who have specialized graduate education.",
29-0000.00,29-1000.00,29-1180.00,29-1180.00,Audiologists,Titled,Healthcare Practitioners and Technical Occupations,Health Diagnosing and Treating Practitioners,Broad Group,"Identify, assess, and manage disorders of hearing, balance, and related ear problems. May fit hearing aids and counsel patients on hearing loss adaptation.",
29-0000.00,29-1000.00,29-1180.00,29-1181.00,Audiologists,Role,Healthcare Practitioners and Technical Occupations,Health Diagnosing and Treating Practitioners,Audiologists,Assess and treat persons with hearing and related disorders. May fit hearing aids and provide auditory training. May perform research related to hearing problems.,
29-0000.00,29-1000.00,29-1190.00,29-1190.00,Miscellaneous Health Diagnosing and Treating Practitioners,Titled,Healthcare Practitioners and Technical Occupations,Health Diagnosing and Treating Practitioners,Broad Group,"Occupations providing health assessment and treatment services not classified under a specific healthcare role, potentially including naturopaths, acupuncturists, or other specialized practitioners.",
29-0000.00,29-1000.00,29-1190.00,29-1199.00,"Health Diagnosing and Treating Practitioners, All Other",Role,Healthcare Practitioners and Technical Occupations,Health Diagnosing and Treating Practitioners,Miscellaneous Health Diagnosing and Treating Practitioners,All health diagnosing and treating practitioners not listed separately.,
29-0000.00,29-1000.00,29-1190.00,29-1199.01,Acupuncturists,Role,Healthcare Practitioners and Technical Occupations,Health Diagnosing and Treating Practitioners,Miscellaneous Health Diagnosing and Treating Practitioners,Provide treatment of symptoms and disorders using needles and small electrical currents. May provide massage treatment. May also provide preventive treatments.,
29-0000.00,29-1000.00,29-1190.00,29-1199.04,Naturopathic Physicians,Role,Healthcare Practitioners and Technical Occupations,Health Diagnosing and Treating Practitioners,Miscellaneous Health Diagnosing and Treating Practitioners,"Diagnose, treat, and help prevent diseases using a system of practice that is based on the natural healing capacity of individuals. May use physiological, psychological or mechanical methods. May also use natural medicines, prescription or legend drugs, foods, herbs, or other natural remedies.",
29-0000.00,29-1000.00,29-1190.00,29-1199.05,Orthoptists,Role,Healthcare Practitioners and Technical Occupations,Health Diagnosing and Treating Practitioners,Miscellaneous Health Diagnosing and Treating Practitioners,Diagnose and treat visual system disorders such as binocular vision and eye movement impairments.,
29-0000.00,29-2000.00,29-2000.00,29-2000.00,Health Technologists and Technicians,Main,Healthcare Practitioners and Technical Occupations,Minor Group,Minor Group,"This category includes healthcare professionals who perform various technical and diagnostic procedures to support patient care. It encompasses occupations such as medical and clinical laboratory technologists, radiologic technologists, cardiovascular technologists, surgical technologists, and medical records and health information technicians. These professionals work in hospitals, clinics, diagnostic laboratories, and other healthcare settings.",
29-0000.00,29-2000.00,29-2010.00,29-2010.00,Clinical Laboratory Technologists and Technicians,Titled,Healthcare Practitioners and Technical Occupations,Health Technologists and Technicians,Broad Group,"Perform complex medical laboratory tests for diagnosis, treatment, and prevention of disease. Analyze blood, tissue, and body fluids.",
29-0000.00,29-2000.00,29-2010.00,29-2011.00,Medical and Clinical Laboratory Technologists,Role,Healthcare Practitioners and Technical Occupations,Health Technologists and Technicians,Clinical Laboratory Technologists and Technicians,"Perform complex medical laboratory tests for diagnosis, treatment, and prevention of disease. May train or supervise staff.",
29-0000.00,29-2000.00,29-2010.00,29-2011.01,Cytogenetic Technologists,Role,Healthcare Practitioners and Technical Occupations,Health Technologists and Technicians,Clinical Laboratory Technologists and Technicians,"Analyze chromosomes found in biological specimens such as amniotic fluids, bone marrow, and blood to aid in the study, diagnosis, or treatment of genetic diseases.",
29-0000.00,29-2000.00,29-2010.00,29-2011.02,Cytotechnologists,Role,Healthcare Practitioners and Technical Occupations,Health Technologists and Technicians,Clinical Laboratory Technologists and Technicians,"Stain, mount, and study cells to detect evidence of cancer, hormonal abnormalities, and other pathological conditions following established standards and practices.",
29-0000.00,29-2000.00,29-2010.00,29-2011.03,Histotechnologists and Histologic Technicians,Role,Healthcare Practitioners and Technical Occupations,Health Technologists and Technicians,Clinical Laboratory Technologists and Technicians,Prepare histologic slides from tissue sections for microscopic examination and diagnosis by pathologists. May assist in research studies.,
29-0000.00,29-2000.00,29-2010.00,29-2012.00,Medical and Clinical Laboratory Technicians,Role,Healthcare Practitioners and Technical Occupations,Health Technologists and Technicians,Clinical Laboratory Technologists and Technicians,"Perform routine medical laboratory tests for the diagnosis, treatment, and prevention of disease. May work under the supervision of a medical technologist.",
29-0000.00,29-2000.00,29-2020.00,29-2020.00,Dental Hygienists,Titled,Healthcare Practitioners and Technical Occupations,Health Technologists and Technicians,Broad Group,"Clean teeth, examine patients for signs of oral disease, and provide preventative dental care. May educate patients on ways to improve oral health.",
29-0000.00,29-2000.00,29-2020.00,29-2021.00,Dental Hygienists,Role,Healthcare Practitioners and Technical Occupations,Health Technologists and Technicians,Dental Hygienists,"Clean teeth and examine oral areas, head, and neck for signs of oral disease. May educate patients on oral hygiene, take and develop x rays, or apply fluoride or sealants.",
29-0000.00,29-2000.00,29-2030.00,29-2030.00,Diagnostic Related Technologists and Technicians,Titled,Healthcare Practitioners and Technical Occupations,Health Technologists and Technicians,Broad Group,"Operate specialized diagnostic imaging equipment (e.g., X-rays, MRI) or perform tests to help healthcare providers diagnose diseases or injuries.",
29-0000.00,29-2000.00,29-2030.00,29-2031.00,Cardiovascular Technologists and Technicians,Role,Healthcare Practitioners and Technical Occupations,Health Technologists and Technicians,Diagnostic Related Technologists and Technicians,"Conduct tests on pulmonary or cardiovascular systems of patients for diagnostic purposes. May conduct or assist in electrocardiograms, cardiac catheterizations, pulmonary functions, lung capacity, and similar tests. Includes vascular technologists.",
29-0000.00,29-2000.00,29-2030.00,29-2032.00,Diagnostic Medical Sonographers,Role,Healthcare Practitioners and Technical Occupations,Health Technologists and Technicians,Diagnostic Related Technologists and Technicians,Produce ultrasonic recordings of internal organs for use by physicians.,
29-0000.00,29-2000.00,29-2030.00,29-2033.00,Nuclear Medicine Technologists,Role,Healthcare Practitioners and Technical Occupations,Health Technologists and Technicians,Diagnostic Related Technologists and Technicians,"Prepare, administer, and measure radioactive isotopes in therapeutic, diagnostic, and tracer studies using a variety of radioisotope equipment. Prepare stock solutions of radioactive materials and calculate doses to be administered by radiologists. Subject patients to radiation. Execute blood volume, red cell survival, and fat absorption studies following standard laboratory techniques.",
29-0000.00,29-2000.00,29-2030.00,29-2035.00,Magnetic Resonance Imaging Technologists,Role,Healthcare Practitioners and Technical Occupations,Health Technologists and Technicians,Diagnostic Related Technologists and Technicians,Take x rays and CAT scans or administer nonradioactive materials into patient's blood stream for diagnostic purposes. Includes technologists who specialize in other scanning modalities.,
29-0000.00,29-2000.00,29-2030.00,29-2037.00,Radiologic Technologists and Technicians*,Role,Healthcare Practitioners and Technical Occupations,Health Technologists and Technicians,Diagnostic Related Technologists and Technicians,"Operate Magnetic Resonance Imaging (MRI) scanners. Monitor patient safety and comfort, and view images of area being scanned to ensure quality of pictures. May administer gadolinium contrast dosage intravenously. May interview patient, explain MRI procedures, and position patient on examining table. May enter into the computer data such as patient history, anatomical area to be scanned, orientation specified, and position of entry.",
29-0000.00,29-2000.00,29-2040.00,29-2040.00,Emergency Medical Technicians and Paramedics,Titled,Healthcare Practitioners and Technical Occupations,Health Technologists and Technicians,Broad Group,"Provide first-response medical care and transport for sick or injured individuals in emergency situations. Assess patient conditions, perform basic interventions, and communicate with hospital staff.",
29-0000.00,29-2000.00,29-2040.00,29-2041.00,Emergency Medical Technicians and Paramedics,Role,Healthcare Practitioners and Technical Occupations,Health Technologists and Technicians,Emergency Medical Technicians and Paramedics,"Assess injuries, administer emergency medical care, and extricate trapped individuals. Transport injured or sick persons to medical facilities.",
29-0000.00,29-2000.00,29-2050.00,29-2050.00,Health Practitioner Support Technologists and Technicians,Titled,Healthcare Practitioners and Technical Occupations,Health Technologists and Technicians,Broad Group,"Assist practitioners in fields like surgery, pharmacy, or rehabilitation by preparing equipment, handling specimens, or aiding in procedures.",
29-0000.00,29-2000.00,29-2050.00,29-2051.00,Dietetic Technicians,Role,Healthcare Practitioners and Technical Occupations,Health Technologists and Technicians,Health Practitioner Support Technologists and Technicians,"Assist in the provision of food service and nutritional programs, under the supervision of a dietitian. May plan and produce meals based on established guidelines, teach principles of food and nutrition, or counsel individuals.",
29-0000.00,29-2000.00,29-2050.00,29-2052.00,Pharmacy Technicians,Role,Healthcare Practitioners and Technical Occupations,Health Technologists and Technicians,Health Practitioner Support Technologists and Technicians,"Prepare medications under the direction of a pharmacist. May measure, mix, count out, label, and record amounts and dosages of medications according to prescription orders.",
29-0000.00,29-2000.00,29-2050.00,29-2053.00,Psychiatric Technicians,Role,Healthcare Practitioners and Technical Occupations,Health Technologists and Technicians,Health Practitioner Support Technologists and Technicians,"Care for individuals with mental or emotional conditions or disabilities, following the instructions of physicians or other health practitioners. Monitor patients' physical and emotional well-being and report to medical staff. May participate in rehabilitation and treatment programs, help with personal hygiene, and administer oral or injectable medications.",
29-0000.00,29-2000.00,29-2050.00,29-2054.00,Respiratory Therapy Technicians,Role,Healthcare Practitioners and Technical Occupations,Health Technologists and Technicians,Health Practitioner Support Technologists and Technicians,Provide respiratory care under the direction of respiratory therapists and physicians.,
29-0000.00,29-2000.00,29-2050.00,29-2055.00,Surgical Technologists,Role,Healthcare Practitioners and Technical Occupations,Health Technologists and Technicians,Health Practitioner Support Technologists and Technicians,"Assist in operations, under the supervision of surgeons, registered nurses, or other surgical personnel. May help set up operating room, prepare and transport patients for surgery, adjust lights and equipment, pass instruments and other supplies to surgeons and surgeon's assistants, hold retractors, cut sutures, and help count sponges, needles, supplies, and instruments.",
29-0000.00,29-2000.00,29-2050.00,29-2056.00,Veterinary Technologists and Technicians,Role,Healthcare Practitioners and Technical Occupations,Health Technologists and Technicians,Health Practitioner Support Technologists and Technicians,"Perform medical tests in a laboratory environment for use in the treatment and diagnosis of diseases in animals. Prepare vaccines and serums for prevention of diseases. Prepare tissue samples, take blood samples, and execute laboratory tests, such as urinalysis and blood counts. Clean and sterilize instruments and materials and maintain equipment and machines. May assist a veterinarian during surgery.",
29-0000.00,29-2000.00,29-2050.00,29-2057.00,Ophthalmic Medical Technicians,Role,Healthcare Practitioners and Technical Occupations,Health Technologists and Technicians,Health Practitioner Support Technologists and Technicians,"Assist ophthalmologists by performing ophthalmic clinical functions. May administer eye exams, administer eye medications, and instruct the patient in care and use of corrective lenses.",
29-0000.00,29-2000.00,29-2060.00,29-2060.00,Licensed Practical and Licensed Vocational Nurses,Titled,Healthcare Practitioners and Technical Occupations,Health Technologists and Technicians,Broad Group,"Provide basic nursing care under the direction of registered nurses and doctors. Monitor patients’ health, administer basic treatments, and keep records.",
29-0000.00,29-2000.00,29-2060.00,29-2061.00,Licensed Practical and Licensed Vocational Nurses,Role,Healthcare Practitioners and Technical Occupations,Health Technologists and Technicians,Licensed Practical and Licensed Vocational Nurses,"Care for ill, injured, or convalescing patients or persons with disabilities in hospitals, nursing homes, clinics, private homes, group homes, and similar institutions. May work under the supervision of a registered nurse. Licensing required.",
29-0000.00,29-2000.00,29-2070.00,29-2070.00,Medical Records and Health Information Technicians,Titled,Healthcare Practitioners and Technical Occupations,Health Technologists and Technicians,Broad Group,"Organize and manage health information data, ensuring accuracy, accessibility, and security in both paper and electronic systems.",
29-0000.00,29-2000.00,29-2070.00,29-2071.00,Medical Records and Health Information Technicians,Role,Healthcare Practitioners and Technical Occupations,Health Technologists and Technicians,Medical Records and Health Information Technicians,"Compile, process, and maintain medical records of hospital and clinic patients in a manner consistent with medical, administrative, ethical, legal, and regulatory requirements of the health care system. Process, maintain, compile, and report patient information for health requirements and standards in a manner consistent with the healthcare industry's numerical coding system.",
29-0000.00,29-2000.00,29-2080.00,29-2080.00,"Opticians, Dispensing",Titled,Healthcare Practitioners and Technical Occupations,Health Technologists and Technicians,Broad Group,Fit and adjust eyeglasses or contact lenses according to prescriptions from ophthalmologists or optometrists. Help customers select frames and educate on lens care.,
29-0000.00,29-2000.00,29-2080.00,29-2081.00,"Opticians, Dispensing",Role,Healthcare Practitioners and Technical Occupations,Health Technologists and Technicians,"Opticians, Dispensing","Design, measure, fit, and adapt lenses and frames for client according to written optical prescription or specification. Assist client with inserting, removing, and caring for contact lenses. Assist client with selecting frames. Measure customer for size of eyeglasses and coordinate frames with facial and eye measurements and optical prescription. Prepare work order for optical laboratory containing instructions for grinding and mounting lenses in frames. Verify exactness of finished lens spectacles. Adjust frame and lens position to fit client. May shape or reshape frames. Includes contact lens opticians.",
29-0000.00,29-2000.00,29-2090.00,29-2090.00,Miscellaneous Health Technologists and Technicians,Titled,Healthcare Practitioners and Technical Occupations,Health Technologists and Technicians,Broad Group,"Support healthcare delivery by performing specialized technical tasks not covered by other defined roles, such as surgical technologists or neurodiagnostic technologists.",
29-0000.00,29-2000.00,29-2090.00,29-2091.00,Orthotists and Prosthetists,Role,Healthcare Practitioners and Technical Occupations,Health Technologists and Technicians,Miscellaneous Health Technologists and Technicians,"Design, measure, fit, and adapt orthopedic braces, appliances or prostheses, such as limbs or facial parts for patients with disabling conditions.",
29-0000.00,29-2000.00,29-2090.00,29-2092.00,Hearing Aid Specialists,Role,Healthcare Practitioners and Technical Occupations,Health Technologists and Technicians,Miscellaneous Health Technologists and Technicians,"Select and fit hearing aids for customers. Administer and interpret tests of hearing. Assess hearing instrument efficacy. Take ear impressions and prepare, design, and modify ear molds.",
29-0000.00,29-2000.00,29-2090.00,29-2099.00,"Health Technologists and Technicians, All Other",Role,Healthcare Practitioners and Technical Occupations,Health Technologists and Technicians,Miscellaneous Health Technologists and Technicians,All health technologists and technicians not listed separately.,
29-0000.00,29-2000.00,29-2090.00,29-2099.01,Neurodiagnostic Technologists,Role,Healthcare Practitioners and Technical Occupations,Health Technologists and Technicians,Miscellaneous Health Technologists and Technicians,"Conduct electroneurodiagnostic (END) tests such as electroencephalograms, evoked potentials, polysomnograms, or electronystagmograms. May perform nerve conduction studies.",
29-0000.00,29-2000.00,29-2090.00,29-2099.05,Ophthalmic Medical Technologists,Role,Healthcare Practitioners and Technical Occupations,Health Technologists and Technicians,Miscellaneous Health Technologists and Technicians,"Assist ophthalmologists by performing ophthalmic clinical functions and ophthalmic photography. Provide instruction and supervision to other ophthalmic personnel. Assist with minor surgical procedures, applying aseptic techniques and preparing instruments. May perform eye exams, administer eye medications, and instruct patients in care and use of corrective lenses.",
29-0000.00,29-2000.00,29-2090.00,29-2099.06,Radiologic Technicians,Role,Healthcare Practitioners and Technical Occupations,Health Technologists and Technicians,Miscellaneous Health Technologists and Technicians,Maintain and use equipment and supplies necessary to demonstrate portions of the human body on x-ray film or fluoroscopic screen for diagnostic purposes.,
29-0000.00,29-2000.00,29-2090.00,29-2099.07,Surgical Assistants,Role,Healthcare Practitioners and Technical Occupations,Health Technologists and Technicians,Miscellaneous Health Technologists and Technicians,"Assist surgeons during surgery by performing duties such as tissue retraction, insertion of tubes and intravenous lines, or closure of surgical wounds. Perform preoperative and postoperative duties to facilitate patient care.",
29-0000.00,29-9000.00,29-9000.00,29-9000.00,Other Healthcare Practitioners and Technical Occupations,Main,Healthcare Practitioners and Technical Occupations,Minor Group,Minor Group,"This category includes a diverse range of healthcare professionals who perform specialized roles in patient care, diagnostics, therapy, and technical support. It encompasses occupations such as dental hygienists, nuclear medicine technologists, veterinary technologists and technicians, ophthalmic medical technicians, and pharmacy technicians.",
29-0000.00,29-9000.00,29-9010.00,29-9010.00,Occupational Health and Safety Specialists and Technicians,Titled,Healthcare Practitioners and Technical Occupations,Other Healthcare Practitioners and Technical Occupations,Broad Group,"Evaluate and analyze work environments to design programs and procedures that control, eliminate, and prevent disease or injury caused by chemical, physical, and biological agents.",
29-0000.00,29-9000.00,29-9010.00,29-9011.00,Occupational Health and Safety Specialists,Role,Healthcare Practitioners and Technical Occupations,Other Healthcare Practitioners and Technical Occupations,Occupational Health and Safety Specialists and Technicians,"Review, evaluate, and analyze work environments and design programs and procedures to control, eliminate, and prevent disease or injury caused by chemical, physical, and biological agents or ergonomic factors. May conduct inspections and enforce adherence to laws and regulations governing the health and safety of individuals. May be employed in the public or private sector. Includes environmental protection officers.",
29-0000.00,29-9000.00,29-9010.00,29-9012.00,Occupational Health and Safety Technicians,Role,Healthcare Practitioners and Technical Occupations,Other Healthcare Practitioners and Technical Occupations,Occupational Health and Safety Specialists and Technicians,"Collect data on work environments for analysis by occupational health and safety specialists. Implement and conduct evaluation of programs designed to limit chemical, physical, biological, and ergonomic risks to workers.",
29-0000.00,29-9000.00,29-9090.00,29-9090.00,Miscellaneous Health Practitioners and Technical Workers,Titled,Healthcare Practitioners and Technical Occupations,Other Healthcare Practitioners and Technical Occupations,Broad Group,Engage in healthcare tasks not classified under other occupations. May involve emerging healthcare technologies or highly specialized medical support activities.,
29-0000.00,29-9000.00,29-9090.00,29-9091.00,Athletic Trainers,Role,Healthcare Practitioners and Technical Occupations,Other Healthcare Practitioners and Technical Occupations,Miscellaneous Health Practitioners and Technical Workers,"Evaluate and advise individuals to assist recovery from or avoid athletic-related injuries or illnesses, or maintain peak physical fitness. May provide first aid or emergency care.",
29-0000.00,29-9000.00,29-9090.00,29-9092.00,Genetic Counselors,Role,Healthcare Practitioners and Technical Occupations,Other Healthcare Practitioners and Technical Occupations,Miscellaneous Health Practitioners and Technical Workers,"Assess individual or family risk for a variety of inherited conditions, such as genetic disorders and birth defects. Provide information to other healthcare providers or to individuals and families concerned with the risk of inherited conditions. Advise individuals and families to support informed decisionmaking and coping methods for those at risk. May help conduct research related to genetic conditions or genetic counseling.",
29-0000.00,29-9000.00,29-9090.00,29-9099.00,"Healthcare Practitioners and Technical Workers, All Other",Role,Healthcare Practitioners and Technical Occupations,Other Healthcare Practitioners and Technical Occupations,Miscellaneous Health Practitioners and Technical Workers,All healthcare practitioners and technical workers not listed separately.,
29-0000.00,29-9000.00,29-9090.00,29-9099.01,Midwives,Role,Healthcare Practitioners and Technical Occupations,Other Healthcare Practitioners and Technical Occupations,Miscellaneous Health Practitioners and Technical Workers,Provide prenatal care and childbirth assistance.,
31-0000.00,31-0000.00,31-0000.00,31-0000.00,Healthcare Support Occupations,Major,Major Group,Major Group,Major Group,"Provides assistance to healthcare practitioners, including aides and assistants who handle patient care tasks, administrative support, or routine clinical procedures under supervision of licensed professionals.",
31-0000.00,31-1000.00,31-1000.00,31-1000.00,"Nursing, Psychiatric, and Home Health Aides",Main,Healthcare Support Occupations,Minor Group,Minor Group,"This category includes healthcare professionals who provide essential care and assistance to patients in various settings. It encompasses occupations such as registered nurses, licensed practical and vocational nurses, psychiatric aides, home health aides, and personal care aides. These professionals work in hospitals, nursing homes, psychiatric facilities, home healthcare settings, and other healthcare institutions.",
31-0000.00,31-1000.00,31-1010.00,31-1010.00,"Nursing, Psychiatric, and Home Health Aides",Titled,Healthcare Support Occupations,"Nursing, Psychiatric, and Home Health Aides",Broad Group,"Provide basic patient care in home, long-term care, or hospital settings. Monitor vital signs, assist with daily living activities, and report patient status to nursing staff.",
31-0000.00,31-1000.00,31-1010.00,31-1011.00,Home Health Aides,Role,Healthcare Support Occupations,"Nursing, Psychiatric, and Home Health Aides","Nursing, Psychiatric, and Home Health Aides","Provide routine individualized healthcare such as changing bandages and dressing wounds, and applying topical medications to the elderly, convalescents, or persons with disabilities at the patient's home or in a care facility. Monitor or report changes in health status. May also provide personal care such as bathing, dressing, and grooming of patient.",
31-0000.00,31-1000.00,31-1010.00,31-1012.00,"Nursing Aides, Orderlies, and Attendants*",Role,Healthcare Support Occupations,"Nursing, Psychiatric, and Home Health Aides","Nursing, Psychiatric, and Home Health Aides","Provide basic patient care under direction of nursing staff. Perform duties such as feed, bathe, dress, groom, or move patients, or change linens. May transfer or transport patients. Includes nursing care attendants, nursing aides, and nursing attendants.",
31-0000.00,31-1000.00,31-1010.00,31-1013.00,Psychiatric Aides,Role,Healthcare Support Occupations,"Nursing, Psychiatric, and Home Health Aides","Nursing, Psychiatric, and Home Health Aides","Assist mentally impaired or emotionally disturbed patients, working under direction of nursing and medical staff. May assist with daily living activities, lead patients in educational and recreational activities, or accompany patients to and from examinations and treatments. May restrain violent patients. Includes psychiatric orderlies.",
31-0000.00,31-1000.00,31-1010.00,31-1014.00,Nursing Assistants,Role,Healthcare Support Occupations,"Nursing, Psychiatric, and Home Health Aides","Nursing, Psychiatric, and Home Health Aides","Provide basic patient care under direction of nursing staff. Perform duties such as feed, bathe, dress, groom, or move patients, or change linens. May transfer or transport patients. Includes nursing care attendants, nursing aides, and nursing attendants.",
31-0000.00,31-1000.00,31-1010.00,31-1015.00,Orderlies,Role,Healthcare Support Occupations,"Nursing, Psychiatric, and Home Health Aides","Nursing, Psychiatric, and Home Health Aides","Transport patients to areas such as operating rooms or x-ray rooms using wheelchairs, stretchers, or moveable beds. May maintain stocks of supplies or clean and transport equipment.",
31-0000.00,31-2000.00,31-2000.00,31-2000.00,Occupational Therapy and Physical Therapist Assistants and Aides,Main,Healthcare Support Occupations,Minor Group,Minor Group,"This category includes healthcare professionals who work under the guidance of occupational therapists and physical therapists to provide support and assistance to patients during therapy sessions. It encompasses occupations such as occupational therapy assistants, occupational therapy aides, physical therapist assistants, and physical therapist aides. These professionals assist patients in performing therapeutic exercises, prepare treatment areas, and provide support to therapists in delivering care.",
31-0000.00,31-2000.00,31-2010.00,31-2010.00,Occupational Therapy Assistants and Aides,Titled,Healthcare Support Occupations,Occupational Therapy and Physical Therapist Assistants and Aides,Broad Group,"Help occupational therapists provide rehabilitative services to patients, assisting in treatments designed to improve mobility, coordination, and daily living skills.",
31-0000.00,31-2000.00,31-2010.00,31-2011.00,Occupational Therapy Assistants,Role,Healthcare Support Occupations,Occupational Therapy and Physical Therapist Assistants and Aides,Occupational Therapy Assistants and Aides,"Assist occupational therapists in providing occupational therapy treatments and procedures. May, in accordance with State laws, assist in development of treatment plans, carry out routine functions, direct activity programs, and document the progress of treatments. Generally requires formal training.",
31-0000.00,31-2000.00,31-2010.00,31-2012.00,Occupational Therapy Aides,Role,Healthcare Support Occupations,Occupational Therapy and Physical Therapist Assistants and Aides,Occupational Therapy Assistants and Aides,"Under close supervision of an occupational therapist or occupational therapy assistant, perform only delegated, selected, or routine tasks in specific situations. These duties include preparing patient and treatment room.",
31-0000.00,31-2000.00,31-2020.00,31-2020.00,Physical Therapist Assistants and Aides,Titled,Healthcare Support Occupations,Occupational Therapy and Physical Therapist Assistants and Aides,Broad Group,"Assist physical therapists in providing treatments that improve patient mobility, relieve pain, and prevent or limit permanent physical disabilities.",
31-0000.00,31-2000.00,31-2020.00,31-2021.00,Physical Therapist Assistants,Role,Healthcare Support Occupations,Occupational Therapy and Physical Therapist Assistants and Aides,Physical Therapist Assistants and Aides,"Assist physical therapists in providing physical therapy treatments and procedures. May, in accordance with State laws, assist in the development of treatment plans, carry out routine functions, document the progress of treatment, and modify specific treatments in accordance with patient status and within the scope of treatment plans established by a physical therapist. Generally requires formal training.",
31-0000.00,31-2000.00,31-2020.00,31-2022.00,Physical Therapist Aides,Role,Healthcare Support Occupations,Occupational Therapy and Physical Therapist Assistants and Aides,Physical Therapist Assistants and Aides,"Under close supervision of a physical therapist or physical therapy assistant, perform only delegated, selected, or routine tasks in specific situations. These duties include preparing the patient and the treatment area.",
31-0000.00,31-9000.00,31-9000.00,31-9000.00,Other Healthcare Support Occupations,Main,Healthcare Support Occupations,Minor Group,Minor Group,"This category includes a variety of healthcare support roles that provide assistance and support to healthcare professionals and patients. It encompasses occupations such as medical transcriptionists, pharmacy aides, veterinary assistants and laboratory animal caretakers, dietetic technicians, and medical equipment preparers. These professionals work in hospitals, clinics, laboratories, pharmacies, and other healthcare settings.",
31-0000.00,31-9000.00,31-9010.00,31-9010.00,Massage Therapists,Titled,Healthcare Support Occupations,Other Healthcare Support Occupations,Broad Group,"Use touch to manipulate soft-tissue muscles of the body, relieving pain, improving circulation, or promoting relaxation. May also advise clients on stretching, strengthening, and overall wellness.",
31-0000.00,31-9000.00,31-9010.00,31-9011.00,Massage Therapists,Role,Healthcare Support Occupations,Other Healthcare Support Occupations,Massage Therapists,"Perform therapeutic massages of soft tissues and joints. May assist in the assessment of range of motion and muscle strength, or propose client therapy plans.",
31-0000.00,31-9000.00,31-9090.00,31-9090.00,Miscellaneous Healthcare Support Occupations,Titled,Healthcare Support Occupations,Other Healthcare Support Occupations,Broad Group,"Deliver allied health support services not classified under specific roles, including specialized therapeutic aides or other emerging support positions in healthcare settings.",
31-0000.00,31-9000.00,31-9090.00,31-9091.00,Dental Assistants,Role,Healthcare Support Occupations,Other Healthcare Support Occupations,Miscellaneous Healthcare Support Occupations,"Assist dentist, set up equipment, prepare patient for treatment, and keep records.",
31-0000.00,31-9000.00,31-9090.00,31-9092.00,Medical Assistants,Role,Healthcare Support Occupations,Other Healthcare Support Occupations,Miscellaneous Healthcare Support Occupations,"Perform administrative and certain clinical duties under the direction of a physician. Administrative duties may include scheduling appointments, maintaining medical records, billing, and coding information for insurance purposes. Clinical duties may include taking and recording vital signs and medical histories, preparing patients for examination, drawing blood, and administering medications as directed by physician.",
31-0000.00,31-9000.00,31-9090.00,31-9093.00,Medical Equipment Preparers,Role,Healthcare Support Occupations,Other Healthcare Support Occupations,Miscellaneous Healthcare Support Occupations,"Prepare, sterilize, install, or clean laboratory or healthcare equipment. May perform routine laboratory tasks and operate or inspect equipment.",
31-0000.00,31-9000.00,31-9090.00,31-9094.00,Medical Transcriptionists,Role,Healthcare Support Occupations,Other Healthcare Support Occupations,Miscellaneous Healthcare Support Occupations,"Transcribe medical reports recorded by physicians and other healthcare practitioners using various electronic devices, covering office visits, emergency room visits, diagnostic imaging studies, operations, chart reviews, and final summaries. Transcribe dictated reports and translate abbreviations into fully understandable form. Edit as necessary and return reports in either printed or electronic form for review and signature, or correction.",
31-0000.00,31-9000.00,31-9090.00,31-9095.00,Pharmacy Aides,Role,Healthcare Support Occupations,Other Healthcare Support Occupations,Miscellaneous Healthcare Support Occupations,"Record drugs delivered to the pharmacy, store incoming merchandise, and inform the supervisor of stock needs. May operate cash register and accept prescriptions for filling.",
31-0000.00,31-9000.00,31-9090.00,31-9096.00,Veterinary Assistants and Laboratory Animal Caretakers,Role,Healthcare Support Occupations,Other Healthcare Support Occupations,Miscellaneous Healthcare Support Occupations,"Feed, water, and examine pets and other nonfarm animals for signs of illness, disease, or injury in laboratories and animal hospitals and clinics. Clean and disinfect cages and work areas, and sterilize laboratory and surgical equipment. May provide routine post-operative care, administer medication orally or topically, or prepare samples for laboratory examination under the supervision of veterinary or laboratory animal technologists or technicians, veterinarians, or scientists.",
31-0000.00,31-9000.00,31-9090.00,31-9097.00,Phlebotomists,Role,Healthcare Support Occupations,Other Healthcare Support Occupations,Miscellaneous Healthcare Support Occupations,"Draw blood for tests, transfusions, donations, or research. May explain the procedure to patients and assist in the recovery of patients with adverse reactions.",
31-0000.00,31-9000.00,31-9090.00,31-9099.00,"Healthcare Support Workers, All Other",Role,Healthcare Support Occupations,Other Healthcare Support Occupations,Miscellaneous Healthcare Support Occupations,All healthcare support workers not listed separately.,
31-0000.00,31-9000.00,31-9090.00,31-9099.01,Speech-Language Pathology Assistants,Role,Healthcare Support Occupations,Other Healthcare Support Occupations,Miscellaneous Healthcare Support Occupations,"Assist speech-language pathologists in the assessment and treatment of speech, language, voice, and fluency disorders. Implement speech and language programs or activities as planned and directed by speech-language pathologists. Monitor the use of alternative communication devices and systems.",
31-0000.00,31-9000.00,31-9090.00,31-9099.02,Endoscopy Technicians,Role,Healthcare Support Occupations,Other Healthcare Support Occupations,Miscellaneous Healthcare Support Occupations,Maintain a sterile field to provide support for physicians and nurses during endoscopy procedures. Prepare and maintain instruments and equipment. May obtain specimens.,
33-0000.00,33-0000.00,33-0000.00,33-0000.00,Protective Service Occupations,Major,Major Group,Major Group,Major Group,"Responsible for safeguarding people, property, and institutions. Occupations include law enforcement officers, firefighters, corrections staff, and other roles ensuring public safety.",
33-0000.00,33-1000.00,33-1000.00,33-1000.00,Supervisors of Protective Service Workers,Main,Protective Service Occupations,Minor Group,Minor Group,"This category includes supervisors who oversee and manage the activities of protective service workers in various industries. It encompasses occupations such as police supervisors, fire and emergency medical service supervisors, gaming supervisors, and transportation security screeners supervisors. These professionals ensure compliance with regulations, provide guidance to subordinates, and maintain the efficiency and effectiveness of protective service operations.",
33-0000.00,33-1000.00,33-1010.00,33-1010.00,First-Line Supervisors of Law Enforcement Workers,Titled,Protective Service Occupations,Supervisors of Protective Service Workers,Broad Group,"Direct and coordinate activities of police officers or other law enforcement personnel. Oversee training, patrol, investigations, and administrative tasks.",
33-0000.00,33-1000.00,33-1010.00,33-1011.00,First-Line Supervisors of Correctional Officers,Role,Protective Service Occupations,Supervisors of Protective Service Workers,First-Line Supervisors of Law Enforcement Workers,Directly supervise and coordinate activities of correctional officers and jailers.,
33-0000.00,33-1000.00,33-1010.00,33-1012.00,First-Line Supervisors of Police and Detectives,Role,Protective Service Occupations,Supervisors of Protective Service Workers,First-Line Supervisors of Law Enforcement Workers,Directly supervise and coordinate activities of members of police force.,
33-0000.00,33-1000.00,33-1020.00,33-1020.00,First-Line Supervisors of Fire Fighting and Prevention Workers,Titled,Protective Service Occupations,Supervisors of Protective Service Workers,Broad Group,"Supervise and coordinate firefighters or other staff responding to fires and other emergencies. Oversee rescue operations, equipment maintenance, and training.",
33-0000.00,33-1000.00,33-1020.00,33-1021.00,First-Line Supervisors of Fire Fighting and Prevention Workers,Role,Protective Service Occupations,Supervisors of Protective Service Workers,First-Line Supervisors of Fire Fighting and Prevention Workers,Directly supervise and coordinate activities of workers engaged in fire fighting and fire prevention and control.,
33-0000.00,33-1000.00,33-1020.00,33-1021.01,Municipal Fire Fighting and Prevention Supervisors,Role,Protective Service Occupations,Supervisors of Protective Service Workers,First-Line Supervisors of Fire Fighting and Prevention Workers,"Supervise fire fighters who control and extinguish municipal fires, protect life and property, and conduct rescue efforts.",
33-0000.00,33-1000.00,33-1020.00,33-1021.02,Forest Fire Fighting and Prevention Supervisors,Role,Protective Service Occupations,Supervisors of Protective Service Workers,First-Line Supervisors of Fire Fighting and Prevention Workers,Supervise fire fighters who control and suppress fires in forests or vacant public land.,
33-0000.00,33-1000.00,33-1090.00,33-1090.00,"Miscellaneous First-Line Supervisors, Protective Service Workers",Titled,Protective Service Occupations,Supervisors of Protective Service Workers,Broad Group,"Provide oversight for protective service personnel not included in standard categories, such as lifeguard supervisors or security shift leaders.",
33-0000.00,33-1000.00,33-1090.00,33-1099.00,"First-Line Supervisors of Protective Service Workers, All Other",Role,Protective Service Occupations,Supervisors of Protective Service Workers,"Miscellaneous First-Line Supervisors, Protective Service Workers",All protective service supervisors not listed separately above.,
33-0000.00,33-2000.00,33-2000.00,33-2000.00,Fire Fighting and Prevention Workers,Main,Protective Service Occupations,Minor Group,Minor Group,"This category includes professionals who specialize in fire prevention, fire suppression, and emergency response. It encompasses occupations such as firefighters, fire inspectors, and fire investigators. Firefighters respond to emergency situations, extinguish fires, and provide medical assistance. Fire inspectors ensure compliance with fire codes and regulations, while fire investigators determine the cause and origin of fires.",
33-0000.00,33-2000.00,33-2010.00,33-2010.00,Firefighters,Titled,Protective Service Occupations,Fire Fighting and Prevention Workers,Broad Group,"Combat and extinguish fires, respond to emergencies, and safeguard life and property. Perform rescue operations, administer first aid, and maintain firefighting equipment.",
33-0000.00,33-2000.00,33-2010.00,33-2011.00,Firefighters,Role,Protective Service Occupations,Fire Fighting and Prevention Workers,Firefighters,"Control and extinguish fires or respond to emergency situations where life, property, or the environment is at risk. Duties may include fire prevention, emergency medical service, hazardous material response, search and rescue, and disaster assistance.",
33-0000.00,33-2000.00,33-2010.00,33-2011.01,Municipal Firefighters,Role,Protective Service Occupations,Fire Fighting and Prevention Workers,Firefighters,"Control and extinguish municipal fires, protect life and property and conduct rescue efforts.",
33-0000.00,33-2000.00,33-2010.00,33-2011.02,Forest Firefighters,Role,Protective Service Occupations,Fire Fighting and Prevention Workers,Firefighters,Control and suppress fires in forests or vacant public land.,
33-0000.00,33-2000.00,33-2020.00,33-2020.00,Fire Inspectors,Titled,Protective Service Occupations,Fire Fighting and Prevention Workers,Broad Group,Inspect buildings to detect fire hazards and enforce local ordinances or state laws regulating fire safety. Investigate fire causes and origins.,
33-0000.00,33-2000.00,33-2020.00,33-2021.00,Fire Inspectors and Investigators,Role,Protective Service Occupations,Fire Fighting and Prevention Workers,Fire Inspectors,"Inspect buildings to detect fire hazards and enforce local ordinances and State laws, or investigate and gather facts to determine cause of fires and explosions.",
33-0000.00,33-2000.00,33-2020.00,33-2021.01,Fire Inspectors,Role,Protective Service Occupations,Fire Fighting and Prevention Workers,Fire Inspectors,Inspect buildings and equipment to detect fire hazards and enforce state and local regulations.,
33-0000.00,33-2000.00,33-2020.00,33-2021.02,Fire Investigators,Role,Protective Service Occupations,Fire Fighting and Prevention Workers,Fire Inspectors,Conduct investigations to determine causes of fires and explosions.,
33-0000.00,33-2000.00,33-2020.00,33-2022.00,Forest Fire Inspectors and Prevention Specialists,Role,Protective Service Occupations,Fire Fighting and Prevention Workers,Fire Inspectors,"Enforce fire regulations, inspect forest for fire hazards and recommend forest fire prevention or control measures. May report forest fires and weather conditions.",
33-0000.00,33-3000.00,33-3000.00,33-3000.00,Law Enforcement Workers,Main,Protective Service Occupations,Minor Group,Minor Group,"This category includes occupations such as police officers, detectives, and transit and railroad police. Law Enforcement Workers are responsible for maintaining public safety, enforcing laws, conducting investigations, and ensuring the security of individuals and property.",
33-0000.00,33-3000.00,33-3010.00,33-3010.00,"Bailiffs, Correctional Officers, and Jailers",Titled,Protective Service Occupations,Law Enforcement Workers,Broad Group,"Maintain order in courts or supervise correctional facility inmates. Enforce rules, conduct searches, and ensure safety and security.",
33-0000.00,33-3000.00,33-3010.00,33-3011.00,Bailiffs,Role,Protective Service Occupations,Law Enforcement Workers,"Bailiffs, Correctional Officers, and Jailers",Maintain order in courts of law.,
33-0000.00,33-3000.00,33-3010.00,33-3012.00,Correctional Officers and Jailers,Role,Protective Service Occupations,Law Enforcement Workers,"Bailiffs, Correctional Officers, and Jailers","Guard inmates in penal or rehabilitative institutions in accordance with established regulations and procedures. May guard prisoners in transit between jail, courtroom, prison, or other point. Includes deputy sheriffs and police who spend the majority of their time guarding prisoners in correctional institutions.",
33-0000.00,33-3000.00,33-3020.00,33-3020.00,Detectives and Criminal Investigators,Titled,Protective Service Occupations,Law Enforcement Workers,Broad Group,"Gather facts and collect evidence for criminal cases. Conduct interviews, surveillance, and investigations to solve crimes.",
33-0000.00,33-3000.00,33-3020.00,33-3021.00,Detectives and Criminal Investigators,Role,Protective Service Occupations,Law Enforcement Workers,Detectives and Criminal Investigators,"Conduct investigations related to suspected violations of Federal, State, or local laws to prevent or solve crimes.",
33-0000.00,33-3000.00,33-3020.00,33-3021.01,Police Detectives,Role,Protective Service Occupations,Law Enforcement Workers,Detectives and Criminal Investigators,Conduct investigations to prevent crimes or solve criminal cases.,
33-0000.00,33-3000.00,33-3020.00,33-3021.02,Police Identification and Records Officers,Role,Protective Service Occupations,Law Enforcement Workers,Detectives and Criminal Investigators,"Collect evidence at crime scene, classify and identify fingerprints, and photograph evidence for use in criminal and civil cases.",
33-0000.00,33-3000.00,33-3020.00,33-3021.03,Criminal Investigators and Special Agents,Role,Protective Service Occupations,Law Enforcement Workers,Detectives and Criminal Investigators,"Investigate alleged or suspected criminal violations of Federal, state, or local laws to determine if evidence is sufficient to recommend prosecution.",
33-0000.00,33-3000.00,33-3020.00,33-3021.05,Immigration and Customs Inspectors,Role,Protective Service Occupations,Law Enforcement Workers,Detectives and Criminal Investigators,"Investigate and inspect persons, common carriers, goods, and merchandise, arriving in or departing from the United States or between states to detect violations of immigration and customs laws and regulations.",
33-0000.00,33-3000.00,33-3020.00,33-3021.06,Intelligence Analysts,Role,Protective Service Occupations,Law Enforcement Workers,Detectives and Criminal Investigators,"Gather, analyze, or evaluate information from a variety of sources, such as law enforcement databases, surveillance, intelligence networks or geographic information systems. Use intelligence data to anticipate and prevent organized crime activities, such as terrorism.",
33-0000.00,33-3000.00,33-3030.00,33-3030.00,Fish and Game Wardens,Titled,Protective Service Occupations,Law Enforcement Workers,Broad Group,"Enforce fishing, hunting, and boating laws. Patrol wildlife areas, investigate complaints, and ensure protection of wildlife populations.",
33-0000.00,33-3000.00,33-3030.00,33-3031.00,Fish and Game Wardens,Role,Protective Service Occupations,Law Enforcement Workers,Fish and Game Wardens,Patrol assigned area to prevent fish and game law violations. Investigate reports of damage to crops or property by wildlife. Compile biological data.,
33-0000.00,33-3000.00,33-3040.00,33-3040.00,Parking Enforcement Workers,Titled,Protective Service Occupations,Law Enforcement Workers,Broad Group,"Monitor parking regulations, issue tickets for violations, and direct vehicle or pedestrian traffic as needed.",
33-0000.00,33-3000.00,33-3040.00,33-3041.00,Parking Enforcement Workers,Role,Protective Service Occupations,Law Enforcement Workers,Parking Enforcement Workers,"Patrol assigned area, such as public parking lot or city streets to issue tickets to overtime parking violators and illegally parked vehicles.",
33-0000.00,33-3000.00,33-3050.00,33-3050.00,Police Officers,Titled,Protective Service Occupations,Law Enforcement Workers,Broad Group,"Protect life and property, enforce laws, patrol assigned areas, respond to emergencies, and investigate crimes.",
33-0000.00,33-3000.00,33-3050.00,33-3051.00,Police and Sheriff's Patrol Officers,Role,Protective Service Occupations,Law Enforcement Workers,Police Officers,"Maintain order and protect life and property by enforcing local, tribal, State, or Federal laws and ordinances. Perform a combination of the following duties: patrol a specific area; direct traffic; issue traffic summonses; investigate accidents; apprehend and arrest suspects, or serve legal processes of courts.",
33-0000.00,33-3000.00,33-3050.00,33-3051.01,Police Patrol Officers,Role,Protective Service Occupations,Law Enforcement Workers,Police Officers,"Patrol assigned area to enforce laws and ordinances, regulate traffic, control crowds, prevent crime, and arrest violators.",
33-0000.00,33-3000.00,33-3050.00,33-3051.03,Sheriffs and Deputy Sheriffs,Role,Protective Service Occupations,Law Enforcement Workers,Police Officers,"Enforce law and order in rural or unincorporated districts or serve legal processes of courts. May patrol courthouse, guard court or grand jury, or escort defendants.",
33-0000.00,33-3000.00,33-3050.00,33-3052.00,Transit and Railroad Police,Role,Protective Service Occupations,Law Enforcement Workers,Police Officers,"Protect and police railroad and transit property, employees, or passengers.",
33-0000.00,33-9000.00,33-9000.00,33-9000.00,Other Protective Service Workers,Main,Protective Service Occupations,Minor Group,Minor Group,"This category includes occupations such as security guards, gaming surveillance officers, and transportation security screeners. Other Protective Service Workers are responsible for ensuring the safety and security of individuals, properties, and facilities in various settings.",
33-0000.00,33-9000.00,33-9010.00,33-9010.00,Animal Control Workers,Titled,Protective Service Occupations,Other Protective Service Workers,Broad Group,"Handle situations involving stray, dangerous, or abused animals. Enforce animal licensing laws and investigate reports of animal mistreatment.",
33-0000.00,33-9000.00,33-9010.00,33-9011.00,Animal Control Workers,Role,Protective Service Occupations,Other Protective Service Workers,Animal Control Workers,"Handle animals for the purpose of investigations of mistreatment, or control of abandoned, dangerous, or unattended animals.",
33-0000.00,33-9000.00,33-9020.00,33-9020.00,Private Detectives and Investigators,Titled,Protective Service Occupations,Other Protective Service Workers,Broad Group,"Gather information for clients using interviews, surveillance, or research. May investigate financial, legal, or personal matters.",
33-0000.00,33-9000.00,33-9020.00,33-9021.00,Private Detectives and Investigators,Role,Protective Service Occupations,Other Protective Service Workers,Private Detectives and Investigators,"Gather, analyze, compile and report information regarding individuals or organizations to clients, or detect occurrences of unlawful acts or infractions of rules in private establishment.",
33-0000.00,33-9000.00,33-9030.00,33-9030.00,Security Guards and Gaming Surveillance Officers,Titled,Protective Service Occupations,Other Protective Service Workers,Broad Group,"Guard property against theft, vandalism, or illegal activity. Monitor premises, check identification, and use video surveillance in casinos and other facilities.",
33-0000.00,33-9000.00,33-9030.00,33-9031.00,Gaming Surveillance Officers and Gaming Investigators,Role,Protective Service Occupations,Other Protective Service Workers,Security Guards and Gaming Surveillance Officers,"Act as oversight and security agent for management and customers. Observe casino or casino hotel operation for irregular activities such as cheating or theft by either employees or patrons. May use one-way mirrors above the casino floor, cashier's cage, and from desk. Use of audio/video equipment is also common to observe operation of the business. Usually required to provide verbal and written reports of all violations and suspicious behavior to supervisor.",
33-0000.00,33-9000.00,33-9030.00,33-9032.00,Security Guards,Role,Protective Service Occupations,Other Protective Service Workers,Security Guards and Gaming Surveillance Officers,"Guard, patrol, or monitor premises to prevent theft, violence, or infractions of rules. May operate x-ray and metal detector equipment.",
33-0000.00,33-9000.00,33-9090.00,33-9090.00,Miscellaneous Protective Service Workers,Titled,Protective Service Occupations,Other Protective Service Workers,Broad Group,"Engage in protective service roles not classified elsewhere, such as crossing guards, transportation security screeners, or school security.",
33-0000.00,33-9000.00,33-9090.00,33-9091.00,Crossing Guards,Role,Protective Service Occupations,Other Protective Service Workers,Miscellaneous Protective Service Workers,"Guide or control vehicular or pedestrian traffic at such places as streets, schools, railroad crossings, or construction sites.",
33-0000.00,33-9000.00,33-9090.00,33-9092.00,"Lifeguards, Ski Patrol, and Other Recreational Protective Service Workers",Role,Protective Service Occupations,Other Protective Service Workers,Miscellaneous Protective Service Workers,"Monitor recreational areas, such as pools, beaches, or ski slopes to provide assistance and protection to participants.",
33-0000.00,33-9000.00,33-9090.00,33-9093.00,Transportation Security Screeners,Role,Protective Service Occupations,Other Protective Service Workers,Miscellaneous Protective Service Workers,"Conduct screening of passengers, baggage, or cargo to ensure compliance with Transportation Security Administration (TSA) regulations. May operate basic security equipment such as x-ray machines and hand wands at screening checkpoints.",
33-0000.00,33-9000.00,33-9090.00,33-9099.00,"Protective Service Workers, All Other",Role,Protective Service Occupations,Other Protective Service Workers,Miscellaneous Protective Service Workers,All protective service workers not listed separately.,
33-0000.00,33-9000.00,33-9090.00,33-9099.02,Retail Loss Prevention Specialists,Role,Protective Service Occupations,Other Protective Service Workers,Miscellaneous Protective Service Workers,"Implement procedures and systems to prevent merchandise loss. Conduct audits and investigations of employee activity. May assist in developing policies, procedures, and systems for safeguarding assets.",
35-0000.00,35-0000.00,35-0000.00,35-0000.00,Food Preparation and Serving Related Occupations,Major,Major Group,Major Group,Major Group,"Involves preparing and serving food and beverages in restaurants, cafeterias, and other dining establishments. Includes cooks, waitstaff, bartenders, and related support staff.",
35-0000.00,35-1000.00,35-1000.00,35-1000.00,Supervisors of Food Preparation and Serving Workers,Main,Food Preparation and Serving Related Occupations,Minor Group,Minor Group,"This category includes supervisors and managers who oversee food preparation and serving workers in various establishments such as restaurants, cafeterias, and catering services. They are responsible for managing staff, ensuring food safety and quality, coordinating operations, and maintaining customer satisfaction.",
35-0000.00,35-1000.00,35-1010.00,35-1010.00,Supervisors of Food Preparation and Serving Workers,Titled,Food Preparation and Serving Related Occupations,Supervisors of Food Preparation and Serving Workers,Broad Group,"Direct and coordinate activities of workers engaged in preparing and serving food. Schedule shifts, ensure quality standards, and handle customer complaints.",
35-0000.00,35-1000.00,35-1010.00,35-1011.00,Chefs and Head Cooks,Role,Food Preparation and Serving Related Occupations,Supervisors of Food Preparation and Serving Workers,Supervisors of Food Preparation and Serving Workers,"Direct and may participate in the preparation, seasoning, and cooking of salads, soups, fish, meats, vegetables, desserts, or other foods. May plan and price menu items, order supplies, and keep records and accounts.",
35-0000.00,35-1000.00,35-1010.00,35-1012.00,First-Line Supervisors of Food Preparation and Serving Workers,Role,Food Preparation and Serving Related Occupations,Supervisors of Food Preparation and Serving Workers,Supervisors of Food Preparation and Serving Workers,Directly supervise and coordinate activities of workers engaged in preparing and serving food.,
35-0000.00,35-2000.00,35-2000.00,35-2000.00,Cooks and Food Preparation Workers,Main,Food Preparation and Serving Related Occupations,Minor Group,Minor Group,"Cooks and Food Preparation Workers are responsible for preparing ingredients, cooking meals, following recipes, and ensuring food safety and quality. They work under the guidance of chefs, supervisors, or kitchen managers, and their tasks may include chopping vegetables, seasoning dishes, operating cooking equipment, and maintaining cleanliness in the kitchen area.",
35-0000.00,35-2000.00,35-2010.00,35-2010.00,Cooks,Titled,Food Preparation and Serving Related Occupations,Cooks and Food Preparation Workers,Broad Group,"Prepare meals according to recipes and customer requests in restaurants or other food establishments. Monitor food quality, safety, and sanitation.",
35-0000.00,35-2000.00,35-2010.00,35-2011.00,"Cooks, Fast Food",Role,Food Preparation and Serving Related Occupations,Cooks and Food Preparation Workers,Cooks,Prepare and cook food in a fast food restaurant with a limited menu. Duties of these cooks are limited to preparation of a few basic items and normally involve operating large-volume single-purpose cooking equipment.,
35-0000.00,35-2000.00,35-2010.00,35-2012.00,"Cooks, Institution and Cafeteria",Role,Food Preparation and Serving Related Occupations,Cooks and Food Preparation Workers,Cooks,"Prepare and cook large quantities of food for institutions, such as schools, hospitals, or cafeterias.",
35-0000.00,35-2000.00,35-2010.00,35-2013.00,"Cooks, Private Household",Role,Food Preparation and Serving Related Occupations,Cooks and Food Preparation Workers,Cooks,Prepare meals in private homes. Includes personal chefs.,
35-0000.00,35-2000.00,35-2010.00,35-2014.00,"Cooks, Restaurant",Role,Food Preparation and Serving Related Occupations,Cooks and Food Preparation Workers,Cooks,"Prepare, season, and cook dishes such as soups, meats, vegetables, or desserts in restaurants. May order supplies, keep records and accounts, price items on menu, or plan menu.",
35-0000.00,35-2000.00,35-2010.00,35-2015.00,"Cooks, Short Order",Role,Food Preparation and Serving Related Occupations,Cooks and Food Preparation Workers,Cooks,Prepare and cook to order a variety of foods that require only a short preparation time. May take orders from customers and serve patrons at counters or tables.,
35-0000.00,35-2000.00,35-2010.00,35-2019.00,"Cooks, All Other",Role,Food Preparation and Serving Related Occupations,Cooks and Food Preparation Workers,Cooks,All cooks not listed separately.,
35-0000.00,35-2000.00,35-2020.00,35-2020.00,Food Preparation Workers,Titled,Food Preparation and Serving Related Occupations,Cooks and Food Preparation Workers,Broad Group,"Perform basic cooking tasks, such as chopping ingredients and preparing cold foods. Maintain kitchen cleanliness and adhere to food safety standards.",
35-0000.00,35-2000.00,35-2020.00,35-2021.00,Food Preparation Workers,Role,Food Preparation and Serving Related Occupations,Cooks and Food Preparation Workers,Food Preparation Workers,"Perform a variety of food preparation duties other than cooking, such as preparing cold foods and shellfish, slicing meat, and brewing coffee or tea.",
35-0000.00,35-3000.00,35-3000.00,35-3000.00,Food and Beverage Serving Workers,Main,Food Preparation and Serving Related Occupations,Minor Group,Minor Group,"Food and Beverage Serving Workers encompass a range of positions in the food service industry, including waiters, waitresses, bartenders, hosts/hostesses, and counter attendants. They work in restaurants, bars, cafes, hotels, and other dining establishments. Their responsibilities include taking orders, serving food and beverages, ensuring customer satisfaction, and maintaining a clean and welcoming dining environment.",
35-0000.00,35-3000.00,35-3010.00,35-3010.00,Bartenders,Titled,Food Preparation and Serving Related Occupations,Food and Beverage Serving Workers,Broad Group,"Mix and serve alcoholic and nonalcoholic beverages to patrons. May collect payments, manage bar inventory, and maintain cleanliness.",
35-0000.00,35-3000.00,35-3010.00,35-3011.00,Bartenders,Role,Food Preparation and Serving Related Occupations,Food and Beverage Serving Workers,Bartenders,"Mix and serve drinks to patrons, directly or through waitstaff.",
35-0000.00,35-3000.00,35-3020.00,35-3020.00,Fast Food and Counter Workers,Titled,Food Preparation and Serving Related Occupations,Food and Beverage Serving Workers,Broad Group,"Serve food and beverages, often at fast-food or self-service establishments. Take orders, process payments, and handle simple meal assembly.",
35-0000.00,35-3000.00,35-3020.00,35-3021.00,"Combined Food Preparation and Serving Workers, Including Fast Food",Role,Food Preparation and Serving Related Occupations,Food and Beverage Serving Workers,Fast Food and Counter Workers,Perform duties which combine preparing and serving food and nonalcoholic beverages.,
35-0000.00,35-3000.00,35-3020.00,35-3022.00,"Counter Attendants, Cafeteria, Food Concession, and Coffee Shop",Role,Food Preparation and Serving Related Occupations,Food and Beverage Serving Workers,Fast Food and Counter Workers,Serve food to diners at counter or from a steam table.,
35-0000.00,35-3000.00,35-3020.00,35-3022.01,Baristas,Role,Food Preparation and Serving Related Occupations,Food and Beverage Serving Workers,Fast Food and Counter Workers,Prepare or serve specialty coffee or other beverages. Serve food such as baked goods or sandwiches to patrons.,
35-0000.00,35-3000.00,35-3030.00,35-3030.00,Waiters and Waitresses,Titled,Food Preparation and Serving Related Occupations,Food and Beverage Serving Workers,Broad Group,"Take orders and serve food and beverages to patrons. Provide menu information, address customer needs, and handle payments.",
35-0000.00,35-3000.00,35-3030.00,35-3031.00,Waiters and Waitresses,Role,Food Preparation and Serving Related Occupations,Food and Beverage Serving Workers,Waiters and Waitresses,Take orders and serve food and beverages to patrons at tables in dining establishment.,
35-0000.00,35-3000.00,35-3040.00,35-3040.00,"Food Servers, Nonrestaurant",Titled,Food Preparation and Serving Related Occupations,Food and Beverage Serving Workers,Broad Group,"Serve food at locations such as hospitals, hotels, and offices that do not operate as traditional restaurants.",
35-0000.00,35-3000.00,35-3040.00,35-3041.00,"Food Servers, Nonrestaurant",Role,Food Preparation and Serving Related Occupations,Food and Beverage Serving Workers,"Food Servers, Nonrestaurant","Serve food to individuals outside of a restaurant environment, such as in hotel rooms, hospital rooms, residential care facilities, or cars.",
35-0000.00,35-9000.00,35-9000.00,35-9000.00,Other Food Preparation and Serving Related Workers,Main,Food Preparation and Serving Related Occupations,Minor Group,Minor Group,"Other Food Preparation and Serving Related Workers assist in the preparation and serving of food and beverages in various dining establishments such as restaurants, cafeterias, and fast food outlets. They may be responsible for tasks like clearing tables, restocking supplies, operating cash registers, and cleaning kitchen or dining areas.",
35-0000.00,35-9000.00,35-9010.00,35-9010.00,Dining Room and Cafeteria Attendants and Bartender Helpers,Titled,Food Preparation and Serving Related Occupations,Other Food Preparation and Serving Related Workers,Broad Group,"Facilitate the dining experience by cleaning tables, restocking supplies, and supporting waitstaff or bartenders.",
35-0000.00,35-9000.00,35-9010.00,35-9011.00,Dining Room and Cafeteria Attendants and Bartender Helpers,Role,Food Preparation and Serving Related Occupations,Other Food Preparation and Serving Related Workers,Dining Room and Cafeteria Attendants and Bartender Helpers,"Facilitate food service. Clean tables, remove dirty dishes, replace soiled table linens; set tables; replenish supply of clean linens, silverware, glassware, and dishes; supply service bar with food; and serve items such as water, condiments, and coffee to patrons.",
35-0000.00,35-9000.00,35-9020.00,35-9020.00,Dishwashers,Titled,Food Preparation and Serving Related Occupations,Other Food Preparation and Serving Related Workers,Broad Group,"Clean dishes, kitchen utensils, and work areas. May also store clean items in designated areas and remove trash.",
35-0000.00,35-9000.00,35-9020.00,35-9021.00,Dishwashers,Role,Food Preparation and Serving Related Occupations,Other Food Preparation and Serving Related Workers,Dishwashers,"Clean dishes, kitchen, food preparation equipment, or utensils.",
35-0000.00,35-9000.00,35-9030.00,35-9030.00,"Hosts and Hostesses, Restaurant, Lounge, and Coffee Shop",Titled,Food Preparation and Serving Related Occupations,Other Food Preparation and Serving Related Workers,Broad Group,"Greet guests, manage waitlists, guide patrons to their seats, and maintain an organized seating chart.",
35-0000.00,35-9000.00,35-9030.00,35-9031.00,"Hosts and Hostesses, Restaurant, Lounge, and Coffee Shop",Role,Food Preparation and Serving Related Occupations,Other Food Preparation and Serving Related Workers,"Hosts and Hostesses, Restaurant, Lounge, and Coffee Shop","Welcome patrons, seat them at tables or in lounge, and help ensure quality of facilities and service.",
35-0000.00,35-9000.00,35-9090.00,35-9090.00,Miscellaneous Food Preparation and Serving Related Workers,Titled,Food Preparation and Serving Related Occupations,Other Food Preparation and Serving Related Workers,Broad Group,"Perform a variety of food service tasks not classified under other categories, such as delivering room service or assisting with catering events.",
35-0000.00,35-9000.00,35-9090.00,35-9099.00,"Food Preparation and Serving Related Workers, All Other",Role,Food Preparation and Serving Related Occupations,Other Food Preparation and Serving Related Workers,Miscellaneous Food Preparation and Serving Related Workers,All food preparation and serving related workers not listed separately.,
37-0000.00,37-0000.00,37-0000.00,37-0000.00,Building and Grounds Cleaning and Maintenance Occupations,Major,Major Group,Major Group,Major Group,"Encompasses custodial and housekeeping roles maintaining interior and exterior spaces. Workers clean, repair, and manage areas such as offices, hotels, or grounds, ensuring a safe and sanitary environment.",
37-0000.00,37-1000.00,37-1000.00,37-1000.00,Supervisors of Building and Grounds Cleaning and Maintenance Workers,Main,Building and Grounds Cleaning and Maintenance Occupations,Minor Group,Minor Group,"Supervisors of Building and Grounds Cleaning and Maintenance Workers are responsible for coordinating and managing the work of cleaning and maintenance staff. They assign tasks, ensure compliance with safety standards, inspect work quality, and may handle administrative duties related to scheduling, budgeting, and inventory management.",
37-0000.00,37-1000.00,37-1010.00,37-1010.00,First-Line Supervisors of Building and Grounds Cleaning and Maintenance Workers,Titled,Building and Grounds Cleaning and Maintenance Occupations,Supervisors of Building and Grounds Cleaning and Maintenance Workers,Broad Group,"Oversee and coordinate janitorial or maintenance personnel. Schedule work shifts, inspect facilities, and ensure safety and cleanliness standards.",
37-0000.00,37-1000.00,37-1010.00,37-1011.00,First-Line Supervisors of Housekeeping and Janitorial Workers,Role,Building and Grounds Cleaning and Maintenance Occupations,Supervisors of Building and Grounds Cleaning and Maintenance Workers,First-Line Supervisors of Building and Grounds Cleaning and Maintenance Workers,"Directly supervise and coordinate work activities of cleaning personnel in hotels, hospitals, offices, and other establishments.",
37-0000.00,37-1000.00,37-1010.00,37-1012.00,"First-Line Supervisors of Landscaping, Lawn Service, and Groundskeeping Workers",Role,Building and Grounds Cleaning and Maintenance Occupations,Supervisors of Building and Grounds Cleaning and Maintenance Workers,First-Line Supervisors of Building and Grounds Cleaning and Maintenance Workers,"Directly supervise and coordinate activities of workers engaged in landscaping or groundskeeping activities. Work may involve reviewing contracts to ascertain service, machine, and workforce requirements; answering inquiries from potential customers regarding methods, material, and price ranges; and preparing estimates according to labor, material, and machine costs.",
37-0000.00,37-2000.00,37-2000.00,37-2000.00,Building Cleaning and Pest Control Workers,Main,Building and Grounds Cleaning and Maintenance Occupations,Minor Group,Minor Group,"Building Cleaning and Pest Control Workers perform tasks related to cleaning and maintaining buildings, such as janitorial work, custodial services, and pest control. Their responsibilities may include sweeping, mopping, vacuuming, waste removal, disinfecting surfaces, and implementing pest control measures.",
37-0000.00,37-2000.00,37-2010.00,37-2010.00,Building Cleaning Workers,Titled,Building and Grounds Cleaning and Maintenance Occupations,Building Cleaning and Pest Control Workers,Broad Group,"Clean buildings or private residences. Duties may include mopping, vacuuming, trash disposal, and sanitizing surfaces.",
37-0000.00,37-2000.00,37-2010.00,37-2011.00,"Janitors and Cleaners, Except Maids and Housekeeping Cleaners",Role,Building and Grounds Cleaning and Maintenance Occupations,Building Cleaning and Pest Control Workers,Building Cleaning Workers,"Keep buildings in clean and orderly condition. Perform heavy cleaning duties, such as cleaning floors, shampooing rugs, washing walls and glass, and removing rubbish. Duties may include tending furnace and boiler, performing routine maintenance activities, notifying management of need for repairs, and cleaning snow or debris from sidewalk.",
37-0000.00,37-2000.00,37-2010.00,37-2012.00,Maids and Housekeeping Cleaners,Role,Building and Grounds Cleaning and Maintenance Occupations,Building Cleaning and Pest Control Workers,Building Cleaning Workers,"Perform any combination of light cleaning duties to maintain private households or commercial establishments, such as hotels and hospitals, in a clean and orderly manner. Duties may include making beds, replenishing linens, cleaning rooms and halls, and vacuuming.",
37-0000.00,37-2000.00,37-2010.00,37-2019.00,"Building Cleaning Workers, All Other",Role,Building and Grounds Cleaning and Maintenance Occupations,Building Cleaning and Pest Control Workers,Building Cleaning Workers,All building cleaning workers not listed separately.,
37-0000.00,37-2000.00,37-2020.00,37-2020.00,Pest Control Workers,Titled,Building and Grounds Cleaning and Maintenance Occupations,Building Cleaning and Pest Control Workers,Broad Group,"Identify and control pests using chemicals, traps, or natural solutions. Inspect buildings for infestation and recommend prevention measures.",
37-0000.00,37-2000.00,37-2020.00,37-2021.00,Pest Control Workers,Role,Building and Grounds Cleaning and Maintenance Occupations,Building Cleaning and Pest Control Workers,Pest Control Workers,Apply or release chemical solutions or toxic gases and set traps to kill or remove pests and vermin that infest buildings and surrounding areas.,
37-0000.00,37-3000.00,37-3000.00,37-3000.00,Grounds Maintenance Workers,Main,Building and Grounds Cleaning and Maintenance Occupations,Minor Group,Minor Group,"Grounds Maintenance Workers perform tasks related to landscaping, lawn care, planting, pruning, irrigation, and maintenance of outdoor areas. They may also operate machinery and equipment, such as mowers, trimmers, and power tools.",
37-0000.00,37-3000.00,37-3010.00,37-3010.00,Grounds Maintenance Workers,Titled,Building and Grounds Cleaning and Maintenance Occupations,Grounds Maintenance Workers,Broad Group,"Maintain outdoor areas, mow lawns, plant and trim vegetation, clear debris, and keep landscapes looking their best.",
37-0000.00,37-3000.00,37-3010.00,37-3011.00,Landscaping and Groundskeeping Workers,Role,Building and Grounds Cleaning and Maintenance Occupations,Grounds Maintenance Workers,Grounds Maintenance Workers,"Landscape or maintain grounds of property using hand or power tools or equipment. Workers typically perform a variety of tasks, which may include any combination of the following: sod laying, mowing, trimming, planting, watering, fertilizing, digging, raking, sprinkler installation, and installation of mortarless segmental concrete masonry wall units.",
37-0000.00,37-3000.00,37-3010.00,37-3012.00,"Pesticide Handlers, Sprayers, and Applicators, Vegetation",Role,Building and Grounds Cleaning and Maintenance Occupations,Grounds Maintenance Workers,Grounds Maintenance Workers,"Mix or apply pesticides, herbicides, fungicides, or insecticides through sprays, dusts, vapors, soil incorporation, or chemical application on trees, shrubs, lawns, or botanical crops. Usually requires specific training and State or Federal certification.",
37-0000.00,37-3000.00,37-3010.00,37-3013.00,Tree Trimmers and Pruners,Role,Building and Grounds Cleaning and Maintenance Occupations,Grounds Maintenance Workers,Grounds Maintenance Workers,"Using sophisticated climbing and rigging techniques, cut away dead or excess branches from trees or shrubs to maintain right-of-way for roads, sidewalks, or utilities, or to improve appearance, health, and value of tree. Prune or treat trees or shrubs using handsaws, hand pruners, clippers, and power pruners. Works off the ground in the tree canopy and may use truck-mounted lifts.",
37-0000.00,37-3000.00,37-3010.00,37-3019.00,"Grounds Maintenance Workers, All Other",Role,Building and Grounds Cleaning and Maintenance Occupations,Grounds Maintenance Workers,Grounds Maintenance Workers,All grounds maintenance workers not listed separately.,
39-0000.00,39-0000.00,39-0000.00,39-0000.00,Personal Care and Service Occupations,Major,Major Group,Major Group,Major Group,"Provides personal services to clients, such as childcare, fitness instruction, or beauty treatments. Includes hairdressers, childcare workers, fitness trainers, and similar service providers.",
39-0000.00,39-1000.00,39-1000.00,39-1000.00,Supervisors of Personal Care and Service Workers,Main,Personal Care and Service Occupations,Minor Group,Minor Group,"Supervisors of Personal Care and Service Workers oversee and coordinate the activities of workers providing personal care services to individuals in various settings, such as home care, residential facilities, or healthcare institutions. They may supervise workers such as personal care aides, home health aides, and childcare workers, ensuring the quality of care and adherence to regulations.",
39-0000.00,39-1000.00,39-1010.00,39-1010.00,First-Line Supervisors of Gaming Workers,Titled,Personal Care and Service Occupations,Supervisors of Personal Care and Service Workers,Broad Group,"Supervise and coordinate the activities of gaming service employees, such as dealers and slot supervisors. Ensure compliance with gaming regulations and maintain customer satisfaction.",
39-0000.00,39-1000.00,39-1010.00,39-1011.00,Gaming Supervisors,Role,Personal Care and Service Occupations,Supervisors of Personal Care and Service Workers,First-Line Supervisors of Gaming Workers,Supervise and coordinate activities of workers in assigned gaming areas. Circulate among tables and observe operations. Ensure that stations and games are covered for each shift. May explain and interpret operating rules of house to patrons. May plan and organize activities and services for guests in hotels/casinos. May address service complaints.,
39-0000.00,39-1000.00,39-1010.00,39-1012.00,Slot Supervisors,Role,Personal Care and Service Occupations,Supervisors of Personal Care and Service Workers,First-Line Supervisors of Gaming Workers,Supervise and coordinate activities of slot department workers to provide service to patrons. Handle and settle complaints of players. Verify and pay off jackpots. Reset slot machines after payoffs. Make repairs or adjustments to slot machines or recommend removal of slot machines for repair. Report hazards and enforce safety rules.,
39-0000.00,39-1000.00,39-1020.00,39-1020.00,First-Line Supervisors of Personal Service Workers,Titled,Personal Care and Service Occupations,Supervisors of Personal Care and Service Workers,Broad Group,"Direct workers providing personal services (e.g., spa, salon, or childcare). Monitor operations, train staff, and handle customer complaints or special requests.",
39-0000.00,39-1000.00,39-1020.00,39-1021.00,First-Line Supervisors of Personal Service Workers,Role,Personal Care and Service Occupations,Supervisors of Personal Care and Service Workers,First-Line Supervisors of Personal Service Workers,"Directly supervise and coordinate activities of personal service workers, such as flight attendants, hairdressers, or caddies.",
39-0000.00,39-1000.00,39-1020.00,39-1021.01,Spa Managers,Role,Personal Care and Service Occupations,Supervisors of Personal Care and Service Workers,First-Line Supervisors of Personal Service Workers,"Plan, direct, or coordinate activities of a spa facility. Coordinate programs, schedule and direct staff, and oversee financial activities.",
39-0000.00,39-2000.00,39-2000.00,39-2000.00,Animal Care and Service Workers,Main,Personal Care and Service Occupations,Minor Group,Minor Group,"Animal Care and Service Workers provide care, support, and services to animals in a variety of settings, such as animal shelters, zoos, veterinary clinics, and pet care facilities. They may be involved in tasks such as feeding, grooming, training, monitoring health, and ensuring the overall well-being of animals.",
39-0000.00,39-2000.00,39-2010.00,39-2010.00,Animal Trainers,Titled,Personal Care and Service Occupations,Animal Care and Service Workers,Animal Trainers,,
39-0000.00,39-2000.00,39-2010.00,39-2011.00,Animal Trainers,Role,Personal Care and Service Occupations,Animal Care and Service Workers,Animal Trainers,"Train animals for riding, harness, security, performance, or obedience, or assisting persons with disabilities. Accustom animals to human voice and contact; and condition animals to respond to commands. Train animals according to prescribed standards for show or competition. May train animals to carry pack loads or work as part of pack team.",
39-0000.00,39-2000.00,39-2020.00,39-2020.00,Nonfarm Animal Caretakers,Titled,Personal Care and Service Occupations,Animal Care and Service Workers,Animal Trainers,,
39-0000.00,39-2000.00,39-2020.00,39-2021.00,Nonfarm Animal Caretakers,Role,Personal Care and Service Occupations,Animal Care and Service Workers,Animal Trainers,"Feed, water, groom, bathe, exercise, or otherwise care for pets and other nonfarm animals, such as dogs, cats, ornamental fish or birds, zoo animals, and mice. Work in settings such as kennels, animal shelters, zoos, circuses, and aquariums. May keep records of feedings, treatments, and animals received or discharged. May clean, disinfect, and repair cages, pens, or fish tanks.",
39-0000.00,39-3000.00,39-3000.00,39-3000.00,Entertainment Attendants and Related Workers,Main,Personal Care and Service Occupations,Minor Group,Minor Group,"This category includes various occupations involved in providing entertainment services and assisting with the operations of entertainment venues. It encompasses workers who support and facilitate the smooth running of events, performances, amusement parks, and other entertainment establishments.",
39-0000.00,39-3000.00,39-3010.00,39-3010.00,Gaming Services Workers,Titled,Personal Care and Service Occupations,Entertainment Attendants and Related Workers,Broad Group,"Operate gambling tables, deal cards, or handle slot machines in casinos. Assist patrons, enforce gaming rules, and handle financial transactions.",
39-0000.00,39-3000.00,39-3010.00,39-3011.00,Gaming Dealers,Role,Personal Care and Service Occupations,Entertainment Attendants and Related Workers,Gaming Services Workers,"Operate table games. Stand or sit behind table and operate games of chance by dispensing the appropriate number of cards or blocks to players, or operating other gaming equipment. Distribute winnings or collect players' money or chips. May compare the house's hand against players' hands.",
39-0000.00,39-3000.00,39-3010.00,39-3012.00,Gaming and Sports Book Writers and Runners,Role,Personal Care and Service Occupations,Entertainment Attendants and Related Workers,Gaming Services Workers,"Post information enabling patrons to wager on various races and sporting events. Assist in the operation of games such as keno and bingo. May operate random number generating equipment and announce the numbers for patrons. Receive, verify, and record patrons' wagers. Scan and process winning tickets presented by patrons and payout winnings for those wagers.",
39-0000.00,39-3000.00,39-3010.00,39-3019.00,"Gaming Service Workers, All Other",Role,Personal Care and Service Occupations,Entertainment Attendants and Related Workers,Gaming Services Workers,All gaming service workers not listed separately.,
39-0000.00,39-3000.00,39-3020.00,39-3020.00,Motion Picture Projectionists,Titled,Personal Care and Service Occupations,Entertainment Attendants and Related Workers,Broad Group,"Operate film or digital projectors, manage reels or digital files, adjust sound and picture quality, and ensure smooth theatrical screenings.",
39-0000.00,39-3000.00,39-3020.00,39-3021.00,Motion Picture Projectionists,Role,Personal Care and Service Occupations,Entertainment Attendants and Related Workers,Motion Picture Projectionists,Set up and operate motion picture projection and related sound reproduction equipment.,
39-0000.00,39-3000.00,39-3030.00,39-3030.00,"Ushers, Lobby Attendants, and Ticket Takers",Titled,Personal Care and Service Occupations,Entertainment Attendants and Related Workers,Broad Group,"Greet patrons, take tickets, and direct attendees to seats. May distribute programs, answer questions, or help maintain order before and after events.",
39-0000.00,39-3000.00,39-3030.00,39-3031.00,"Ushers, Lobby Attendants, and Ticket Takers",Role,Personal Care and Service Occupations,Entertainment Attendants and Related Workers,"Ushers, Lobby Attendants, and Ticket Takers","Assist patrons at entertainment events by performing duties, such as collecting admission tickets and passes from patrons, assisting in finding seats, searching for lost articles, and locating such facilities as rest rooms and telephones.",
39-0000.00,39-3000.00,39-3090.00,39-3090.00,Miscellaneous Entertainment Attendants and Related Workers,Titled,Personal Care and Service Occupations,Entertainment Attendants and Related Workers,Broad Group,"Perform event-related tasks not listed under other occupations, such as carnival ride operators, costume characters, or escape room attendants.",
39-0000.00,39-3000.00,39-3090.00,39-3091.00,Amusement and Recreation Attendants,Role,Personal Care and Service Occupations,Entertainment Attendants and Related Workers,Miscellaneous Entertainment Attendants and Related Workers,"Perform variety of attending duties at amusement or recreation facility. May schedule use of recreation facilities, maintain and provide equipment to participants of sporting events or recreational pursuits, or operate amusement concessions and rides.",
39-0000.00,39-3000.00,39-3090.00,39-3092.00,Costume Attendants,Role,Personal Care and Service Occupations,Entertainment Attendants and Related Workers,Miscellaneous Entertainment Attendants and Related Workers,"Select, fit, and take care of costumes for cast members, and aid entertainers. May assist with multiple costume changes during performances.",
39-0000.00,39-3000.00,39-3090.00,39-3093.00,"Locker Room, Coatroom, and Dressing Room Attendants",Role,Personal Care and Service Occupations,Entertainment Attendants and Related Workers,Miscellaneous Entertainment Attendants and Related Workers,"Provide personal items to patrons or customers in locker rooms, dressing rooms, or coatrooms.",
39-0000.00,39-3000.00,39-3090.00,39-3099.00,"Entertainment Attendants and Related Workers, All Other",Role,Personal Care and Service Occupations,Entertainment Attendants and Related Workers,Miscellaneous Entertainment Attendants and Related Workers,All entertainment attendants and related workers not listed separately.,
39-0000.00,39-4000.00,39-4000.00,39-4000.00,Funeral Service Workers,Main,Personal Care and Service Occupations,Minor Group,Minor Group,"Funeral Service Workers, includes various professionals involved in providing funeral services and supporting bereaved families. This category typically encompasses funeral directors, morticians, embalmers, and funeral attendants. Funeral service workers are responsible for assisting families in making funeral arrangements, preparing bodies for burial or cremation, organizing memorial services, and providing emotional support to grieving individuals.",
39-0000.00,39-4000.00,39-4010.00,39-4010.00,Embalmers,Titled,Personal Care and Service Occupations,Funeral Service Workers,Broad Group,Prepare bodies for burial or cremation by cleansing and preserving remains. May reconstruct disfigured bodies to restore natural appearance.,
39-0000.00,39-4000.00,39-4010.00,39-4011.00,Embalmers,Role,Personal Care and Service Occupations,Funeral Service Workers,Embalmers,Prepare bodies for interment in conformity with legal requirements.,
39-0000.00,39-4000.00,39-4020.00,39-4020.00,Funeral Attendants,Titled,Personal Care and Service Occupations,Funeral Service Workers,Broad Group,"Assist funeral directors in various tasks, including setting up viewing rooms, arranging flowers, and transporting caskets.",
39-0000.00,39-4000.00,39-4020.00,39-4021.00,Funeral Attendants,Role,Personal Care and Service Occupations,Funeral Service Workers,Funeral Attendants,"Perform variety of tasks during funeral, such as placing casket in parlor or chapel prior to service; arranging floral offerings or lights around casket; directing or escorting mourners; closing casket; and issuing and storing funeral equipment.",
39-0000.00,39-4000.00,39-4030.00,39-4030.00,"Morticians, Undertakers, and Funeral Directors",Titled,Personal Care and Service Occupations,Funeral Service Workers,Broad Group,"Coordinate all aspects of funeral services, including embalming, meeting with families to plan services, and handling administrative duties such as records and permits.",
39-0000.00,39-4000.00,39-4030.00,39-4031.00,"Morticians, Undertakers, and Funeral Directors",Role,Personal Care and Service Occupations,Funeral Service Workers,"Morticians, Undertakers, and Funeral Directors","Perform various tasks to arrange and direct funeral services, such as coordinating transportation of body to mortuary, interviewing family or other authorized person to arrange details, selecting pallbearers, aiding with the selection of officials for religious rites, and providing transportation for mourners.",
39-0000.00,39-5000.00,39-5000.00,39-5000.00,Personal Appearance Workers,Main,Personal Care and Service Occupations,Minor Group,Minor Group,"The category of Personal Appearance Workers typically includes occupations such as hairstylists, barbers, makeup artists, skincare specialists, and nail technicians. These professionals provide personal grooming services to clients, helping them enhance their appearance.",
39-0000.00,39-5000.00,39-5010.00,39-5010.00,"Barbers, Hairdressers, Hairstylists and Cosmetologists",Titled,Personal Care and Service Occupations,Personal Appearance Workers,Broad Group,"Provide hair, makeup, and related beauty services. Cut, style, and color hair; recommend products; and maintain sanitary work areas.",
39-0000.00,39-5000.00,39-5010.00,39-5011.00,Barbers,Role,Personal Care and Service Occupations,Personal Appearance Workers,"Barbers, Hairdressers, Hairstylists and Cosmetologists","Provide barbering services, such as cutting, trimming, shampooing, and styling hair, trimming beards, or giving shaves.",
39-0000.00,39-5000.00,39-5010.00,39-5012.00,"Hairdressers, Hairstylists, and Cosmetologists",Role,Personal Care and Service Occupations,Personal Appearance Workers,"Barbers, Hairdressers, Hairstylists and Cosmetologists","Provide beauty services, such as shampooing, cutting, coloring, and styling hair, and massaging and treating scalp. May apply makeup, dress wigs, perform hair removal, and provide nail and skin care services.",
39-0000.00,39-5000.00,39-5090.00,39-5090.00,Miscellaneous Personal Appearance Workers,Titled,Personal Care and Service Occupations,Personal Appearance Workers,Broad Group,"Offer specialized beauty or grooming services not classified under standard roles, potentially including skincare, nail, or spa treatments.",
39-0000.00,39-5000.00,39-5090.00,39-5091.00,"Makeup Artists, Theatrical and Performance",Role,Personal Care and Service Occupations,Personal Appearance Workers,Miscellaneous Personal Appearance Workers,"Apply makeup to performers to reflect period, setting, and situation of their role.",
39-0000.00,39-5000.00,39-5090.00,39-5092.00,Manicurists and Pedicurists,Role,Personal Care and Service Occupations,Personal Appearance Workers,Miscellaneous Personal Appearance Workers,Clean and shape customers' fingernails and toenails. May polish or decorate nails.,
39-0000.00,39-5000.00,39-5090.00,39-5093.00,Shampooers,Role,Personal Care and Service Occupations,Personal Appearance Workers,Miscellaneous Personal Appearance Workers,Shampoo and rinse customers' hair.,
39-0000.00,39-5000.00,39-5090.00,39-5094.00,Skincare Specialists,Role,Personal Care and Service Occupations,Personal Appearance Workers,Miscellaneous Personal Appearance Workers,Provide skincare treatments to face and body to enhance an individual's appearance. Includes electrologists and laser hair removal specialists.,
39-0000.00,39-6000.00,39-6000.00,39-6000.00,"Baggage Porters, Bellhops, and Concierges",Main,Personal Care and Service Occupations,Minor Group,Minor Group,"The category of Baggage Porters, Bellhops, and Concierges includes occupations that are involved in providing assistance and services to guests in hotels, resorts, and other hospitality establishments.",
39-0000.00,39-6000.00,39-6010.00,39-6010.00,"Baggage Porters, Bellhops, and Concierges",Titled,Personal Care and Service Occupations,"Baggage Porters, Bellhops, and Concierges",Broad Group,"Assist hotel, resort, or travel guests by carrying luggage, providing information, making reservations, and handling other customer-service tasks.",
39-0000.00,39-6000.00,39-6010.00,39-6011.00,Baggage Porters and Bellhops,Role,Personal Care and Service Occupations,"Baggage Porters, Bellhops, and Concierges","Baggage Porters, Bellhops, and Concierges",Handle baggage for travelers at transportation terminals or for guests at hotels or similar establishments.,
39-0000.00,39-6000.00,39-6010.00,39-6012.00,Concierges,Role,Personal Care and Service Occupations,"Baggage Porters, Bellhops, and Concierges","Baggage Porters, Bellhops, and Concierges","Assist patrons at hotel, apartment, or office building with personal services. May take messages, arrange or give advice on transportation, business services or entertainment, or monitor guest requests for housekeeping and maintenance.",
39-0000.00,39-7000.00,39-7000.00,39-7000.00,Tour and Travel Guides,Main,Personal Care and Service Occupations,Minor Group,Minor Group,"Tour and Travel Guides are professionals who provide guided tours and travel services to individuals or groups visiting various destinations. They provide information about the history, culture, landmarks, and other relevant details of the places being visited.",
39-0000.00,39-7000.00,39-7010.00,39-7010.00,Tour and Travel Guides,Titled,Personal Care and Service Occupations,Tour and Travel Guides,Broad Group,"Escort individuals or groups on sightseeing tours or through places of interest. Provide historical, cultural, or practical information to enhance the visitor experience.",
39-0000.00,39-7000.00,39-7010.00,39-7011.00,Tour Guides and Escorts,Role,Personal Care and Service Occupations,Tour and Travel Guides,Tour and Travel Guides,"Escort individuals or groups on sightseeing tours or through places of interest, such as industrial establishments, public buildings, and art galleries.",
39-0000.00,39-7000.00,39-7010.00,39-7012.00,Travel Guides,Role,Personal Care and Service Occupations,Tour and Travel Guides,Tour and Travel Guides,"Plan, organize, and conduct long distance travel, tours, and expeditions for individuals and groups.",
39-0000.00,39-9000.00,39-9000.00,39-9000.00,Other Personal Care and Service Workers,Main,Personal Care and Service Occupations,Minor Group,Minor Group,"The category of 39-9000 Other Personal Care and Service Workers includes a diverse range of occupations that provide personal care and support services to individuals in various settings. These workers typically assist clients with their daily living activities, promote their well-being, and provide companionship. The category encompasses a wide array of roles, including personal care aides, residential advisors, child and youth workers, recreation workers, and personal trainers. These workers often have direct and regular contact with clients, offering assistance and support in areas such as grooming, hygiene, mobility, meal preparation, and household tasks. ",
39-0000.00,39-9000.00,39-9010.00,39-9010.00,Childcare Workers,Titled,Personal Care and Service Occupations,Other Personal Care and Service Workers,Broad Group,"Attend to children’s basic needs, plan activities, and monitor their safety. May help with homework and implement schedules for meals or playtime.",
39-0000.00,39-9000.00,39-9010.00,39-9011.00,Childcare Workers,Role,Personal Care and Service Occupations,Other Personal Care and Service Workers,Childcare Workers,"Attend to children at schools, businesses, private households, and childcare institutions. Perform a variety of tasks, such as dressing, feeding, bathing, and overseeing play.",
39-0000.00,39-9000.00,39-9010.00,39-9011.01,Nannies,Role,Personal Care and Service Occupations,Other Personal Care and Service Workers,Childcare Workers,"Care for children in private households and provide support and expertise to parents in satisfying children's physical, emotional, intellectual, and social needs. Duties may include meal planning and preparation, laundry and clothing care, organization of play activities and outings, discipline, intellectual stimulation, language activities, and transportation.",
39-0000.00,39-9000.00,39-9020.00,39-9020.00,Personal Care Aides,Titled,Personal Care and Service Occupations,Other Personal Care and Service Workers,Broad Group,"Assist individuals with daily living activities at home or in care facilities. Duties often include housekeeping, meal preparation, and companionship.",
39-0000.00,39-9000.00,39-9020.00,39-9021.00,Personal Care Aides,Role,Personal Care and Service Occupations,Other Personal Care and Service Workers,Personal Care Aides,"Assist the elderly, convalescents, or persons with disabilities with daily living activities at the person's home or in a care facility. Duties performed at a place of residence may include keeping house (making beds, doing laundry, washing dishes) and preparing meals. May provide assistance at non-residential care facilities. May advise families, the elderly, convalescents, and persons with disabilities regarding such things as nutrition, cleanliness, and household activities.",
39-0000.00,39-9000.00,39-9030.00,39-9030.00,Recreation and Fitness Workers,Titled,Personal Care and Service Occupations,Other Personal Care and Service Workers,Broad Group,"Lead leisure or fitness activities in settings such as parks, recreation facilities, gyms, or community centers. Develop exercise programs and motivate participants.",
39-0000.00,39-9000.00,39-9030.00,39-9031.00,Fitness Trainers and Aerobics Instructors,Role,Personal Care and Service Occupations,Other Personal Care and Service Workers,Recreation and Fitness Workers,"Instruct or coach groups or individuals in exercise activities. Demonstrate techniques and form, observe participants, and explain to them corrective measures necessary to improve their skills.",
39-0000.00,39-9000.00,39-9030.00,39-9032.00,Recreation Workers,Role,Personal Care and Service Occupations,Other Personal Care and Service Workers,Recreation and Fitness Workers,"Conduct recreation activities with groups in public, private, or volunteer agencies or recreation facilities. Organize and promote activities, such as arts and crafts, sports, games, music, dramatics, social recreation, camping, and hobbies, taking into account the needs and interests of individual members.",
39-0000.00,39-9000.00,39-9040.00,39-9040.00,Residential Advisors,Titled,Personal Care and Service Occupations,Other Personal Care and Service Workers,Broad Group,"Supervise students or residents in group housing facilities, enforcing rules and coordinating social or educational activities.",
39-0000.00,39-9000.00,39-9040.00,39-9041.00,Residential Advisors,Role,Personal Care and Service Occupations,Other Personal Care and Service Workers,Residential Advisors,"Coordinate activities in residential facilities in secondary and college dormitories, group homes, or similar establishments. Order supplies and determine need for maintenance, repairs, and furnishings. May maintain household records and assign rooms. May assist residents with problem solving or refer them to counseling resources.",
39-0000.00,39-9000.00,39-9090.00,39-9090.00,Miscellaneous Personal Care and Service Workers,Titled,Personal Care and Service Occupations,Other Personal Care and Service Workers,Broad Group,"Deliver personal care or support services not covered by other roles, e.g., valet parking, spa attendants, or personal organizers.",
39-0000.00,39-9000.00,39-9090.00,39-9099.00,"Personal Care and Service Workers, All Other",Role,Personal Care and Service Occupations,Other Personal Care and Service Workers,Miscellaneous Personal Care and Service Workers,All personal care and service workers not listed separately.,
41-0000.00,41-0000.00,41-0000.00,41-0000.00,Sales and Related Occupations,Major,Major Group,Major Group,Major Group,"Focuses on selling goods or services directly to consumers or other businesses. Occupations range from retail sales associates to wholesale sales representatives, often involving customer service and product promotion.",
41-0000.00,41-1000.00,41-1000.00,41-1000.00,Supervisors of Sales Workers,Main,Sales and Related Occupations,Minor Group,Minor Group,"Supervisors of Sales Workers are responsible for overseeing and managing the activities of sales teams within various industries. They play a crucial role in providing guidance, training, and support to sales personnel, monitoring sales performance, and implementing strategies to achieve sales targets.",
41-0000.00,41-1000.00,41-1010.00,41-1010.00,First-Line Supervisors of Sales Workers,Titled,Sales and Related Occupations,Supervisors of Sales Workers,Broad Group,"Direct and coordinate sales staff activities. Assign tasks, train employees, set sales goals, and monitor performance.",
41-0000.00,41-1000.00,41-1010.00,41-1011.00,First-Line Supervisors of Retail Sales Workers,Role,Sales and Related Occupations,Supervisors of Sales Workers,First-Line Supervisors of Sales Workers,"Directly supervise and coordinate activities of retail sales workers in an establishment or department. Duties may include management functions, such as purchasing, budgeting, accounting, and personnel work, in addition to supervisory duties.",
41-0000.00,41-1000.00,41-1010.00,41-1012.00,First-Line Supervisors of Non-Retail Sales Workers,Role,Sales and Related Occupations,Supervisors of Sales Workers,First-Line Supervisors of Sales Workers,"Directly supervise and coordinate activities of sales workers other than retail sales workers. May perform duties such as budgeting, accounting, and personnel work, in addition to supervisory duties.",
41-0000.00,41-2000.00,41-2000.00,41-2000.00,Retail Sales Workers,Main,Sales and Related Occupations,Minor Group,Minor Group," Retail Sales Workers are individuals who work in various retail settings, such as department stores, boutiques, and online marketplaces. They are responsible for assisting customers, providing product information, processing sales transactions, and ensuring a positive shopping experience.",
41-0000.00,41-2000.00,41-2010.00,41-2010.00,Cashiers,Titled,Sales and Related Occupations,Retail Sales Workers,Broad Group,"Handle customer purchases, operate cash registers or other point-of-sale equipment, process payments, and may bag or wrap merchandise.",
41-0000.00,41-2000.00,41-2010.00,41-2011.00,Cashiers,Role,Sales and Related Occupations,Retail Sales Workers,Cashiers,"Receive and disburse money in establishments other than financial institutions. May use electronic scanners, cash registers, or related equipment. May process credit or debit card transactions and validate checks.",
41-0000.00,41-2000.00,41-2010.00,41-2012.00,Gaming Change Persons and Booth Cashiers,Role,Sales and Related Occupations,Retail Sales Workers,Cashiers,"Exchange coins, tokens, and chips for patrons' money. May issue payoffs and obtain customer's signature on receipt. May operate a booth in the slot machine area and furnish change persons with money bank at the start of the shift, or count and audit money in drawers.",
41-0000.00,41-2000.00,41-2020.00,41-2020.00,Counter and Rental Clerks and Parts Salespersons,Titled,Sales and Related Occupations,Retail Sales Workers,Broad Group,"Assist customers in finding products, including rentals or parts. Provide product information, manage transactions, and maintain stock.",
41-0000.00,41-2000.00,41-2020.00,41-2021.00,Counter and Rental Clerks,Role,Sales and Related Occupations,Retail Sales Workers,Counter and Rental Clerks and Parts Salespersons,"Receive orders, generally in person, for repairs, rentals, and services. May describe available options, compute costs, and accept payment.",
41-0000.00,41-2000.00,41-2020.00,41-2022.00,Parts Salespersons,Role,Sales and Related Occupations,Retail Sales Workers,Counter and Rental Clerks and Parts Salespersons,Sell spare and replacement parts and equipment in repair shop or parts store.,
41-0000.00,41-2000.00,41-2030.00,41-2030.00,Retail Salespersons,Titled,Sales and Related Occupations,Retail Sales Workers,Broad Group,"Sell merchandise such as clothing, furniture, or electronics. Greet customers, explain features, and ring up purchases.",
41-0000.00,41-2000.00,41-2030.00,41-2031.00,Retail Salespersons,Role,Sales and Related Occupations,Retail Sales Workers,Retail Salespersons,"Sell merchandise, such as furniture, motor vehicles, appliances, or apparel to consumers.",
41-0000.00,41-3000.00,41-3000.00,41-3000.00,"Sales Representatives, Services",Main,Sales and Related Occupations,Minor Group,Minor Group,"Sales Representatives, Services are professionals who are responsible for selling various services to businesses and individuals. They may work in industries such as advertising, financial services, consulting, and technology. These sales representatives build relationships with clients, identify their needs, and present suitable service solutions.",
41-0000.00,41-3000.00,41-3010.00,41-3010.00,Advertising Sales Agents,Titled,Sales and Related Occupations,"Sales Representatives, Services",Broad Group,"Sell or solicit advertising to businesses and individuals. Maintain client accounts, develop ad campaigns, and achieve sales targets.",
41-0000.00,41-3000.00,41-3010.00,41-3011.00,Advertising Sales Agents,Role,Sales and Related Occupations,"Sales Representatives, Services",Advertising Sales Agents,"Sell or solicit advertising space, time, or media in publications, signage, TV, radio, or the Internet. Includes individuals who obtain leases for outdoor advertising sites or persuade retailers to use sales promotion display items.",
41-0000.00,41-3000.00,41-3020.00,41-3020.00,Insurance Sales Agents,Titled,Sales and Related Occupations,"Sales Representatives, Services",Broad Group,"Contact potential clients, explain various insurance policies, and help customers choose plans that meet their needs.",
41-0000.00,41-3000.00,41-3020.00,41-3021.00,Insurance Sales Agents,Role,Sales and Related Occupations,"Sales Representatives, Services",Insurance Sales Agents,"Sell life, property, casualty, health, automotive, or other types of insurance. May refer clients to independent brokers, work as an independent broker, or be employed by an insurance company.",
41-0000.00,41-3000.00,41-3030.00,41-3030.00,"Securities, Commodities, and Financial Services Sales Agents",Titled,Sales and Related Occupations,"Sales Representatives, Services",Broad Group,"Buy and sell stocks, bonds, or other financial instruments. Advise clients on investment strategies and market conditions.",
41-0000.00,41-3000.00,41-3030.00,41-3031.00,"Securities, Commodities, and Financial Services Sales Agents",Role,Sales and Related Occupations,"Sales Representatives, Services","Securities, Commodities, and Financial Services Sales Agents","Buy and sell securities or commodities in investment and trading firms, or provide financial services to businesses and individuals. May advise customers about stocks, bonds, mutual funds, commodities, and market conditions.",
41-0000.00,41-3000.00,41-3030.00,41-3031.01,"Sales Agents, Securities and Commodities",Role,Sales and Related Occupations,"Sales Representatives, Services","Securities, Commodities, and Financial Services Sales Agents","Buy and sell securities in investment and trading firms and develop and implement financial plans for individuals, businesses, and organizations.",
41-0000.00,41-3000.00,41-3030.00,41-3031.02,"Sales Agents, Financial Services",Role,Sales and Related Occupations,"Sales Representatives, Services","Securities, Commodities, and Financial Services Sales Agents","Sell financial services, such as loan, tax, and securities counseling to customers of financial institutions and business establishments.",
41-0000.00,41-3000.00,41-3030.00,41-3031.03,Securities and Commodities Traders,Role,Sales and Related Occupations,"Sales Representatives, Services","Securities, Commodities, and Financial Services Sales Agents","Buy and sell securities and commodities to transfer debt, capital, or risk. Establish and negotiate unit prices and terms of sale.",
41-0000.00,41-3000.00,41-3040.00,41-3040.00,Travel Agents,Titled,Sales and Related Occupations,"Sales Representatives, Services",Broad Group,"Plan and sell transportation, lodging, and entertainment activities for clients. Offer advice on destinations, itineraries, and travel costs.",
41-0000.00,41-3000.00,41-3040.00,41-3041.00,Travel Agents,Role,Sales and Related Occupations,"Sales Representatives, Services",Travel Agents,"Plan and sell transportation and accommodations for travel agency customers. Determine destination, modes of transportation, travel dates, costs, and accommodations required. May also describe, plan, and arrange itineraries and sell tour packages. May assist in resolving clients' travel problems.",
41-0000.00,41-3000.00,41-3090.00,41-3090.00,"Miscellaneous Sales Representatives, Services",Titled,Sales and Related Occupations,"Sales Representatives, Services",Broad Group,"Sell services (e.g., digital marketing, consulting) not categorized under other sales roles. May create client proposals and follow up on leads.",
41-0000.00,41-3000.00,41-3090.00,41-3099.00,"Sales Representatives, Services, All Other",Role,Sales and Related Occupations,"Sales Representatives, Services","Miscellaneous Sales Representatives, Services",All services sales representatives not listed separately.,
41-0000.00,41-3000.00,41-3090.00,41-3099.01,Energy Brokers,Role,Sales and Related Occupations,"Sales Representatives, Services","Miscellaneous Sales Representatives, Services",Buy or sell energy products on the behalf of residential or commercial customers or utilities. Negotiate and oversee contracts for energy sales.,
41-0000.00,41-4000.00,41-4000.00,41-4000.00,"Sales Representatives, Wholesale and Manufacturing",Main,Sales and Related Occupations,Minor Group,Minor Group,"Sales Representatives, Wholesale and Manufacturing are professionals who are responsible for selling goods and products to businesses (wholesale) or retailers (manufacturing). They work in various industries such as manufacturing, wholesale trade, and distribution. These sales representatives build relationships with clients, showcase product features, negotiate contracts, and close sales deals.",
41-0000.00,41-4000.00,41-4010.00,41-4010.00,"Sales Representatives, Wholesale and Manufacturing",Titled,Sales and Related Occupations,"Sales Representatives, Wholesale and Manufacturing",Broad Group,"Sell goods for wholesalers or manufacturers to businesses, government agencies, or other organizations. Negotiate prices, explain product features, and maintain customer relationships.",
41-0000.00,41-4000.00,41-4010.00,41-4011.00,"Sales Representatives, Wholesale and Manufacturing, Technical and Scientific Products",Role,Sales and Related Occupations,"Sales Representatives, Wholesale and Manufacturing","Sales Representatives, Wholesale and Manufacturing","Sell goods for wholesalers or manufacturers where technical or scientific knowledge is required in such areas as biology, engineering, chemistry, and electronics, normally obtained from at least 2 years of post-secondary education.",
41-0000.00,41-4000.00,41-4010.00,41-4011.07,Solar Sales Representatives and Assessors,Role,Sales and Related Occupations,"Sales Representatives, Wholesale and Manufacturing","Sales Representatives, Wholesale and Manufacturing","Contact new or existing customers to determine their solar equipment needs, suggest systems or equipment, or estimate costs.",
41-0000.00,41-4000.00,41-4010.00,41-4012.00,"Sales Representatives, Wholesale and Manufacturing, Except Technical and Scientific Products",Role,Sales and Related Occupations,"Sales Representatives, Wholesale and Manufacturing","Sales Representatives, Wholesale and Manufacturing",Sell goods for wholesalers or manufacturers to businesses or groups of individuals. Work requires substantial knowledge of items sold.,
41-0000.00,41-9000.00,41-9000.00,41-9000.00,Other Sales and Related Workers,Main,Sales and Related Occupations,Minor Group,Minor Group,"Other Sales and Related Workers include a diverse range of occupations that are involved in sales and related activities, but are not classified under the specific subcategories within the sales occupation group. These occupations may include sales support roles, retail sales support, sales coordinators, sales assistants, and other sales-related positions.",
41-0000.00,41-9000.00,41-9010.00,41-9010.00,"Models, Demonstrators, and Product Promoters",Titled,Sales and Related Occupations,Other Sales and Related Workers,Broad Group,"Display and promote products at events or retail locations. Interact with customers, answer questions, and encourage product sales.",
41-0000.00,41-9000.00,41-9010.00,41-9011.00,Demonstrators and Product Promoters,Role,Sales and Related Occupations,Other Sales and Related Workers,"Models, Demonstrators, and Product Promoters",Demonstrate merchandise and answer questions for the purpose of creating public interest in buying the product. May sell demonstrated merchandise.,
41-0000.00,41-9000.00,41-9010.00,41-9012.00,Models,Role,Sales and Related Occupations,Other Sales and Related Workers,"Models, Demonstrators, and Product Promoters","Model garments or other apparel and accessories for prospective buyers at fashion shows, private showings, or retail establishments. May pose for photos to be used in magazines or advertisements. May pose as subject for paintings, sculptures, and other types of artistic expression.",
41-0000.00,41-9000.00,41-9020.00,41-9020.00,Real Estate Brokers and Sales Agents,Titled,Sales and Related Occupations,Other Sales and Related Workers,Broad Group,"Assist clients in buying, selling, and renting properties. Conduct property showings, prepare contracts, and negotiate terms of sale or lease.",
41-0000.00,41-9000.00,41-9020.00,41-9021.00,Real Estate Brokers,Role,Sales and Related Occupations,Other Sales and Related Workers,Real Estate Brokers and Sales Agents,"Operate real estate office, or work for commercial real estate firm, overseeing real estate transactions. Other duties usually include selling real estate or renting properties and arranging loans.",
41-0000.00,41-9000.00,41-9020.00,41-9022.00,Real Estate Sales Agents,Role,Sales and Related Occupations,Other Sales and Related Workers,Real Estate Brokers and Sales Agents,"Rent, buy, or sell property for clients. Perform duties, such as study property listings, interview prospective clients, accompany clients to property site, discuss conditions of sale, and draw up real estate contracts. Includes agents who represent buyer.",
41-0000.00,41-9000.00,41-9030.00,41-9030.00,Sales Engineers,Titled,Sales and Related Occupations,Other Sales and Related Workers,Broad Group,"Sell complex scientific or technical products to businesses, leveraging engineering or technical knowledge to demonstrate product benefits and functionalities.",
41-0000.00,41-9000.00,41-9030.00,41-9031.00,Sales Engineers,Role,Sales and Related Occupations,Other Sales and Related Workers,Sales Engineers,"Sell business goods or services, the selling of which requires a technical background equivalent to a baccalaureate degree in engineering.",
41-0000.00,41-9000.00,41-9040.00,41-9040.00,Telemarketers,Titled,Sales and Related Occupations,Other Sales and Related Workers,Broad Group,"Solicit sales or donations over the phone. Follow scripts, answer questions, record customer details, and process payment information.",
41-0000.00,41-9000.00,41-9040.00,41-9041.00,Telemarketers,Role,Sales and Related Occupations,Other Sales and Related Workers,Telemarketers,Solicit donations or orders for goods or services over the telephone.,
41-0000.00,41-9000.00,41-9090.00,41-9090.00,Miscellaneous Sales and Related Workers,Titled,Sales and Related Occupations,Other Sales and Related Workers,Broad Group,"Perform sales-related duties not classified under other specific occupations, such as door-to-door sales or demonstration merchandising.",
41-0000.00,41-9000.00,41-9090.00,41-9091.00,"Door-to-Door Sales Workers, News and Street Vendors, and Related Workers",Role,Sales and Related Occupations,Other Sales and Related Workers,Miscellaneous Sales and Related Workers,Sell goods or services door-to-door or on the street.,
41-0000.00,41-9000.00,41-9090.00,41-9099.00,"Sales and Related Workers, All Other",Role,Sales and Related Occupations,Other Sales and Related Workers,Miscellaneous Sales and Related Workers,All sales and related workers not listed separately.,
43-0000.00,43-0000.00,43-0000.00,43-0000.00,Office and Administrative Support Occupations,Major,Major Group,,,,
43-0000.00,43-1000.00,43-1000.00,43-1000.00,Supervisors of Office and Administrative Support Workers,Main,Office and Administrative Support Occupations,Minor Group,Minor Group,"Supervisors of Office and Administrative Support Workers are responsible for overseeing and managing the daily operations of administrative support staff within an organization. They provide guidance, assign tasks, ensure efficient workflow, and may also be involved in evaluating employee performance and training.",
43-0000.00,43-1000.00,43-1010.00,43-1010.00,First-Line Supervisors of Office and Administrative Support Workers,Titled,Office and Administrative Support Occupations,Supervisors of Office and Administrative Support Workers,Broad Group,"Oversee the work of office and administrative support staff. Assign tasks, train employees, ensure compliance with policies, and manage workflow.",
43-0000.00,43-1000.00,43-1010.00,43-1011.00,First-Line Supervisors of Office and Administrative Support Workers,Role,Office and Administrative Support Occupations,Supervisors of Office and Administrative Support Workers,First-Line Supervisors of Office and Administrative Support Workers,Directly supervise and coordinate the activities of clerical and administrative support workers.,
43-0000.00,43-2000.00,43-2000.00,43-2000.00,Communications Equipment Operators,Main,Office and Administrative Support Occupations,Minor Group,Minor Group,"Communications Equipment Operators typically work in industries such as telecommunications, broadcasting, or emergency services. They operate and monitor various communication equipment, such as switchboards, radio systems, or dispatch consoles. Their responsibilities may include answering and transferring calls, transmitting messages, monitoring communication channels, and providing support during emergencies.",
43-0000.00,43-2000.00,43-2010.00,43-2010.00,"Switchboard Operators, Including Answering Service",Titled,Office and Administrative Support Occupations,Communications Equipment Operators,Broad Group,"Operate telephone switchboards, route calls, provide information, and record messages. May assist with clerical tasks.",
43-0000.00,43-2000.00,43-2010.00,43-2011.00,"Switchboard Operators, Including Answering Service",Role,Office and Administrative Support Occupations,Communications Equipment Operators,"Switchboard Operators, Including Answering Service","Operate telephone business systems equipment or switchboards to relay incoming, outgoing, and interoffice calls. May supply information to callers and record messages.",
43-0000.00,43-2000.00,43-2020.00,43-2020.00,Telephone Operators,Titled,Office and Administrative Support Occupations,Communications Equipment Operators,Broad Group,"Help callers with directory assistance, handle emergency calls, or support specialized telephone systems.",
43-0000.00,43-2000.00,43-2020.00,43-2021.00,Telephone Operators,Role,Office and Administrative Support Occupations,Communications Equipment Operators,Telephone Operators,"Provide information by accessing alphabetical, geographical, or other directories. Assist customers with special billing requests, such as charges to a third party and credits or refunds for incorrectly dialed numbers or bad connections. May handle emergency calls and assist children or people with physical disabilities to make telephone calls.",
43-0000.00,43-2000.00,43-2090.00,43-2090.00,Miscellaneous Communications Equipment Operators,Titled,Office and Administrative Support Occupations,Communications Equipment Operators,Broad Group,"Operate or maintain communications devices not included in other categories, possibly handling specialized telecommunication systems.",
43-0000.00,43-2000.00,43-2090.00,43-2099.00,"Communications Equipment Operators, All Other",Role,Office and Administrative Support Occupations,Communications Equipment Operators,Miscellaneous Communications Equipment Operators,All communications equipment operators not listed separately.,
43-0000.00,43-3000.00,43-3000.00,43-3000.00,Financial Clerks,Main,Office and Administrative Support Occupations,Minor Group,Minor Group,"Financial Clerks perform various clerical and administrative tasks related to financial transactions and records. They work in financial institutions, insurance companies, and other businesses where financial activities are conducted. Some common occupations within this category include billing and posting clerks, payroll clerks, and procurement clerks.",
43-0000.00,43-3000.00,43-3010.00,43-3010.00,Bill and Account Collectors,Titled,Office and Administrative Support Occupations,Financial Clerks,Broad Group,"Locate and notify customers of overdue payments, negotiate payment arrangements, and maintain financial records.",
43-0000.00,43-3000.00,43-3010.00,43-3011.00,Bill and Account Collectors,Role,Office and Administrative Support Occupations,Financial Clerks,Bill and Account Collectors,"Locate and notify customers of delinquent accounts by mail, telephone, or personal visit to solicit payment. Duties include receiving payment and posting amount to customer's account; preparing statements to credit department if customer fails to respond; initiating repossession proceedings or service disconnection; and keeping records of collection and status of accounts.",
43-0000.00,43-3000.00,43-3020.00,43-3020.00,Billing and Posting Clerks,Titled,Office and Administrative Support Occupations,Financial Clerks,Broad Group,Compile and record bills for services rendered or goods sold. Verify accuracy and post transactions to customer accounts.,
43-0000.00,43-3000.00,43-3020.00,43-3021.00,Billing and Posting Clerks,Role,Office and Administrative Support Occupations,Financial Clerks,Billing and Posting Clerks,"Compile, compute, and record billing, accounting, statistical, and other numerical data for billing purposes. Prepare billing invoices for services rendered or for delivery or shipment of goods.",
43-0000.00,43-3000.00,43-3020.00,43-3021.01,Statement Clerks,Role,Office and Administrative Support Occupations,Financial Clerks,Billing and Posting Clerks,"Prepare and distribute bank statements to customers, answer inquiries, and reconcile discrepancies in records and accounts.",
43-0000.00,43-3000.00,43-3020.00,43-3021.02,"Billing, Cost, and Rate Clerks",Role,Office and Administrative Support Occupations,Financial Clerks,Billing and Posting Clerks,"Compile data, compute fees and charges, and prepare invoices for billing purposes. Duties include computing costs and calculating rates for goods, services, and shipment of goods; posting data; and keeping other relevant records. May involve use of computer or typewriter, calculator, and adding and bookkeeping machines.",
43-0000.00,43-3000.00,43-3030.00,43-3030.00,"Bookkeeping, Accounting, and Auditing Clerks",Titled,Office and Administrative Support Occupations,Financial Clerks,Broad Group,"Compute, classify, and record financial data. Maintain financial records, verify transactions, and reconcile accounts.",
43-0000.00,43-3000.00,43-3030.00,43-3031.00,"Bookkeeping, Accounting, and Auditing Clerks",Role,Office and Administrative Support Occupations,Financial Clerks,"Bookkeeping, Accounting, and Auditing Clerks","Compute, classify, and record numerical data to keep financial records complete. Perform any combination of routine calculating, posting, and verifying duties to obtain primary financial data for use in maintaining accounting records. May also check the accuracy of figures, calculations, and postings pertaining to business transactions recorded by other workers.",
43-0000.00,43-3000.00,43-3040.00,43-3040.00,Gaming Cage Workers,Titled,Office and Administrative Support Occupations,Financial Clerks,Broad Group,"Handle cash transactions in casinos, exchange tokens or chips for cash, and balance cash drawers and transactions.",
43-0000.00,43-3000.00,43-3040.00,43-3041.00,Gaming Cage Workers,Role,Office and Administrative Support Occupations,Financial Clerks,Gaming Cage Workers,"In a gaming establishment, conduct financial transactions for patrons. May reconcile daily summaries of transactions to balance books. May accept patron's credit application and verify credit references to provide check-cashing authorization or to establish house credit accounts. May sell gambling chips, tokens, or tickets to patrons, or to other workers for resale to patrons. May convert gaming chips, tokens, or tickets to currency upon patron's request. May use a cash register or computer to record transaction.",
43-0000.00,43-3000.00,43-3050.00,43-3050.00,Payroll and Timekeeping Clerks,Titled,Office and Administrative Support Occupations,Financial Clerks,Broad Group,"Compile and record employee time data. Calculate wages, deductions, and ensure employees are paid accurately and on time.",
43-0000.00,43-3000.00,43-3050.00,43-3051.00,Payroll and Timekeeping Clerks,Role,Office and Administrative Support Occupations,Financial Clerks,Payroll and Timekeeping Clerks,"Compile and record employee time and payroll data. May compute employees' time worked, production, and commission. May compute and post wages and deductions, or prepare paychecks.",
43-0000.00,43-3000.00,43-3060.00,43-3060.00,Procurement Clerks,Titled,Office and Administrative Support Occupations,Financial Clerks,Broad Group,Compile information and records to draw up purchase orders for procurement of materials and services. Track deliveries and maintain vendor data.,
43-0000.00,43-3000.00,43-3060.00,43-3061.00,Procurement Clerks,Role,Office and Administrative Support Occupations,Financial Clerks,Procurement Clerks,Compile information and records to draw up purchase orders for procurement of materials and services.,
43-0000.00,43-3000.00,43-3070.00,43-3070.00,Tellers,Titled,Office and Administrative Support Occupations,Financial Clerks,Broad Group,"Receive and pay out money at a financial institution. Track transactions, record deposits, handle withdrawals, and maintain account balances.",
43-0000.00,43-3000.00,43-3070.00,43-3071.00,Tellers,Role,Office and Administrative Support Occupations,Financial Clerks,Tellers,Receive and pay out money. Keep records of money and negotiable instruments involved in a financial institution's various transactions.,
43-0000.00,43-3000.00,43-3090.00,43-3090.00,Miscellaneous Financial Clerks,Titled,Office and Administrative Support Occupations,Financial Clerks,Broad Group,"Perform financial tasks not categorized under other titles, possibly including specialized billing or claims.",
43-0000.00,43-3000.00,43-3090.00,43-3099 .00,"Financial Clerks, All Other",Role,Office and Administrative Support Occupations,Financial Clerks,Miscellaneous Financial Clerks,All financial clerks not listed separately.,
43-0000.00,43-4000.00,43-4000.00,43-4000.00,Information and Record Clerks,Main,Office and Administrative Support Occupations,Minor Group,Minor Group," Information and Record Clerks are responsible for maintaining and organizing information, records, and documents in various settings such as libraries, archives, hospitals, and government agencies. They may perform tasks such as data entry, recordkeeping, information retrieval, and assisting users in accessing information.",
43-0000.00,43-4000.00,43-4010.00,43-4010.00,Brokerage Clerks,Titled,Office and Administrative Support Occupations,Information and Record Clerks,Broad Group,"Assist in securities trading offices by recording and processing stock transactions, verifying trade details, and maintaining client records.",
43-0000.00,43-4000.00,43-4010.00,43-4011.00,Brokerage Clerks,Role,Office and Administrative Support Occupations,Information and Record Clerks,Brokerage Clerks,"Perform duties related to the purchase, sale or holding of securities. Duties include writing orders for stock purchases or sales, computing transfer taxes, verifying stock transactions, accepting and delivering securities, tracking stock price fluctuations, computing equity, distributing dividends, and keeping records of daily transactions and holdings.",
43-0000.00,43-4000.00,43-4020.00,43-4020.00,Correspondence Clerks,Titled,Office and Administrative Support Occupations,Information and Record Clerks,Broad Group,"Compose and respond to business correspondence. Review mail requests, direct inquiries, and file outgoing/incoming letters.",
43-0000.00,43-4000.00,43-4020.00,43-4021.00,Correspondence Clerks,Role,Office and Administrative Support Occupations,Information and Record Clerks,Correspondence Clerks,"Compose letters or electronic correspondence in reply to requests for merchandise, damage claims, credit and other information, delinquent accounts, incorrect billings, or unsatisfactory services. Duties may include gathering data to formulate reply and preparing correspondence.",
43-0000.00,43-4000.00,43-4030.00,43-4030.00,"Court, Municipal, and License Clerks",Titled,Office and Administrative Support Occupations,Information and Record Clerks,Broad Group,"Perform clerical duties in courts or government offices. Manage records, process licenses, file legal documents, and provide information to the public.",
43-0000.00,43-4000.00,43-4030.00,43-4031.00,"Court, Municipal, and License Clerks",Role,Office and Administrative Support Occupations,Information and Record Clerks,"Court, Municipal, and License Clerks","Perform clerical duties for courts of law, municipalities, or governmental licensing agencies and bureaus. May prepare docket of cases to be called; secure information for judges and court; prepare draft agendas or bylaws for town or city council; answer official correspondence; keep fiscal records and accounts; issue licenses or permits; and record data, administer tests, or collect fees.",
43-0000.00,43-4000.00,43-4030.00,43-4031.01,Court Clerks,Role,Office and Administrative Support Occupations,Information and Record Clerks,"Court, Municipal, and License Clerks","Perform clerical duties in court of law; prepare docket of cases to be called; secure information for judges; and contact witnesses, attorneys, and litigants to obtain information for court.",
43-0000.00,43-4000.00,43-4030.00,43-4031.02,Municipal Clerks,Role,Office and Administrative Support Occupations,Information and Record Clerks,"Court, Municipal, and License Clerks",Draft agendas and bylaws for town or city council; record minutes of council meetings; answer official correspondence; keep fiscal records and accounts; and prepare reports on civic needs.,
43-0000.00,43-4000.00,43-4030.00,43-4031.03,License Clerks,Role,Office and Administrative Support Occupations,Information and Record Clerks,"Court, Municipal, and License Clerks","Issue licenses or permits to qualified applicants. Obtain necessary information, record data, advise applicants on requirements, collect fees, and issue licenses. May conduct oral, written, visual, or performance testing.",
43-0000.00,43-4000.00,43-4040.00,43-4040.00,"Credit Authorizers, Checkers, and Clerks",Titled,Office and Administrative Support Occupations,Information and Record Clerks,Broad Group,"Investigate credit history, verify financial data, and authorize credit limits for customers or businesses.",
43-0000.00,43-4000.00,43-4040.00,43-4041.00,"Credit Authorizers, Checkers, and Clerks",Role,Office and Administrative Support Occupations,Information and Record Clerks,"Credit Authorizers, Checkers, and Clerks",Authorize credit charges against customers' accounts. Investigate history and credit standing of individuals or business establishments applying for credit. May interview applicants to obtain personal and financial data; determine credit worthiness; process applications; and notify customers of acceptance or rejection of credit.,
43-0000.00,43-4000.00,43-4040.00,43-4041.01,Credit Authorizers,Role,Office and Administrative Support Occupations,Information and Record Clerks,"Credit Authorizers, Checkers, and Clerks",Authorize credit charges against customers' accounts.,
43-0000.00,43-4000.00,43-4040.00,43-4041.02,Credit Checkers,Role,Office and Administrative Support Occupations,Information and Record Clerks,"Credit Authorizers, Checkers, and Clerks",Investigate history and credit standing of individuals or business establishments applying for credit. Telephone or write to credit departments of business and service establishments to obtain information about applicant's credit standing.,
43-0000.00,43-4000.00,43-4050.00,43-4050.00,Customer Service Representatives,Titled,Office and Administrative Support Occupations,Information and Record Clerks,Broad Group,"Interact with customers, answer questions about products or services, process orders or returns, and handle complaints or billing issues.",
43-0000.00,43-4000.00,43-4050.00,43-4051.00,Customer Service Representatives,Role,Office and Administrative Support Occupations,Information and Record Clerks,Customer Service Representatives,Interact with customers to provide information in response to inquiries about products and services and to handle and resolve complaints.,
43-0000.00,43-4000.00,43-4050.00,43-4051.03,Patient Representatives,Role,Office and Administrative Support Occupations,Information and Record Clerks,Customer Service Representatives,"Assist patients in obtaining services, understanding policies and making health care decisions.",
43-0000.00,43-4000.00,43-4060.00,43-4060.00,"Eligibility Interviewers, Government Programs",Titled,Office and Administrative Support Occupations,Information and Record Clerks,Broad Group,"Determine eligibility for government aid, benefits, or programs by interviewing applicants, reviewing documentation, and updating records.",
43-0000.00,43-4000.00,43-4060.00,43-4061.00,"Eligibility Interviewers, Government Programs",Role,Office and Administrative Support Occupations,Information and Record Clerks,"Eligibility Interviewers, Government Programs","Determine eligibility of persons applying to receive assistance from government programs and agency resources, such as welfare, unemployment benefits, social security, and public housing.",
43-0000.00,43-4000.00,43-4070.00,43-4070.00,File Clerks,Titled,Office and Administrative Support Occupations,Information and Record Clerks,Broad Group,"Maintain and organize paper and electronic records. Retrieve documents for staff, track file locations, and update records management systems.",
43-0000.00,43-4000.00,43-4070.00,43-4071.00,File Clerks,Role,Office and Administrative Support Occupations,Information and Record Clerks,File Clerks,"File correspondence, cards, invoices, receipts, and other records in alphabetical or numerical order or according to the filing system used. Locate and remove material from file when requested.",
43-0000.00,43-4000.00,43-4080.00,43-4080.00,"Hotel, Motel, and Resort Desk Clerks",Titled,Office and Administrative Support Occupations,Information and Record Clerks,Broad Group,"Greet and register guests, assign rooms, manage reservations, issue room keys, and process payments. Respond to customer service requests.",
43-0000.00,43-4000.00,43-4080.00,43-4081.00,"Hotel, Motel, and Resort Desk Clerks",Role,Office and Administrative Support Occupations,Information and Record Clerks,"Hotel, Motel, and Resort Desk Clerks","Accommodate hotel, motel, and resort patrons by registering and assigning rooms to guests, issuing room keys or cards, transmitting and receiving messages, keeping records of occupied rooms and guests' accounts, making and confirming reservations, and presenting statements to and collecting payments from departing guests.",
43-0000.00,43-4000.00,43-4110.00,43-4110.00,"Interviewers, Except Eligibility and Loan",Titled,Office and Administrative Support Occupations,Information and Record Clerks,Broad Group,"Ask questions to gather information, often for surveys, market research, or medical histories. Record responses and compile data.",
43-0000.00,43-4000.00,43-4110.00,43-4111.00,"Interviewers, Except Eligibility and Loan",Role,Office and Administrative Support Occupations,Information and Record Clerks,"Interviewers, Except Eligibility and Loan","Interview persons by telephone, mail, in person, or by other means for the purpose of completing forms, applications, or questionnaires. Ask specific questions, record answers, and assist persons with completing form. May sort, classify, and file forms.",
43-0000.00,43-4000.00,43-4120.00,43-4120.00,"Library Assistants, Clerical",Titled,Office and Administrative Support Occupations,Information and Record Clerks,Broad Group,"Help librarians by organizing materials, shelving books, assisting patrons in locating resources, and performing other clerical duties.",
43-0000.00,43-4000.00,43-4120.00,43-4121.00,"Library Assistants, Clerical",Role,Office and Administrative Support Occupations,Information and Record Clerks,"Library Assistants, Clerical","Compile records, sort, shelve, issue, and receive library materials such as books, electronic media, pictures, cards, slides and microfilm. Locate library materials for loan and replace material in shelving area, stacks, or files according to identification number and title. Register patrons to permit them to borrow books, periodicals, and other library materials.",
43-0000.00,43-4000.00,43-4130.00,43-4130.00,Loan Interviewers and Clerks,Titled,Office and Administrative Support Occupations,Information and Record Clerks,Broad Group,"Gather financial data from loan applicants, process applications, verify credit information, and prepare loan paperwork for review by loan officers.",
43-0000.00,43-4000.00,43-4130.00,43-4131.00,Loan Interviewers and Clerks,Role,Office and Administrative Support Occupations,Information and Record Clerks,Loan Interviewers and Clerks,"Interview loan applicants to elicit information; investigate applicants' backgrounds and verify references; prepare loan request papers; and forward findings, reports, and documents to appraisal department. Review loan papers to ensure completeness, and complete transactions between loan establishment, borrowers, and sellers upon approval of loan.",
43-0000.00,43-4000.00,43-4140.00,43-4140.00,New Accounts Clerks,Titled,Office and Administrative Support Occupations,Information and Record Clerks,Broad Group,"Interview prospective banking customers, gather personal information, open accounts, and explain account services or policies.",
43-0000.00,43-4000.00,43-4140.00,43-4141.00,New Accounts Clerks,Role,Office and Administrative Support Occupations,Information and Record Clerks,New Accounts Clerks,Interview persons desiring to open accounts in financial institutions. Explain account services available to prospective customers and assist them in preparing applications.,
43-0000.00,43-4000.00,43-4150.00,43-4150.00,Order Clerks,Titled,Office and Administrative Support Occupations,Information and Record Clerks,Broad Group,"Receive and process incoming orders for goods or services. Verify order details, maintain logs, and coordinate shipping or fulfillment.",
43-0000.00,43-4000.00,43-4150.00,43-4151.00,Order Clerks,Role,Office and Administrative Support Occupations,Information and Record Clerks,Order Clerks,"Receive and process incoming orders for materials, merchandise, classified ads, or services such as repairs, installations, or rental of facilities. Generally receives orders via mail, phone, fax, or other electronic means. Duties include informing customers of receipt, prices, shipping dates, and delays; preparing contracts; and handling complaints.",
43-0000.00,43-4000.00,43-4160.00,43-4160.00,"Human Resources Assistants, Except Payroll and Timekeeping",Titled,Office and Administrative Support Occupations,Information and Record Clerks,Broad Group,"Support HR departments by maintaining employee records, scheduling interviews, and processing paperwork related to hiring, performance, or termination.",
43-0000.00,43-4000.00,43-4160.00,43-4161.00,"Human Resources Assistants, Except Payroll and Timekeeping",Role,Office and Administrative Support Occupations,Information and Record Clerks,"Human Resources Assistants, Except Payroll and Timekeeping","Compile and keep personnel records. Record data for each employee, such as address, weekly earnings, absences, amount of sales or production, supervisory reports, and date of and reason for termination. May prepare reports for employment records, file employment records, or search employee files and furnish information to authorized persons.",
43-0000.00,43-4000.00,43-4170.00,43-4170.00,Receptionists and Information Clerks,Titled,Office and Administrative Support Occupations,Information and Record Clerks,Broad Group,"Receive and direct visitors, answer telephones, schedule appointments, and provide information about an organization’s services.",
43-0000.00,43-4000.00,43-4170.00,43-4171.00,Receptionists and Information Clerks,Role,Office and Administrative Support Occupations,Information and Record Clerks,Receptionists and Information Clerks,"Answer inquiries and provide information to the general public, customers, visitors, and other interested parties regarding activities conducted at establishment and location of departments, offices, and employees within the organization.",
43-0000.00,43-4000.00,43-4180.00,43-4180.00,Reservation and Transportation Ticket Agents and Travel Clerks,Titled,Office and Administrative Support Occupations,Information and Record Clerks,Broad Group,"Make and confirm reservations for transportation or lodging. May issue tickets, provide itinerary information, and assist travelers with changes.",
43-0000.00,43-4000.00,43-4180.00,43-4181.00,Reservation and Transportation Ticket Agents and Travel Clerks,Role,Office and Administrative Support Occupations,Information and Record Clerks,Reservation and Transportation Ticket Agents and Travel Clerks,"Make and confirm reservations for transportation or lodging, or sell transportation tickets. May check baggage and direct passengers to designated concourse, pier, or track; deliver tickets, contact individuals and groups to inform them of package tours; or provide tourists with travel or transportation information.",
43-0000.00,43-4000.00,43-4190.00,43-4190.00,Miscellaneous Information and Record Clerks,Titled,Office and Administrative Support Occupations,Information and Record Clerks,Broad Group,"Occupations involving records and information processing not included under other titles. May handle specialized data management, archival tasks, or administrative recordkeeping.",
43-0000.00,43-4000.00,43-4190.00,43-4199.00,"Information and Record Clerks, All Other",Role,Office and Administrative Support Occupations,Information and Record Clerks,Miscellaneous Information and Record Clerks,All information and record clerks not listed separately.,
43-0000.00,43-5000.00,43-5000.00,43-5000.00,"Material Recording, Scheduling, Dispatching, and Distributing Workers",Main,Office and Administrative Support Occupations,Minor Group,Minor Group,"Material Recording, Scheduling, Dispatching, and Distributing Workers are responsible for tracking, organizing, and coordinating the movement of goods, materials, and resources within various industries. They may perform tasks such as inventory control, order processing, scheduling, and logistics coordination.",
43-0000.00,43-5000.00,43-5010.00,43-5010.00,Cargo and Freight Agents,Titled,Office and Administrative Support Occupations,"Material Recording, Scheduling, Dispatching, and Distributing Workers",Broad Group,"Coordinate and track shipments of goods, arrange transportation, handle paperwork, and ensure timely delivery of cargo.",
43-0000.00,43-5000.00,43-5010.00,43-5011.00,Cargo and Freight Agents,Role,Office and Administrative Support Occupations,"Material Recording, Scheduling, Dispatching, and Distributing Workers",Cargo and Freight Agents,"Expedite and route movement of incoming and outgoing cargo and freight shipments in airline, train, and trucking terminals, and shipping docks. Take orders from customers and arrange pickup of freight and cargo for delivery to loading platform. Prepare and examine bills of lading to determine shipping charges and tariffs.",
43-0000.00,43-5000.00,43-5010.00,43-5011.01,Freight Forwarders,Role,Office and Administrative Support Occupations,"Material Recording, Scheduling, Dispatching, and Distributing Workers",Cargo and Freight Agents,"Research rates, routings, or modes of transport for shipment of products. Maintain awareness of regulations affecting the international movement of cargo. Make arrangements for additional services, such as storage or inland transportation.",
43-0000.00,43-5000.00,43-5020.00,43-5020.00,Couriers and Messengers,Titled,Office and Administrative Support Occupations,"Material Recording, Scheduling, Dispatching, and Distributing Workers",Broad Group,"Transport documents or packages between offices or businesses. Plan routes, obtain signatures, and track deliveries.",
43-0000.00,43-5000.00,43-5020.00,43-5021.00,Couriers and Messengers,Role,Office and Administrative Support Occupations,"Material Recording, Scheduling, Dispatching, and Distributing Workers",Couriers and Messengers,"Pick up and deliver messages, documents, packages, and other items between offices or departments within an establishment or directly to other business concerns, traveling by foot, bicycle, motorcycle, automobile, or public conveyance.",
43-0000.00,43-5000.00,43-5030.00,43-5030.00,Dispatchers,Titled,Office and Administrative Support Occupations,"Material Recording, Scheduling, Dispatching, and Distributing Workers",Broad Group,"Schedule and dispatch workers, work crews, or service vehicles for tasks including emergency response, shipping, or repairs. Maintain logs, handle calls, and track operations.",
43-0000.00,43-5000.00,43-5030.00,43-5031.00,"Police, Fire, and Ambulance Dispatchers",Role,Office and Administrative Support Occupations,"Material Recording, Scheduling, Dispatching, and Distributing Workers",Dispatchers,"Operate radio, telephone, or computer equipment at emergency response centers. Receive reports from the public of crimes, disturbances, fires, and medical or police emergencies. Relay information to law enforcement and emergency response personnel. May maintain contact with caller until responders arrive.",
43-0000.00,43-5000.00,43-5030.00,43-5032.00,"Dispatchers, Except Police, Fire, and Ambulance",Role,Office and Administrative Support Occupations,"Material Recording, Scheduling, Dispatching, and Distributing Workers",Dispatchers,"Schedule and dispatch workers, work crews, equipment, or service vehicles for conveyance of materials, freight, or passengers, or for normal installation, service, or emergency repairs rendered outside the place of business. Duties may include using radio, telephone, or computer to transmit assignments and compiling statistics and reports on work progress.",
43-0000.00,43-5000.00,43-5040.00,43-5040.00,"Meter Readers, Utilities",Titled,Office and Administrative Support Occupations,"Material Recording, Scheduling, Dispatching, and Distributing Workers",Broad Group,"Read utility meters (e.g., gas, water, or electricity), record usage, and check for irregularities or needed maintenance.",
43-0000.00,43-5000.00,43-5040.00,43-5041.00,"Meter Readers, Utilities",Role,Office and Administrative Support Occupations,"Material Recording, Scheduling, Dispatching, and Distributing Workers","Meter Readers, Utilities","Read meter and record consumption of electricity, gas, water, or steam.",
43-0000.00,43-5000.00,43-5050.00,43-5050.00,Postal Service Workers,Titled,Office and Administrative Support Occupations,"Material Recording, Scheduling, Dispatching, and Distributing Workers",Broad Group,"Sort, process, and deliver mail. Sell postal products and provide customer service in post offices.",
43-0000.00,43-5000.00,43-5050.00,43-5051.00,Postal Service Clerks,Role,Office and Administrative Support Occupations,"Material Recording, Scheduling, Dispatching, and Distributing Workers",Postal Service Workers,"Perform any combination of tasks in a post office, such as receive letters and parcels; sell postage and revenue stamps, postal cards, and stamped envelopes; fill out and sell money orders; place mail in pigeon holes of mail rack or in bags; and examine mail for correct postage.",
43-0000.00,43-5000.00,43-5050.00,43-5052.00,Postal Service Mail Carriers,Role,Office and Administrative Support Occupations,"Material Recording, Scheduling, Dispatching, and Distributing Workers",Postal Service Workers,Sort mail for delivery. Deliver mail on established route by vehicle or on foot.,
43-0000.00,43-5000.00,43-5050.00,43-5053.00,"Postal Service Mail Sorters, Processors, and Processing Machine Operators",Role,Office and Administrative Support Occupations,"Material Recording, Scheduling, Dispatching, and Distributing Workers",Postal Service Workers,"Prepare incoming and outgoing mail for distribution. Examine, sort, and route mail. Load, operate, and occasionally adjust and repair mail processing, sorting, and canceling machinery. Keep records of shipments, pouches, and sacks; and other duties related to mail handling within the postal service.",
43-0000.00,43-5000.00,43-5060.00,43-5060.00,"Production, Planning, and Expediting Clerks",Titled,Office and Administrative Support Occupations,"Material Recording, Scheduling, Dispatching, and Distributing Workers",Broad Group,Coordinate and expedite the flow of work and materials within or between departments according to production schedules.,
43-0000.00,43-5000.00,43-5060.00,43-5061.00,"Production, Planning, and Expediting Clerks",Role,Office and Administrative Support Occupations,"Material Recording, Scheduling, Dispatching, and Distributing Workers","Production, Planning, and Expediting Clerks","Coordinate and expedite the flow of work and materials within or between departments of an establishment according to production schedule. Duties include reviewing and distributing production, work, and shipment schedules; conferring with department supervisors to determine progress of work and completion dates; and compiling reports on progress of work, inventory levels, costs, and production problems.",
43-0000.00,43-5000.00,43-5070.00,43-5070.00,"Shipping, Receiving, and Traffic Clerks",Titled,Office and Administrative Support Occupations,"Material Recording, Scheduling, Dispatching, and Distributing Workers",Broad Group,"Verify and record incoming or outgoing shipments, prepare items for shipment, and coordinate with carriers. Maintain logs and update shipping records.",
43-0000.00,43-5000.00,43-5070.00,43-5071.00,"Shipping, Receiving, and Traffic Clerks",Role,Office and Administrative Support Occupations,"Material Recording, Scheduling, Dispatching, and Distributing Workers","Shipping, Receiving, and Traffic Clerks","Verify and maintain records on incoming and outgoing shipments. Prepare items for shipment. Duties include assembling, addressing, stamping, and shipping merchandise or material; receiving, unpacking, verifying and recording incoming merchandise or material; and arranging for the transportation of products.",
43-0000.00,43-5000.00,43-5080.00,43-5080.00,Stock Clerks and Order Fillers,Titled,Office and Administrative Support Occupations,"Material Recording, Scheduling, Dispatching, and Distributing Workers",Broad Group,"Receive, store, and issue merchandise or materials. Track inventory, fill orders, and maintain stockroom organization.",
43-0000.00,43-5000.00,43-5080.00,43-5081.00,Stock Clerks and Order Fillers,Role,Office and Administrative Support Occupations,"Material Recording, Scheduling, Dispatching, and Distributing Workers",Stock Clerks and Order Fillers,"Receive, store, and issue sales floor merchandise, materials, equipment, and other items from stockroom, warehouse, or storage yard to fill shelves, racks, tables, or customers' orders. May mark prices on merchandise and set up sales displays.",
43-0000.00,43-5000.00,43-5080.00,43-5081.01,"Stock Clerks, Sales Floor",Role,Office and Administrative Support Occupations,"Material Recording, Scheduling, Dispatching, and Distributing Workers",Stock Clerks and Order Fillers,"Receive, store, and issue sales floor merchandise. Stock shelves, racks, cases, bins, and tables with merchandise and arrange merchandise displays to attract customers. May periodically take physical count of stock or check and mark merchandise.",
43-0000.00,43-5000.00,43-5080.00,43-5081.02,Marking Clerks,Role,Office and Administrative Support Occupations,"Material Recording, Scheduling, Dispatching, and Distributing Workers",Stock Clerks and Order Fillers,"Print and attach price tickets to articles of merchandise using one or several methods, such as marking price on tickets by hand or using ticket-printing machine.",
43-0000.00,43-5000.00,43-5080.00,43-5081.03,"Stock Clerks- Stockroom, Warehouse, or Storage Yard",Role,Office and Administrative Support Occupations,"Material Recording, Scheduling, Dispatching, and Distributing Workers",Stock Clerks and Order Fillers,"Receive, store, and issue materials, equipment, and other items from stockroom, warehouse, or storage yard. Keep records and compile stock reports.",
43-0000.00,43-5000.00,43-5080.00,43-5081.04,"Order Fillers, Wholesale and Retail Sales",Role,Office and Administrative Support Occupations,"Material Recording, Scheduling, Dispatching, and Distributing Workers",Stock Clerks and Order Fillers,"Fill customers' mail and telephone orders from stored merchandise in accordance with specifications on sales slips or order forms. Duties include computing prices of items, completing order receipts, keeping records of out-going orders, and requisitioning additional materials, supplies, and equipment.",
43-0000.00,43-5000.00,43-5110.00,43-5110.00,"Weighers, Measurers, Checkers, and Samplers, Recordkeeping",Titled,Office and Administrative Support Occupations,"Material Recording, Scheduling, Dispatching, and Distributing Workers",Broad Group,"Weigh, measure, and check raw materials or products to ensure adherence to standards. Keep relevant records of materials tested or measured.",
43-0000.00,43-5000.00,43-5110.00,43-5111.00,"Weighers, Measurers, Checkers, and Samplers, Recordkeeping",Role,Office and Administrative Support Occupations,"Material Recording, Scheduling, Dispatching, and Distributing Workers","Weighers, Measurers, Checkers, and Samplers, Recordkeeping","Weigh, measure, and check materials, supplies, and equipment for the purpose of keeping relevant records. Duties are primarily clerical by nature. Includes workers who collect and keep record of samples of products or materials.",
43-0000.00,43-6000.00,43-6000.00,43-6000.00,Secretaries and Administrative Assistants,Main,Office and Administrative Support Occupations,Minor Group,Minor Group,"Secretaries and Administrative Assistants provide administrative support to organizations and individuals. They perform various tasks, including managing correspondence, scheduling appointments, organizing files, and assisting in office operations.",
43-0000.00,43-6000.00,43-6010.00,43-6010.00,Secretaries and Administrative Assistants,Titled,Office and Administrative Support Occupations,Secretaries and Administrative Assistants,Broad Group,"Perform routine clerical and administrative duties such as scheduling appointments, organizing files, and preparing correspondence.",
43-0000.00,43-6000.00,43-6010.00,43-6011.00,Executive Secretaries and Executive Administrative Assistants,Role,Office and Administrative Support Occupations,Secretaries and Administrative Assistants,Secretaries and Administrative Assistants,"Provide high-level administrative support by conducting research, preparing statistical reports, handling information requests, and performing clerical functions such as preparing correspondence, receiving visitors, arranging conference calls, and scheduling meetings. May also train and supervise lower-level clerical staff.",
43-0000.00,43-6000.00,43-6010.00,43-6012.00,Legal Secretaries,Role,Office and Administrative Support Occupations,Secretaries and Administrative Assistants,Secretaries and Administrative Assistants,"Perform secretarial duties using legal terminology, procedures, and documents. Prepare legal papers and correspondence, such as summonses, complaints, motions, and subpoenas. May also assist with legal research.",
43-0000.00,43-6000.00,43-6010.00,43-6013.00,Medical Secretaries,Role,Office and Administrative Support Occupations,Secretaries and Administrative Assistants,Secretaries and Administrative Assistants,"Perform secretarial duties using specific knowledge of medical terminology and hospital, clinic, or laboratory procedures. Duties may include scheduling appointments, billing patients, and compiling and recording medical charts, reports, and correspondence.",
43-0000.00,43-6000.00,43-6010.00,43-6014.00,"Secretaries and Administrative Assistants, Except Legal, Medical, and Executive",Role,Office and Administrative Support Occupations,Secretaries and Administrative Assistants,Secretaries and Administrative Assistants,"Perform routine clerical and administrative functions such as drafting correspondence, scheduling appointments, organizing and maintaining paper and electronic files, or providing information to callers.",
43-0000.00,43-9000.00,43-9000.00,43-9000.00,Other Office and Administrative Support Workers,Main,Office and Administrative Support Occupations,Minor Group,Minor Group,"This category includes a wide range of occupations that provide administrative support and perform various clerical tasks within an organization. It encompasses roles such as data entry clerks, mail clerks, office clerks, receptionists, and customer service representatives.",
43-0000.00,43-9000.00,43-9010.00,43-9010.00,Computer Operators,Titled,Office and Administrative Support Occupations,Other Office and Administrative Support Workers,Broad Group,"Monitor and control electronic computer systems. Handle hardware or software malfunctions, load peripheral equipment, and oversee system performance.",
43-0000.00,43-9000.00,43-9010.00,43-9011.00,Computer Operators,Role,Office and Administrative Support Occupations,Other Office and Administrative Support Workers,Computer Operators,"Monitor and control electronic computer and peripheral electronic data processing equipment to process business, scientific, engineering, and other data according to operating instructions. Monitor and respond to operating and error messages. May enter commands at a computer terminal and set controls on computer and peripheral devices.",
43-0000.00,43-9000.00,43-9020.00,43-9020.00,Data Entry and Information Processing Workers,Titled,Office and Administrative Support Occupations,Other Office and Administrative Support Workers,Broad Group,"Input information into computerized databases, spreadsheets, or other systems. Verify accuracy of data and troubleshoot minor input problems.",
43-0000.00,43-9000.00,43-9020.00,43-9021.00,Data Entry Keyers,Role,Office and Administrative Support Occupations,Other Office and Administrative Support Workers,Data Entry and Information Processing Workers,"Operate data entry device, such as keyboard or photo composing perforator. Duties may include verifying data and preparing materials for printing.",
43-0000.00,43-9000.00,43-9020.00,43-9022.00,Word Processors and Typists,Role,Office and Administrative Support Occupations,Other Office and Administrative Support Workers,Data Entry and Information Processing Workers,"Use word processor, computer or typewriter to type letters, reports, forms, or other material from rough draft, corrected copy, or voice recording. May perform other clerical duties as assigned.",
43-0000.00,43-9000.00,43-9030.00,43-9030.00,Desktop Publishers,Titled,Office and Administrative Support Occupations,Other Office and Administrative Support Workers,Broad Group,"Use computer software to format and combine text, data, and graphics into page layouts for print or online publication.",
43-0000.00,43-9000.00,43-9030.00,43-9031.00,Desktop Publishers,Role,Office and Administrative Support Occupations,Other Office and Administrative Support Workers,Desktop Publishers,Format typescript and graphic elements using computer software to produce publication-ready material.,
43-0000.00,43-9000.00,43-9040.00,43-9040.00,Insurance Claims and Policy Processing Clerks,Titled,Office and Administrative Support Occupations,Other Office and Administrative Support Workers,Broad Group,"Process insurance applications, changes, or claims. Organize policy details, review claims for completeness, and forward to appropriate departments.",
43-0000.00,43-9000.00,43-9040.00,43-9041.00,Insurance Claims and Policy Processing Clerks,Role,Office and Administrative Support Occupations,Other Office and Administrative Support Workers,Insurance Claims and Policy Processing Clerks,"Process new insurance policies, modifications to existing policies, and claims forms. Obtain information from policyholders to verify the accuracy and completeness of information on claims forms, applications and related documents, and company records. Update existing policies and company records to reflect changes requested by policyholders and insurance company representatives.",
43-0000.00,43-9000.00,43-9040.00,43-9041.01,Insurance Claims Clerks,Role,Office and Administrative Support Occupations,Other Office and Administrative Support Workers,Insurance Claims and Policy Processing Clerks,Obtain information from insured or designated persons for purpose of settling claim with insurance carrier.,
43-0000.00,43-9000.00,43-9040.00,43-9041.02,Insurance Policy Processing Clerks,Role,Office and Administrative Support Occupations,Other Office and Administrative Support Workers,Insurance Claims and Policy Processing Clerks,"Process applications for, changes to, reinstatement of, and cancellation of insurance policies. Duties include reviewing insurance applications to ensure that all questions have been answered, compiling data on insurance policy changes, changing policy records to conform to insured party's specifications, compiling data on lapsed insurance policies to determine automatic reinstatement according to company policies, canceling insurance policies as requested by agents, and verifying the accuracy of insurance company records.",
43-0000.00,43-9000.00,43-9050.00,43-9050.00,"Mail Clerks and Mail Machine Operators, Except Postal Service",Titled,Office and Administrative Support Occupations,Other Office and Administrative Support Workers,Broad Group,Prepare incoming and outgoing mail for distribution. Operate mail-processing machines or sort mail by hand.,
43-0000.00,43-9000.00,43-9050.00,43-9051.00,"Mail Clerks and Mail Machine Operators, Except Postal Service",Role,Office and Administrative Support Occupations,Other Office and Administrative Support Workers,"Mail Clerks and Mail Machine Operators, Except Postal Service","Prepare incoming and outgoing mail for distribution. Use hand or mail handling machines to time stamp, open, read, sort, and route incoming mail; and address, seal, stamp, fold, stuff, and affix postage to outgoing mail or packages. Duties may also include keeping necessary records and completed forms.",
43-0000.00,43-9000.00,43-9060.00,43-9060.00,"Office Clerks, General",Titled,Office and Administrative Support Occupations,Other Office and Administrative Support Workers,Broad Group,"Perform a variety of administrative tasks, such as answering phones, filing records, and assisting with data entry or scheduling.",
43-0000.00,43-9000.00,43-9060.00,43-9061.00,"Office Clerks, General",Role,Office and Administrative Support Occupations,Other Office and Administrative Support Workers,"Office Clerks, General","Perform duties too varied and diverse to be classified in any specific office clerical occupation, requiring knowledge of office systems and procedures. Clerical duties may be assigned in accordance with the office procedures of individual establishments and may include a combination of answering telephones, bookkeeping, typing or word processing, stenography, office machine operation, and filing.",
43-0000.00,43-9000.00,43-9070.00,43-9070.00,"Office Machine Operators, Except Computer",Titled,Office and Administrative Support Occupations,Other Office and Administrative Support Workers,Broad Group,"Operate machines that duplicate, scan, or bind documents. Ensure equipment is maintained and troubleshoot minor mechanical issues.",
43-0000.00,43-9000.00,43-9070.00,43-9071.00,"Office Machine Operators, Except Computer",Role,Office and Administrative Support Occupations,Other Office and Administrative Support Workers,"Office Machine Operators, Except Computer","Operate one or more of a variety of office machines, such as photocopying, photographic, and duplicating machines, or other office machines.",
43-0000.00,43-9000.00,43-9080.00,43-9080.00,Proofreaders and Copy Markers,Titled,Office and Administrative Support Occupations,Other Office and Administrative Support Workers,Broad Group,"Examine written text for spelling, punctuation, and grammatical errors. Mark corrections and verify revisions.",
43-0000.00,43-9000.00,43-9080.00,43-9081.00,Proofreaders and Copy Markers,Role,Office and Administrative Support Occupations,Other Office and Administrative Support Workers,Proofreaders and Copy Markers,"Read transcript or proof type setup to detect and mark for correction any grammatical, typographical, or compositional errors. Includes proofreaders of Braille.",
43-0000.00,43-9000.00,43-9110.00,43-9110.00,Statistical Assistants,Titled,Office and Administrative Support Occupations,Other Office and Administrative Support Workers,Broad Group,"Compile and compute statistical data under the guidance of statisticians. Prepare tables, charts, or reports summarizing analysis results.",
43-0000.00,43-9000.00,43-9110.00,43-9111.00,Statistical Assistants,Role,Office and Administrative Support Occupations,Other Office and Administrative Support Workers,Statistical Assistants,Compile and compute data according to statistical formulas for use in statistical studies. May perform actuarial computations and compile charts and graphs for use by actuaries. Includes actuarial clerks.,
43-0000.00,43-9000.00,43-9110.00,43-9111.01,Bioinformatics Technicians,Role,Office and Administrative Support Occupations,Other Office and Administrative Support Workers,Statistical Assistants,"Apply principles and methods of bioinformatics to assist scientists in areas such as pharmaceuticals, medical technology, biotechnology, computational biology, proteomics, computer information science, biology and medical informatics. Apply bioinformatics tools to visualize, analyze, manipulate or interpret molecular data. May build and maintain databases for processing and analyzing genomic or other biological information.",
43-0000.00,43-9000.00,43-9190.00,43-9190.00,Miscellaneous Office and Administrative Support Workers,Titled,Office and Administrative Support Occupations,Other Office and Administrative Support Workers,Broad Group,"Provide a range of administrative services not covered by other standard office occupations, potentially including specialized clerical tasks or recordkeeping.",
43-0000.00,43-9000.00,43-9190.00,43-9199.00,"Office and Administrative Support Workers, All Other",Role,Office and Administrative Support Occupations,Other Office and Administrative Support Workers,Miscellaneous Office and Administrative Support Workers,All office and administrative support workers not listed separately.,
45-0000,45-0000.00,45-0000.00,45-0000.00,"Farming, Fishing, and Forestry Occupations",Major,Major Group,Major Group,Major Group,"Concerned with planting, growing, and harvesting crops, raising livestock, catching fish, or managing forest resources. Includes farmers, ranchers, fishers, loggers, and related roles in agricultural or natural environments.",
45-0000,45-1000.00,45-1000.00,45-1000.00,"Supervisors of Farming, Fishing, and Forestry Workers",Main,"Farming, Fishing, and Forestry Occupations",Minor Group,Minor Group,"This category includes supervisors who oversee and coordinate the activities of workers engaged in farming, fishing, and forestry operations. They ensure that tasks are carried out efficiently, adhere to safety regulations, and manage the overall operations of farms, fisheries, or forestry sites.",
45-0000,45-1000.00,45-1010.00,45-1010.00,"First-Line Supervisors of Farming, Fishing, and Forestry Workers",Titled,"Farming, Fishing, and Forestry Occupations","Supervisors of Farming, Fishing, and Forestry Workers",Broad Group,"Coordinate and direct the activities of agricultural, fishing, or forestry workers. Assign tasks, monitor progress, and ensure compliance with safety and environmental regulations.",
45-0000,45-1000.00,45-1010.00,45-1011.00,"First-Line Supervisors of Farming, Fishing, and Forestry Workers",Role,"Farming, Fishing, and Forestry Occupations","Supervisors of Farming, Fishing, and Forestry Workers","First-Line Supervisors of Farming, Fishing, and Forestry Workers","Directly supervise and coordinate the activities of agricultural, forestry, aquacultural, and related workers.",
45-0000,45-1000.00,45-1010.00,45-1011.05,First-Line Supervisors of Logging Workers,Role,"Farming, Fishing, and Forestry Occupations","Supervisors of Farming, Fishing, and Forestry Workers","First-Line Supervisors of Farming, Fishing, and Forestry Workers",Directly supervise and coordinate activities of logging workers.,
45-0000,45-1000.00,45-1010.00,45-1011.06,First-Line Supervisors of Aquacultural Workers,Role,"Farming, Fishing, and Forestry Occupations","Supervisors of Farming, Fishing, and Forestry Workers","First-Line Supervisors of Farming, Fishing, and Forestry Workers",Directly supervise and coordinate activities of aquacultural workers.,
45-0000,45-1000.00,45-1010.00,45-1011.07,First-Line Supervisors of Agricultural Crop and Horticultural Workers,Role,"Farming, Fishing, and Forestry Occupations","Supervisors of Farming, Fishing, and Forestry Workers","First-Line Supervisors of Farming, Fishing, and Forestry Workers",Directly supervise and coordinate activities of agricultural crop or horticultural workers.,
45-0000,45-1000.00,45-1010.00,45-1011.08,First-Line Supervisors of Animal Husbandry and Animal Care Workers,Role,"Farming, Fishing, and Forestry Occupations","Supervisors of Farming, Fishing, and Forestry Workers","First-Line Supervisors of Farming, Fishing, and Forestry Workers",Directly supervise and coordinate activities of animal husbandry or animal care workers.,
45-0000,45-2000.00,45-2000.00,45-2000.00,Agricultural Workers,Main,"Farming, Fishing, and Forestry Occupations",Minor Group,Minor Group,"This category includes supervisors who oversee and coordinate the activities of workers engaged in farming, fishing, and forestry operations. They ensure that tasks are carried out efficiently, adhere to safety regulations, and manage the overall operations of farms, fisheries, or forestry sites.",
45-0000,45-2000.00,45-2010.00,45-2010.00,Agricultural Inspectors,Titled,"Farming, Fishing, and Forestry Occupations",Agricultural Workers,Broad Group,"Inspect agricultural commodities or facilities, ensuring compliance with regulations and quality standards. Identify and document violations.",
45-0000,45-2000.00,45-2010.00,45-2011.00,Agricultural Inspectors,Role,"Farming, Fishing, and Forestry Occupations",Agricultural Workers,Agricultural Inspectors,"Inspect agricultural commodities, processing equipment, and facilities, and fish and logging operations, to ensure compliance with regulations and laws governing health, quality, and safety.",
45-0000,45-2000.00,45-2020.00,45-2020.00,Animal Breeders,Titled,"Farming, Fishing, and Forestry Occupations",Agricultural Workers,Broad Group,Select and breed animals according to genetic principles and knowledge of offspring characteristics. Keep records on breeding schedules and pedigrees.,
45-0000,45-2000.00,45-2020.00,45-2021.00,Animal Breeders,Role,"Farming, Fishing, and Forestry Occupations",Agricultural Workers,Animal Breeders,"Select and breed animals according to their genealogy, characteristics, and offspring. May require knowledge of artificial insemination techniques and equipment use. May involve keeping records on heats, birth intervals, or pedigree.",
45-0000,45-2000.00,45-2040.00,45-2040.00,"Graders and Sorters, Agricultural Products",Titled,"Farming, Fishing, and Forestry Occupations",Agricultural Workers,Broad Group,"Grade, sort, or classify unprocessed food and other agricultural products by size, weight, or condition.",
45-0000,45-2000.00,45-2040.00,45-2041.00,"Graders and Sorters, Agricultural Products",Role,"Farming, Fishing, and Forestry Occupations",Agricultural Workers,"Graders and Sorters, Agricultural Products","Grade, sort, or classify unprocessed food and other agricultural products by size, weight, color, or condition.",
45-0000,45-2000.00,45-2090.00,45-2090.00,Miscellaneous Agricultural Workers,Titled,"Farming, Fishing, and Forestry Occupations",Agricultural Workers,Broad Group,"Perform farming or agricultural tasks not covered by other occupations, possibly planting, harvesting, or managing specialized livestock.",
45-0000,45-2000.00,45-2090.00,45-2091.00,Agricultural Equipment Operators,Role,"Farming, Fishing, and Forestry Occupations",Agricultural Workers,Miscellaneous Agricultural Workers,"Drive and control farm equipment to till soil and to plant, cultivate, and harvest crops. May perform tasks, such as crop baling or hay bucking. May operate stationary equipment to perform post-harvest tasks, such as husking, shelling, threshing, and ginning.",
45-0000,45-2000.00,45-2090.00,45-2092.00,"Farmworkers and Laborers, Crop, Nursery, and Greenhouse",Role,"Farming, Fishing, and Forestry Occupations",Agricultural Workers,Miscellaneous Agricultural Workers,"Manually plant, cultivate, and harvest vegetables, fruits, nuts, horticultural specialties, and field crops. Use hand tools, such as shovels, trowels, hoes, tampers, pruning hooks, shears, and knives. Duties may include tilling soil and applying fertilizers; transplanting, weeding, thinning, or pruning crops; applying pesticides; or cleaning, grading, sorting, packing, and loading harvested products. May construct trellises, repair fences and farm buildings, or participate in irrigation activities.",
45-0000,45-2000.00,45-2090.00,45-2092.01,Nursery Workers,Role,"Farming, Fishing, and Forestry Occupations",Agricultural Workers,Miscellaneous Agricultural Workers,"Work in nursery facilities or at customer location planting, cultivating, harvesting, and transplanting trees, shrubs, or plants.",
45-0000,45-2000.00,45-2090.00,45-2092.02,"Farmworkers and Laborers, Crop",Role,"Farming, Fishing, and Forestry Occupations",Agricultural Workers,Miscellaneous Agricultural Workers,"Manually plant, cultivate, and harvest vegetables, fruits, nuts and field crops. Use hand tools, such as shovels, trowels, hoes, tampers, pruning hooks, shears, and knives. Duties may include tilling soil and applying fertilizers; transplanting, weeding, thinning, or pruning crops; applying pesticides; cleaning, packing, and loading harvested products. May construct trellises, repair fences and farm buildings, or participate in irrigation activities.",
45-0000,45-2000.00,45-2090.00,45-2093.00,"Farmworkers, Farm, Ranch, and Aquacultural Animals",Role,"Farming, Fishing, and Forestry Occupations",Agricultural Workers,Miscellaneous Agricultural Workers,"Attend to live farm, ranch, or aquacultural animals that may include cattle, sheep, swine, goats, horses and other equines, poultry, finfish, shellfish, and bees. Attend to animals produced for animal products, such as meat, fur, skins, feathers, eggs, milk, and honey. Duties may include feeding, watering, herding, grazing, castrating, branding, de-beaking, weighing, catching, and loading animals. May maintain records on animals; examine animals to detect diseases and injuries; assist in birth deliveries; and administer medications, vaccinations, or insecticides as appropriate. May clean and maintain animal housing areas. Includes workers who shear wool from sheep, and collect eggs in hatcheries.",
45-0000,45-2000.00,45-2090.00,45-2099.00,"Agricultural Workers, All Other",Role,"Farming, Fishing, and Forestry Occupations",Agricultural Workers,Miscellaneous Agricultural Workers,All agricultural workers not listed separately.,
45-0000,45-3000.00,45-3000.00,45-3000.00,Fishing and Hunting Workers,Main,"Farming, Fishing, and Forestry Occupations",Minor Group,Minor Group,"This category includes workers involved in fishing and hunting activities. Fishing workers may engage in various tasks related to commercial or recreational fishing, such as operating fishing vessels, setting nets or lines, and processing or preserving fish. Hunting workers may be involved in activities related to game hunting or wildlife management.",
45-0000,45-3000.00,45-3010.00,45-3010.00,Fishers and Related Fishing Workers,Titled,"Farming, Fishing, and Forestry Occupations",Fishing and Hunting Workers,Broad Group,"Catch and gather fish or other aquatic species. Maintain fishing gear, navigate vessels, and store catch properly.",
45-0000,45-3000.00,45-3010.00,45-3011.00,Fishers and Related Fishing Workers,Role,"Farming, Fishing, and Forestry Occupations",Fishing and Hunting Workers,Fishers and Related Fishing Workers,"Use nets, fishing rods, traps, or other equipment to catch and gather fish or other aquatic animals from rivers, lakes, or oceans, for human consumption or other uses. May haul game onto ship.",
45-0000,45-3000.00,45-3020.00,45-3020,Hunters and Trappers,Titled,"Farming, Fishing, and Forestry Occupations",Fishing and Hunting Workers,Broad Group,"Trap and hunt wild animals for food, pelts, or other products. Use knowledge of wildlife habits, tracking techniques, and environmental regulations.",
45-0000,45-3000.00,45-3020.00,45-3021.00,Hunters and Trappers,Role,"Farming, Fishing, and Forestry Occupations",Fishing and Hunting Workers,Hunters and Trappers,"Hunt and trap wild animals for human consumption, fur, feed, bait, or other purposes.",
45-0000,45-4000.00,45-4000.00,45-4000.00,"Forest, Conservation, and Logging Workers",Main,"Farming, Fishing, and Forestry Occupations",Minor Group,Minor Group,"This category includes workers involved in various activities related to forestry, conservation, and logging. It encompasses a range of roles, such as forest workers engaged in planting, maintaining, and harvesting trees; conservation workers involved in preserving and managing natural resources; and logging workers responsible for cutting and processing timber.",
45-0000,45-4000.00,45-4010.00,45-4010.00,Forest and Conservation Workers,Titled,"Farming, Fishing, and Forestry Occupations","Forest, Conservation, and Logging Workers",Broad Group,"Develop, maintain, and protect forests by planting seedlings, controlling insects and diseases, and assisting with fire prevention measures.",
45-0000,45-4000.00,45-4010.00,45-4011.00,Forest and Conservation Workers,Role,"Farming, Fishing, and Forestry Occupations","Forest, Conservation, and Logging Workers",Forest and Conservation Workers,"Under supervision, perform manual labor necessary to develop, maintain, or protect areas such as forests, forested areas, woodlands, wetlands, and rangelands through such activities as raising and transporting seedlings; combating insects, pests, and diseases harmful to plant life; and building structures to control water, erosion, and leaching of soil. Includes forester aides, seedling pullers, and tree planters.",
45-0000,45-4000.00,45-4020.00,45-4020.00,Logging Workers,Titled,"Farming, Fishing, and Forestry Occupations","Forest, Conservation, and Logging Workers",Broad Group,"Fell, process, and transport timber. Operate machinery such as harvesters and loaders, and follow safety protocols when working in forests.",
45-0000,45-4000.00,45-4020.00,45-4021.00,Fallers,Role,"Farming, Fishing, and Forestry Occupations","Forest, Conservation, and Logging Workers",Logging Workers,Use axes or chainsaws to fell trees using knowledge of tree characteristics and cutting techniques to control direction of fall and minimize tree damage.,
45-0000,45-4000.00,45-4020.00,45-4022.00,Logging Equipment Operators,Role,"Farming, Fishing, and Forestry Occupations","Forest, Conservation, and Logging Workers",Logging Workers,"Drive logging tractor or wheeled vehicle equipped with one or more accessories such as bulldozer blade, frontal shear, grapple, logging arch, cable winches, hoisting rack, or crane boom, to fell tree; to skid, load, unload, or stack logs; or to pull stumps or clear brush.",
45-0000,45-4000.00,45-4020.00,45-4023.00,Log Graders and Scalers,Role,"Farming, Fishing, and Forestry Occupations","Forest, Conservation, and Logging Workers",Logging Workers,"Grade logs or estimate the marketable content or value of logs or pulpwood in sorting yards, millpond, log deck, or similar locations. Inspect logs for defects or measure logs to determine volume.",
45-0000,45-4000.00,45-4020.00,45-4029.00,"Logging Workers, All Other",Role,"Farming, Fishing, and Forestry Occupations","Forest, Conservation, and Logging Workers",Logging Workers,All logging workers not listed separately.,
47-0000,47-0000.00,47-0000.00,47-0000.00,Construction and Extraction Occupations,Major,Major Group,Major Group,Major Group,"Involves building, repairing, or demolishing structures and extracting natural resources. Includes carpenters, electricians, miners, plumbers, and other trades focused on infrastructure and resource excavation.",
47-0000,47-1000.00,47-1000.00,47-1000.00,Supervisors of Construction and Extraction Workers,Main,Construction and Extraction Occupations,Minor Group,Minor Group,"This category includes supervisors who oversee construction and extraction activities in various industries. They are responsible for managing and coordinating the work of construction and extraction workers, ensuring compliance with safety regulations, and overseeing the progress of projects. The category encompasses supervisors in fields such as construction, mining, oil and gas extraction, and more.",
47-0000,47-1000.00,47-1010.00,47-1010.00,First-Line Supervisors of Construction Trades and Extraction Workers,Titled,Construction and Extraction Occupations,Supervisors of Construction and Extraction Workers,Broad Group,"Plan, schedule, and coordinate the work of construction or extraction crews. Monitor progress, enforce safety regulations, and resolve on-site issues.",
47-0000,47-1000.00,47-1010.00,47-1011.00,First-Line Supervisors of Construction Trades and Extraction Workers,Role,Construction and Extraction Occupations,Supervisors of Construction and Extraction Workers,First-Line Supervisors of Construction Trades and Extraction Workers,Directly supervise and coordinate activities of construction or extraction workers.,
47-0000,47-1000.00,47-1010.00,47-1011.03,Solar Energy Installation Managers,Role,Construction and Extraction Occupations,Supervisors of Construction and Extraction Workers,First-Line Supervisors of Construction Trades and Extraction Workers,Direct work crews installing residential or commercial solar photovoltaic or thermal systems.,
47-0000,47-2000.00,47-2000.00,47-2000.00,Construction Trades Workers,Main,Construction and Extraction Occupations,Minor Group,Minor Group,"This category includes various skilled workers involved in construction activities. It encompasses a wide range of occupations such as carpenters, electricians, plumbers, masons, painters, and other tradespeople. These workers perform specialized tasks related to construction, renovation, repair, and maintenance of buildings and structures.",
47-0000,47-2000.00,47-2010.00,47-2010.00,Boilermakers,Titled,Construction and Extraction Occupations,Construction Trades Workers,Broad Group,"Construct, assemble, and repair boilers, vats, or other large vessels. Use welding or riveting skills to join parts and ensure structural integrity.",
47-0000,47-2000.00,47-2010.00,47-2011.00,Boilermakers,Role,Construction and Extraction Occupations,Construction Trades Workers,Boilermakers,"Construct, assemble, maintain, and repair stationary steam boilers and boiler house auxiliaries. Align structures or plate sections to assemble boiler frame tanks or vats, following blueprints. Work involves use of hand and power tools, plumb bobs, levels, wedges, dogs, or turnbuckles. Assist in testing assembled vessels. Direct cleaning of boilers and boiler furnaces. Inspect and repair boiler fittings, such as safety valves, regulators, automatic-control mechanisms, water columns, and auxiliary machines.",
47-0000,47-2000.00,47-2020.00,47-2020.00,"Brickmasons, Blockmasons, and Stonemasons",Titled,Construction and Extraction Occupations,Construction Trades Workers,Broad Group,"Build walls, walkways, and other structures using bricks, blocks, or stone. Follow blueprints, mix mortar, and ensure alignment and structural soundness.",
47-0000,47-2000.00,47-2020.00,47-2021.00,Brickmasons and Blockmasons,Role,Construction and Extraction Occupations,Construction Trades Workers,"Brickmasons, Blockmasons, and Stonemasons","Lay and bind building materials, such as brick, structural tile, concrete block, cinder block, glass block, and terra-cotta block, with mortar and other substances to construct or repair walls, partitions, arches, sewers, and other structures.",
47-0000,47-2000.00,47-2020.00,47-2022.00,Stonemasons,Role,Construction and Extraction Occupations,Construction Trades Workers,"Brickmasons, Blockmasons, and Stonemasons","Build stone structures, such as piers, walls, and abutments. Lay walks, curbstones, or special types of masonry for vats, tanks, and floors.",
47-0000,47-2000.00,47-2030.00,47-2030.00,Carpenters,Titled,Construction and Extraction Occupations,Construction Trades Workers,Broad Group,"Construct, install, or repair frameworks and structures. Measure, cut, and shape wood or other materials using hand and power tools.",
47-0000,47-2000.00,47-2030.00,47-2031.00,Carpenters,Role,Construction and Extraction Occupations,Construction Trades Workers,Carpenters,"Construct, erect, install, or repair structures and fixtures made of wood, such as concrete forms; building frameworks, including partitions, joists, studding, and rafters; and wood stairways, window and door frames, and hardwood floors. May also install cabinets, siding, drywall and batt or roll insulation. Includes brattice builders who build doors or brattices (ventilation walls or partitions) in underground passageways.",
47-0000,47-2000.00,47-2030.00,47-2031.01,Construction Carpenters,Role,Construction and Extraction Occupations,Construction Trades Workers,Carpenters,"Construct, erect, install, and repair structures and fixtures of wood, plywood, and wallboard, using carpenter's hand tools and power tools.",
47-0000,47-2000.00,47-2030.00,47-2031.02,Rough Carpenters,Role,Construction and Extraction Occupations,Construction Trades Workers,Carpenters,"Build rough wooden structures, such as concrete forms, scaffolds, tunnel, bridge, or sewer supports, billboard signs, and temporary frame shelters, according to sketches, blueprints, or oral instructions.",
47-0000,47-2000.00,47-2040.00,47-2040.00,"Carpet, Floor, and Tile Installers and Finishers",Titled,Construction and Extraction Occupations,Construction Trades Workers,Broad Group,"Install and finish carpets, hardwood, tile, or other flooring materials. Prepare surfaces, align materials, and apply adhesives or finishes.",
47-0000,47-2000.00,47-2040.00,47-2041.00,Carpet Installers,Role,Construction and Extraction Occupations,Construction Trades Workers,"Carpet, Floor, and Tile Installers and Finishers",Lay and install carpet from rolls or blocks on floors. Install padding and trim flooring materials.,
47-0000,47-2000.00,47-2040.00,47-2042.00,"Floor Layers, Except Carpet, Wood, and Hard Tiles",Role,Construction and Extraction Occupations,Construction Trades Workers,"Carpet, Floor, and Tile Installers and Finishers","Apply blocks, strips, or sheets of shock-absorbing, sound-deadening, or decorative coverings to floors.",
47-0000,47-2000.00,47-2040.00,47-2043.00,Floor Sanders and Finishers,Role,Construction and Extraction Occupations,Construction Trades Workers,"Carpet, Floor, and Tile Installers and Finishers","Scrape and sand wooden floors to smooth surfaces using floor scraper and floor sanding machine, and apply coats of finish.",
47-0000,47-2000.00,47-2040.00,47-2044.00,Tile and Marble Setters,Role,Construction and Extraction Occupations,Construction Trades Workers,"Carpet, Floor, and Tile Installers and Finishers","Apply hard tile, marble, and wood tile to walls, floors, ceilings, and roof decks.",
47-0000,47-2000.00,47-2050.00,47-2050.00,"Cement Masons, Concrete Finishers, and Terrazzo Workers",Titled,Construction and Extraction Occupations,Construction Trades Workers,Broad Group,"Pour, level, and finish concrete for various projects, such as sidewalks or floors. May also install and finish terrazzo surfaces.",
47-0000,47-2000.00,47-2050.00,47-2051.00,Cement Masons and Concrete Finishers,Role,Construction and Extraction Occupations,Construction Trades Workers,"Cement Masons, Concrete Finishers, and Terrazzo Workers","Smooth and finish surfaces of poured concrete, such as floors, walks, sidewalks, roads, or curbs using a variety of hand and power tools. Align forms for sidewalks, curbs, or gutters; patch voids; and use saws to cut expansion joints.",
47-0000,47-2000.00,47-2050.00,47-2053.00,Terrazzo Workers and Finishers,Role,Construction and Extraction Occupations,Construction Trades Workers,"Cement Masons, Concrete Finishers, and Terrazzo Workers","Apply a mixture of cement, sand, pigment, or marble chips to floors, stairways, and cabinet fixtures to fashion durable and decorative surfaces.",
47-0000,47-2000.00,47-2060.00,47-2060.00,Construction Laborers,Titled,Construction and Extraction Occupations,Construction Trades Workers,Broad Group,"Perform tasks involving physical labor at construction sites, operate hand or power tools, and assist other craft workers.",
47-0000,47-2000.00,47-2060.00,47-2061.00,Construction Laborers,Role,Construction and Extraction Occupations,Construction Trades Workers,Construction Laborers,"Perform tasks involving physical labor at construction sites. May operate hand and power tools of all types: air hammers, earth tampers, cement mixers, small mechanical hoists, surveying and measuring equipment, and a variety of other equipment and instruments. May clean and prepare sites, dig trenches, set braces to support the sides of excavations, erect scaffolding, and clean up rubble, debris and other waste materials. May assist other craft workers.",
47-0000,47-2000.00,47-2070.00,47-2070.00,Construction Equipment Operators,Titled,Construction and Extraction Occupations,Construction Trades Workers,Broad Group,"Operate machinery such as bulldozers, excavators, or loaders to move earth and materials, clear land, and assist in building projects.",
47-0000,47-2000.00,47-2070.00,47-2071.00,"Paving, Surfacing, and Tamping Equipment Operators",Role,Construction and Extraction Occupations,Construction Trades Workers,Construction Equipment Operators,"Operate equipment used for applying concrete, asphalt, or other materials to road beds, parking lots, or airport runways and taxiways, or equipment used for tamping gravel, dirt, or other materials. Includes concrete and asphalt paving machine operators, form tampers, tamping machine operators, and stone spreader operators.",
47-0000,47-2000.00,47-2070.00,47-2072.00,Pile-Driver Operators,Role,Construction and Extraction Occupations,Construction Trades Workers,Construction Equipment Operators,"Operate pile drivers mounted on skids, barges, crawler treads, or locomotive cranes to drive pilings for retaining walls, bulkheads, and foundations of structures, such as buildings, bridges, and piers.",
47-0000,47-2000.00,47-2070.00,47-2073.00,Operating Engineers and Other Construction Equipment Operators,Role,Construction and Extraction Occupations,Construction Trades Workers,Construction Equipment Operators,"Operate one or several types of power construction equipment, such as motor graders, bulldozers, scrapers, compressors, pumps, derricks, shovels, tractors, or front-end loaders to excavate, move, and grade earth, erect structures, or pour concrete or other hard surface pavement. May repair and maintain equipment in addition to other duties.",
47-0000,47-2000.00,47-2080.00,47-2080.00,"Drywall Installers, Ceiling Tile Installers, and Tapers",Titled,Construction and Extraction Occupations,Construction Trades Workers,Broad Group,Install wallboard and apply tape or compound to seams and corners for finishing. May also install ceiling tiles in buildings.,
47-0000,47-2000.00,47-2080.00,47-2081.00,Drywall and Ceiling Tile Installers,Role,Construction and Extraction Occupations,Construction Trades Workers,"Drywall Installers, Ceiling Tile Installers, and Tapers","Apply plasterboard or other wallboard to ceilings or interior walls of buildings. Apply or mount acoustical tiles or blocks, strips, or sheets of shock-absorbing materials to ceilings and walls of buildings to reduce or reflect sound. Materials may be of decorative quality. Includes lathers who fasten wooden, metal, or rockboard lath to walls, ceilings or partitions of buildings to provide support base for plaster, fire-proofing, or acoustical material.",
47-0000,47-2000.00,47-2080.00,47-2082.00,Tapers,Role,Construction and Extraction Occupations,Construction Trades Workers,"Drywall Installers, Ceiling Tile Installers, and Tapers",Seal joints between plasterboard or other wallboard to prepare wall surface for painting or papering.,
47-0000,47-2000.00,47-2110.00,47-2110.00,Electricians,Titled,Construction and Extraction Occupations,Construction Trades Workers,Broad Group,"Install, maintain, and repair electrical wiring, lighting, and control systems. Diagnose issues, ensure compliance with codes, and follow safety protocols.",
47-0000,47-2000.00,47-2110.00,47-2111.00,Electricians,Role,Construction and Extraction Occupations,Construction Trades Workers,Electricians,"Install, maintain, and repair electrical wiring, equipment, and fixtures. Ensure that work is in accordance with relevant codes. May install or service street lights, intercom systems, or electrical control systems.",
47-0000,47-2000.00,47-2120.00,47-2120.00,Glaziers,Titled,Construction and Extraction Occupations,Construction Trades Workers,Broad Group,"Install glass in windows, skylights, and other fixtures in buildings or vehicles. Measure and cut glass, seal edges, and secure frames.",
47-0000,47-2000.00,47-2120.00,47-2121.00,Glaziers,Role,Construction and Extraction Occupations,Construction Trades Workers,Glaziers,"Install glass in windows, skylights, store fronts, and display cases, or on surfaces, such as building fronts, interior walls, ceilings, and tabletops.",
47-0000,47-2000.00,47-2130.00,47-2130.00,Insulation Workers,Titled,Construction and Extraction Occupations,Construction Trades Workers,Broad Group,"Line and cover structures with insulating materials to control or maintain temperatures. May apply insulating materials to pipes, ductwork, or other mechanical systems.",
47-0000,47-2000.00,47-2130.00,47-2131.00,"Insulation Workers, Floor, Ceiling, and Wall",Role,Construction and Extraction Occupations,Construction Trades Workers,Insulation Workers,"Line and cover structures with insulating materials. May work with batt, roll, or blown insulation materials.",
47-0000,47-2000.00,47-2130.00,47-2132.00,"Insulation Workers, Mechanical",Role,Construction and Extraction Occupations,Construction Trades Workers,Insulation Workers,"Apply insulating materials to pipes or ductwork, or other mechanical systems in order to help control and maintain temperature.",
47-0000,47-2000.00,47-2140.00,47-2140.00,Painters and Paperhangers,Titled,Construction and Extraction Occupations,Construction Trades Workers,Broad Group,"Apply paint, stain, varnish, or wallpaper to buildings, equipment, or other structures. Prepare surfaces by cleaning or sanding, and mix materials to achieve desired finishes.",
47-0000,47-2000.00,47-2140.00,47-2141.00,"Painters, Construction and Maintenance",Role,Construction and Extraction Occupations,Construction Trades Workers,Painters and Paperhangers,"Paint walls, equipment, buildings, bridges, and other structural surfaces, using brushes, rollers, and spray guns. May remove old paint to prepare surface prior to painting. May mix colors or oils to obtain desired color or consistency.",
47-0000,47-2000.00,47-2140.00,47-2142.00,Paperhangers,Role,Construction and Extraction Occupations,Construction Trades Workers,Painters and Paperhangers,"Cover interior walls or ceilings of rooms with decorative wallpaper or fabric, or attach advertising posters on surfaces such as walls and billboards. May remove old materials or prepare surfaces to be papered.",
47-0000,47-2000.00,47-2150.00,47-2150.00,"Pipelayers, Plumbers, Pipefitters, and Steamfitters",Titled,Construction and Extraction Occupations,Construction Trades Workers,Broad Group,"Lay pipe for storm or sanitation sewers, water mains, or gas lines. Install and repair plumbing fixtures, pipe systems, or steam systems.",
47-0000,47-2000.00,47-2150.00,47-2151.00,Pipelayers,Role,Construction and Extraction Occupations,Construction Trades Workers,"Pipelayers, Plumbers, Pipefitters, and Steamfitters","Lay pipe for storm or sanitation sewers, drains, and water mains. Perform any combination of the following tasks: grade trenches or culverts, position pipe, or seal joints.",
47-0000,47-2000.00,47-2150.00,47-2152.00,"Plumbers, Pipefitters, and Steamfitters",Role,Construction and Extraction Occupations,Construction Trades Workers,"Pipelayers, Plumbers, Pipefitters, and Steamfitters","Assemble, install, alter, and repair pipelines or pipe systems that carry water, steam, air, or other liquids or gases. May install heating and cooling equipment and mechanical control systems. Includes sprinklerfitters.",
47-0000,47-2000.00,47-2150.00,47-2152.01,Pipe Fitters and Steamfitters,Role,Construction and Extraction Occupations,Construction Trades Workers,"Pipelayers, Plumbers, Pipefitters, and Steamfitters","Lay out, assemble, install, or maintain pipe systems, pipe supports, or related hydraulic or pneumatic equipment for steam, hot water, heating, cooling, lubricating, sprinkling, or industrial production or processing systems.",
47-0000,47-2000.00,47-2150.00,47-2152.02,Plumbers,Role,Construction and Extraction Occupations,Construction Trades Workers,"Pipelayers, Plumbers, Pipefitters, and Steamfitters","Assemble, install, or repair pipes, fittings, or fixtures of heating, water, or drainage systems, according to specifications or plumbing codes.",
47-0000,47-2000.00,47-2160.00,47-2160.00,Plasterers and Stucco Masons,Titled,Construction and Extraction Occupations,Construction Trades Workers,Broad Group,"Apply plaster or stucco to walls and ceilings, forming smooth or textured surfaces. May also install prefabricated exterior insulation systems.",
47-0000,47-2000.00,47-2160.00,47-2161.00,Plasterers and Stucco Masons,Role,Construction and Extraction Occupations,Construction Trades Workers,Plasterers and Stucco Masons,"Apply interior or exterior plaster, cement, stucco, or similar materials. May also set ornamental plaster.",
47-0000,47-2000.00,47-2170.00,47-2170.00,Reinforcing Iron and Rebar Workers,Titled,Construction and Extraction Occupations,Construction Trades Workers,Broad Group,"Position and secure steel bars or mesh in concrete forms to reinforce concrete structures. Cut, bend, or weld rebar as necessary.",
47-0000,47-2000.00,47-2170.00,47-2171.00,Reinforcing Iron and Rebar Workers,Role,Construction and Extraction Occupations,Construction Trades Workers,Reinforcing Iron and Rebar Workers,"Position and secure steel bars or mesh in concrete forms in order to reinforce concrete. Use a variety of fasteners, rod-bending machines, blowtorches, and hand tools. Includes rod busters.",
47-0000,47-2000.00,47-2180.00,47-2180.00,Roofers,Titled,Construction and Extraction Occupations,Construction Trades Workers,Broad Group,"Cover roofs of structures with shingles, asphalt, or other materials. Install insulation layers, apply waterproofing, and ensure correct sealing to prevent leaks.",
47-0000,47-2000.00,47-2180.00,47-2181.00,Roofers,Role,Construction and Extraction Occupations,Construction Trades Workers,Roofers,"Cover roofs of structures with shingles, slate, asphalt, aluminum, wood, or related materials. May spray roofs, sidings, and walls with material to bind, seal, insulate, or soundproof sections of structures.",
47-0000,47-2000.00,47-2210.00,47-2210.00,Sheet Metal Workers,Titled,Construction and Extraction Occupations,Construction Trades Workers,Broad Group,"Fabricate, assemble, and install products made from thin metal sheets, such as ducts or roofing panels. Use technical drawings, cut metal, and secure seams.",
47-0000,47-2000.00,47-2210.00,47-2211.00,Sheet Metal Workers,Role,Construction and Extraction Occupations,Construction Trades Workers,Sheet Metal Workers,"Fabricate, assemble, install, and repair sheet metal products and equipment, such as ducts, control boxes, drainpipes, and furnace casings. Work may involve any of the following: setting up and operating fabricating machines to cut, bend, and straighten sheet metal; shaping metal over anvils, blocks, or forms using hammer; operating soldering and welding equipment to join sheet metal parts; or inspecting, assembling, and smoothing seams and joints of burred surfaces. Includes sheet metal duct installers who install prefabricated sheet metal ducts used for heating, air conditioning, or other purposes.",
47-0000,47-2000.00,47-2220.00,47-2220.00,Structural Iron and Steel Workers,Titled,Construction and Extraction Occupations,Construction Trades Workers,Broad Group,"Raise, place, and unite iron or steel girders, columns, and other structural members to form frameworks for buildings, bridges, and other structures.",
47-0000,47-2000.00,47-2220.00,47-2221.00,Structural Iron and Steel Workers,Role,Construction and Extraction Occupations,Construction Trades Workers,Structural Iron and Steel Workers,"Raise, place, and unite iron or steel girders, columns, and other structural members to form completed structures or structural frameworks. May erect metal storage tanks and assemble prefabricated metal buildings.",
47-0000,47-2000.00,47-2230.00,47-2230.00,Solar Photovoltaic Installers,Titled,Construction and Extraction Occupations,Construction Trades Workers,Broad Group,"Assemble, install, and maintain solar photovoltaic systems on roofs or other structures. Ensure safe handling of electrical wiring and compliance with building codes.",
47-0000,47-2000.00,47-2230.00,47-2231.00,Solar Photovoltaic Installers,Role,Construction and Extraction Occupations,Construction Trades Workers,Solar Photovoltaic Installers,"Assemble, install, or maintain solar photovoltaic (PV) systems on roofs or other structures in compliance with site assessment and schematics. May include measuring, cutting, assembling, and bolting structural framing and solar modules. May perform minor electrical work such as current checks.",
47-0000,47-3000.00,47-3000.00,47-3000.00,"Helpers, Construction Trades",Main,Construction and Extraction Occupations,Minor Group,Minor Group,"This category includes workers who assist skilled tradespeople in various construction trades. They provide support and assistance in tasks such as carrying materials, cleaning work areas, operating machinery, and performing other duties as directed by the skilled trades workers. Helpers work under the supervision of more experienced tradespeople and contribute to the overall progress of construction projects.",
47-0000,47-3000.00,47-3010.00,47-3010.00,"Helpers, Construction Trades",Titled,Construction and Extraction Occupations,"Helpers, Construction Trades",Broad Group,"Assist skilled construction trades workers by supplying or holding materials or tools, cleaning job sites, and performing basic tasks under the direction of more experienced craft workers.",
47-0000,47-3000.00,47-3010.00,47-3011.00,"Helpers--Brickmasons, Blockmasons, Stonemasons, and Tile and Marble Setters",Role,Construction and Extraction Occupations,"Helpers, Construction Trades","Helpers, Construction Trades","Help brickmasons, blockmasons, stonemasons, or tile and marble setters by performing duties requiring less skill. Duties include using, supplying or holding materials or tools, and cleaning work area and equipment.",
47-0000,47-3000.00,47-3010.00,47-3012.00,Helpers--Carpenters,Role,Construction and Extraction Occupations,"Helpers, Construction Trades","Helpers, Construction Trades","Help carpenters by performing duties requiring less skill. Duties include using, supplying or holding materials or tools, and cleaning work area and equipment.",
47-0000,47-3000.00,47-3010.00,47-3013.00,Helpers--Electricians,Role,Construction and Extraction Occupations,"Helpers, Construction Trades","Helpers, Construction Trades","Help electricians by performing duties requiring less skill. Duties include using, supplying or holding materials or tools, and cleaning work area and equipment.",
47-0000,47-3000.00,47-3010.00,47-3014.00,"Helpers--Painters, Paperhangers, Plasterers, and Stucco Masons",Role,Construction and Extraction Occupations,"Helpers, Construction Trades","Helpers, Construction Trades","Help painters, paperhangers, plasterers, or stucco masons by performing duties requiring less skill. Duties include using, supplying or holding materials or tools, and cleaning work area and equipment.",
47-0000,47-3000.00,47-3010.00,47-3015.00,"Helpers--Pipelayers, Plumbers, Pipefitters, and Steamfitters",Role,Construction and Extraction Occupations,"Helpers, Construction Trades","Helpers, Construction Trades","Help plumbers, pipefitters, steamfitters, or pipelayers by performing duties requiring less skill. Duties include using, supplying or holding materials or tools, and cleaning work area and equipment.",
47-0000,47-3000.00,47-3010.00,47-3016.00,Helpers--Roofers,Role,Construction and Extraction Occupations,"Helpers, Construction Trades","Helpers, Construction Trades","Help roofers by performing duties requiring less skill. Duties include using, supplying or holding materials or tools, and cleaning work area and equipment.",
47-0000,47-3000.00,47-3010.00,47-3019.00,"Helpers, Construction Trades, All Other",Role,Construction and Extraction Occupations,"Helpers, Construction Trades","Helpers, Construction Trades",All construction trades helpers not listed separately.,
47-0000,47-4000.00,47-4000.00,47-4000.00,Other Construction and Related Workers,Main,Construction and Extraction Occupations,Minor Group,Minor Group,"This category includes a diverse range of construction and related workers who perform various tasks that support construction projects but do not fall into other specific construction trades categories. It may include workers such as highway maintenance workers, roustabouts, elevator installers and repairers, and other construction-related roles that are not classified elsewhere.",
47-0000,47-4000.00,47-4010.00,47-4010.00,Construction and Building Inspectors,Titled,Construction and Extraction Occupations,Other Construction and Related Workers,Broad Group,"Inspect buildings, highways, and other structures to ensure compliance with building codes and regulations. Review structural quality, safety, and overall integrity of construction projects.",
47-0000,47-4000.00,47-4010.00,47-4011.00,Construction and Building Inspectors,Role,Construction and Extraction Occupations,Other Construction and Related Workers,Construction and Building Inspectors,"Inspect structures using engineering skills to determine structural soundness and compliance with specifications, building codes, and other regulations. Inspections may be general in nature or may be limited to a specific area, such as electrical systems or plumbing.",
47-0000,47-4000.00,47-4020.00,47-4020.00,Elevator Installers and Repairers,Titled,Construction and Extraction Occupations,Other Construction and Related Workers,Broad Group,"Assemble, install, and repair elevators, escalators, and similar systems. Read blueprints, conduct routine maintenance, and troubleshoot mechanical or electrical malfunctions.",
47-0000,47-4000.00,47-4020.00,47-4021.00,Elevator Installers and Repairers,Role,Construction and Extraction Occupations,Other Construction and Related Workers,Elevator Installers and Repairers,"Assemble, install, repair, or maintain electric or hydraulic freight or passenger elevators, escalators, or dumbwaiters.",
47-0000,47-4000.00,47-4030.00,47-4030.00,Fence Erectors,Titled,Construction and Extraction Occupations,Other Construction and Related Workers,Broad Group,"Build and repair fences, gates, and related enclosures. Measure property lines, dig postholes, and set fence posts in concrete or other materials.",
47-0000,47-4000.00,47-4030.00,47-4031.00,Fence Erectors,Role,Construction and Extraction Occupations,Other Construction and Related Workers,Fence Erectors,"Erect and repair fences and fence gates, using hand and power tools.",
47-0000,47-4000.00,47-4040.00,47-4040.00,Hazardous Materials Removal Workers,Titled,Construction and Extraction Occupations,Other Construction and Related Workers,Broad Group,"Identify, remove, package, transport, or dispose of hazardous substances (like asbestos or lead). Follow strict safety protocols to protect health and the environment.",
47-0000,47-4000.00,47-4040.00,47-4041.00,Hazardous Materials Removal Workers,Role,Construction and Extraction Occupations,Other Construction and Related Workers,Hazardous Materials Removal Workers,"Identify, remove, pack, transport, or dispose of hazardous materials, including asbestos, lead-based paint, waste oil, fuel, transmission fluid, radioactive materials, or contaminated soil. Specialized training and certification in hazardous materials handling or a confined entry permit are generally required. May operate earth-moving equipment or trucks.",
47-0000,47-4000.00,47-4050.00,47-4050.00,Highway Maintenance Workers,Titled,Construction and Extraction Occupations,Other Construction and Related Workers,Broad Group,"Maintain highways, roads, and airport runways. Patch potholes, clear drains, remove snow, and set up traffic control devices.",
47-0000,47-4000.00,47-4050.00,47-4051.00,Highway Maintenance Workers,Role,Construction and Extraction Occupations,Other Construction and Related Workers,Highway Maintenance Workers,"Maintain highways, municipal and rural roads, airport runways, and rights-of-way. Duties include patching broken or eroded pavement, repairing guard rails, highway markers, and snow fences. May also mow or clear brush from along road or plow snow from roadway.",
47-0000,47-4000.00,47-4060.00,47-4060.00,Rail-Track Laying and Maintenance Equipment Operators,Titled,Construction and Extraction Occupations,Other Construction and Related Workers,Broad Group,"Operate machinery to lay, repair, or remove railroad tracks. Measure and cut rails, align track sections, and ensure proper alignment and safety.",
47-0000,47-4000.00,47-4060.00,47-4061.00,Rail-Track Laying and Maintenance Equipment Operators,Role,Construction and Extraction Occupations,Other Construction and Related Workers,Rail-Track Laying and Maintenance Equipment Operators,"Lay, repair, and maintain track for standard or narrow-gauge railroad equipment used in regular railroad service or in plant yards, quarries, sand and gravel pits, and mines. Includes ballast cleaning machine operators and railroad bed tamping machine operators.",
47-0000,47-4000.00,47-4070.00,47-4070.00,Septic Tank Servicers and Sewer Pipe Cleaners,Titled,Construction and Extraction Occupations,Other Construction and Related Workers,Broad Group,"Clean and repair septic tanks, sewer lines, or drains. Locate problem areas, operate pumping equipment, and perform routine system maintenance.",
47-0000,47-4000.00,47-4070.00,47-4071.00,Septic Tank Servicers and Sewer Pipe Cleaners,Role,Construction and Extraction Occupations,Other Construction and Related Workers,Septic Tank Servicers and Sewer Pipe Cleaners,"Clean and repair septic tanks, sewer lines, or drains. May patch walls and partitions of tank, replace damaged drain tile, or repair breaks in underground piping.",
47-0000,47-4000.00,47-4090.00,47-4090.00,Miscellaneous Construction and Related Workers,Titled,Construction and Extraction Occupations,Other Construction and Related Workers,Broad Group,"Carry out construction-related tasks not categorized under specific trades. May include highway flagging, site preparation, or specialized tasks such as chimney repair.",
47-0000,47-4000.00,47-4090.00,47-4091.00,Segmental Pavers,Role,Construction and Extraction Occupations,Other Construction and Related Workers,Miscellaneous Construction and Related Workers,"Lay out, cut, and place segmental paving units. Includes installers of bedding and restraining materials for the paving units.",
47-0000,47-4000.00,47-4090.00,47-4099.00,"Construction and Related Workers, All Other",Role,Construction and Extraction Occupations,Other Construction and Related Workers,Miscellaneous Construction and Related Workers,All construction and related workers not listed separately.,
47-0000,47-4000.00,47-4090.00,47-4099.02,Solar Thermal Installers and Technicians,Role,Construction and Extraction Occupations,Other Construction and Related Workers,Miscellaneous Construction and Related Workers,"Install or repair solar energy systems designed to collect, store, and circulate solar-heated water for residential, commercial or industrial use.",
47-0000,47-4000.00,47-4090.00,47-4099.03,Weatherization Installers and Technicians,Role,Construction and Extraction Occupations,Other Construction and Related Workers,Miscellaneous Construction and Related Workers,"Perform a variety of activities to weatherize homes and make them more energy efficient. Duties include repairing windows, insulating ducts, and performing heating, ventilating, and air-conditioning (HVAC) work. May perform energy audits and advise clients on energy conservation measures.",
47-0000,47-5000.00,47-5000.00,47-5000.00,Extraction Workers,Main,Construction and Extraction Occupations,Minor Group,Minor Group,"This category includes workers involved in extracting natural resources from the earth. It encompasses various occupations such as mining machine operators, oil and gas extraction workers, quarrying workers, and other related roles. These workers are primarily engaged in extracting minerals, metals, oil, gas, and other valuable resources from the ground.",
47-0000,47-5000.00,47-5010.00,47-5010.00,"Derrick, Rotary Drill, and Service Unit Operators, Oil, Gas, and Mining",Titled,Construction and Extraction Occupations,Extraction Workers,Broad Group,"Operate derricks and drilling equipment to extract oil, gas, or minerals from the earth. Monitor pressure gauges, maintain equipment, and manage the drilling process.",
47-0000,47-5000.00,47-5010.00,47-5011.00,"Derrick Operators, Oil and Gas",Role,Construction and Extraction Occupations,Extraction Workers,"Derrick, Rotary Drill, and Service Unit Operators, Oil, Gas, and Mining",Rig derrick equipment and operate pumps to circulate mud through drill hole.,
47-0000,47-5000.00,47-5010.00,47-5012.00,"Rotary Drill Operators, Oil and Gas",Role,Construction and Extraction Occupations,Extraction Workers,"Derrick, Rotary Drill, and Service Unit Operators, Oil, Gas, and Mining","Set up or operate a variety of drills to remove underground oil and gas, or remove core samples for testing during oil and gas exploration.",
47-0000,47-5000.00,47-5010.00,47-5013.00,"Service Unit Operators, Oil, Gas, and Mining",Role,Construction and Extraction Occupations,Extraction Workers,"Derrick, Rotary Drill, and Service Unit Operators, Oil, Gas, and Mining","Operate equipment to increase oil flow from producing wells or to remove stuck pipe, casing, tools, or other obstructions from drilling wells. May also perform similar services in mining exploration operations. Includes fishing-tool technicians.",
47-0000,47-5000.00,47-5020.00,47-5020.00,"Earth Drillers, Except Oil and Gas",Titled,Construction and Extraction Occupations,Extraction Workers,Broad Group,"Operate drilling equipment to drill holes for utility lines, foundation supports, or geological exploration. Monitor equipment performance, remove earth or rock, and ensure site safety.",
47-0000,47-5000.00,47-5020.00,47-5021.00,"Earth Drillers, Except Oil and Gas",Role,Construction and Extraction Occupations,Extraction Workers,"Earth Drillers, Except Oil and Gas","Operate a variety of drills such as rotary, churn, and pneumatic to tap sub-surface water and salt deposits, to remove core samples during mineral exploration or soil testing, and to facilitate the use of explosives in mining or construction. May use explosives. Includes horizontal and earth boring machine operators.",
47-0000,47-5000.00,47-5030.00,47-5030.00,"Explosives Workers, Ordnance Handling Experts, and Blasters",Titled,Construction and Extraction Occupations,Extraction Workers,Broad Group,"Handle explosives for construction, mining, or demolition. Assess rock or other material, set charges, and detonate explosives following strict safety protocols.",
47-0000,47-5000.00,47-5030.00,47-5031.00,"Explosives Workers, Ordnance Handling Experts, and Blasters",Role,Construction and Extraction Occupations,Extraction Workers,"Explosives Workers, Ordnance Handling Experts, and Blasters","Place and detonate explosives to demolish structures or to loosen, remove, or displace earth, rock, or other materials. May perform specialized handling, storage, and accounting procedures. Includes seismograph shooters.",
47-0000,47-5000.00,47-5040.00,47-5040.00,Mining Machine Operators,Titled,Construction and Extraction Occupations,Extraction Workers,Broad Group,"Operate self-propelled machines to extract coal, ore, or other materials from mines. Monitor equipment gauges, manage conveyor systems, and ensure efficient extraction.",
47-0000,47-5000.00,47-5040.00,47-5041.00,Continuous Mining Machine Operators,Role,Construction and Extraction Occupations,Extraction Workers,Mining Machine Operators,"Operate self-propelled mining machines that rip coal, metal and nonmetal ores, rock, stone, or sand from the mine face and load it onto conveyors or into shuttle cars in a continuous operation.",
47-0000,47-5000.00,47-5040.00,47-5042.00,Mine Cutting and Channeling Machine Operators,Role,Construction and Extraction Occupations,Extraction Workers,Mining Machine Operators,"Operate machinery such as longwall shears, plows, and cutting machines to cut or channel along the face or seams of coal mines, stone quarries, or other mining surfaces to facilitate blasting, separating, or removing minerals or materials from mines or from the Earth's surface. Includes shale planers.",
47-0000,47-5000.00,47-5040.00,47-5049.00,"Mining Machine Operators, All Other",Role,Construction and Extraction Occupations,Extraction Workers,Mining Machine Operators,All mining machine operators not listed separately.,
47-0000,47-5000.00,47-5050.00,47-5050.00,"Rock Splitters, Quarry",Titled,Construction and Extraction Occupations,Extraction Workers,Broad Group,"Separate blocks of rough dimension stone from quarry mass using drills, wedges, or other tools. Check for quality, measure, and mark cutting lines.",
47-0000,47-5000.00,47-5050.00,47-5051.00,"Rock Splitters, Quarry",Role,Construction and Extraction Occupations,Extraction Workers,"Rock Splitters, Quarry",Separate blocks of rough dimension stone from quarry mass using jackhammer and wedges.,
47-0000,47-5000.00,47-5060.00,47-5060.00,"Roof Bolters, Mining",Titled,Construction and Extraction Occupations,Extraction Workers,Broad Group,Operate machinery to install roof support bolts in underground mines to prevent roof collapses. Monitor and test the stability of installed bolts.,
47-0000,47-5000.00,47-5060.00,47-5061.00,"Roof Bolters, Mining",Role,Construction and Extraction Occupations,Extraction Workers,"Roof Bolters, Mining",Operate machinery to install roof support bolts in underground mine.,
47-0000,47-5000.00,47-5070.00,47-5070.00,"Roustabouts, Oil and Gas",Titled,Construction and Extraction Occupations,Extraction Workers,Broad Group,"Assemble or repair oil field equipment using hand and power tools. Perform basic maintenance, transport materials, and maintain safety standards on oil rigs or fields.",
47-0000,47-5000.00,47-5070.00,47-5071.00,"Roustabouts, Oil and Gas",Role,Construction and Extraction Occupations,Extraction Workers,"Roustabouts, Oil and Gas",Assemble or repair oil field equipment using hand and power tools. Perform other tasks as needed.,
47-0000,47-5000.00,47-5080.00,47-5080.00,Helpers—Extraction Workers,Titled,Construction and Extraction Occupations,Extraction Workers,Broad Group,"Assist more experienced workers in oil, gas, or mining operations. Haul materials, operate simple equipment, and clean worksites under close supervision.",
47-0000,47-5000.00,47-5080.00,47-5081.00,Helpers--Extraction Workers,Role,Construction and Extraction Occupations,Extraction Workers,Helpers--Extraction Workers,"Help extraction craft workers, such as earth drillers, blasters and explosives workers, derrick operators, and mining machine operators, by performing duties requiring less skill. Duties include supplying equipment or cleaning work area.",
47-0000,47-5000.00,47-5090.00,47-5090.00,Miscellaneous Extraction Workers,Titled,Construction and Extraction Occupations,Extraction Workers,Broad Group,"Perform extraction tasks not elsewhere classified, such as specialized drilling or rare mineral sampling in mines or quarries.",
47-0000,47-5000.00,47-5090.00,47-5099.00,"Extraction Workers, All Other",Role,Construction and Extraction Occupations,Extraction Workers,Miscellaneous Extraction Workers,All extraction workers not listed separately.,
49-0000,49-0000.00,49-0000.00,49-0000.00,"Installation, Maintenance, and Repair Occupations",Major,Major Group,Major Group,Major Group,"Covers roles setting up, troubleshooting, and fixing equipment, machines, and systems. Occupations include automotive mechanics, HVAC installers, and general maintenance technicians working across various industries.",
49-0000,49-1000.00,49-1000.00,49-1000.00,"Supervisors of Installation, Maintenance, and Repair Workers",Main,"Installation, Maintenance, and Repair Occupations",Minor Group,Minor Group,"This category includes supervisors who oversee and coordinate the work of installation, maintenance, and repair workers across various industries. They are responsible for managing teams, assigning tasks, ensuring compliance with safety regulations, and maintaining the efficiency of installation and repair processes. Supervisors in this category may work in fields such as construction, manufacturing, telecommunications, utilities, and transportation.",
49-0000,49-1000.00,49-1010.00,49-1010.00,"First-Line Supervisors of Mechanics, Installers, and Repairers",Titled,"Installation, Maintenance, and Repair Occupations","Supervisors of Installation, Maintenance, and Repair Workers",Broad Group,"Direct and coordinate maintenance or repair staff. Assign tasks, schedule work, ensure compliance with safety regulations, and track work progress.",
49-0000,49-1000.00,49-1010.00,49-1011.00,"First-Line Supervisors of Mechanics, Installers, and Repairers",Role,"Installation, Maintenance, and Repair Occupations","Supervisors of Installation, Maintenance, and Repair Workers","First-Line Supervisors of Mechanics, Installers, and Repairers","Directly supervise and coordinate the activities of mechanics, installers, and repairers.",
49-0000,49-2000.00,49-2000.00,49-2000.00,"Electrical and Electronic Equipment Mechanics, Installers, and Repairers",Main,"Installation, Maintenance, and Repair Occupations",Minor Group,Minor Group,"This category includes workers who install, maintain, and repair electrical and electronic equipment across various industries. They may work on equipment such as electrical systems, telecommunications equipment, computer systems, and audiovisual systems. Workers in this category are skilled in diagnosing and fixing electrical and electronic issues, reading technical diagrams and manuals, and using specialized tools and equipment.",
49-0000,49-2000.00,49-2010.00,49-2010.00,"Computer, Automated Teller, and Office Machine Repairers",Titled,"Installation, Maintenance, and Repair Occupations","Electrical and Electronic Equipment Mechanics, Installers, and Repairers",Broad Group,"Install, maintain, and repair business machines such as computers, ATMs, copiers, or printers. Diagnose hardware problems, replace parts, and test functionality.",
49-0000,49-2000.00,49-2010.00,49-2011.00,"Computer, Automated Teller, and Office Machine Repairers",Role,"Installation, Maintenance, and Repair Occupations","Electrical and Electronic Equipment Mechanics, Installers, and Repairers","Computer, Automated Teller, and Office Machine Repairers","Repair, maintain, or install computers, word processing systems, automated teller machines, and electronic office machines, such as duplicating and fax machines.",
49-0000,49-2000.00,49-2020.00,49-2020.00,Radio and Telecommunications Equipment Installers and Repairers,Titled,"Installation, Maintenance, and Repair Occupations","Electrical and Electronic Equipment Mechanics, Installers, and Repairers",Broad Group,"Install and maintain radio or telecommunications equipment (cell towers, broadcast transmitters, etc.). Diagnose signal issues, update equipment, and perform routine inspections.",
49-0000,49-2000.00,49-2020.00,49-2021.00,"Radio, Cellular, and Tower Equipment Installers and Repairs",Role,"Installation, Maintenance, and Repair Occupations","Electrical and Electronic Equipment Mechanics, Installers, and Repairers",Radio and Telecommunications Equipment Installers and Repairers,"Repair, install or maintain mobile or stationary radio transmitting, broadcasting, and receiving equipment, and two-way radio communications systems used in cellular telecommunications, mobile broadband, ship-to-shore, aircraft-to-ground communications, and radio equipment in service and emergency vehicles. May test and analyze network coverage.",
49-0000,49-2000.00,49-2020.00,49-2021.01,Radio Mechanics,Role,"Installation, Maintenance, and Repair Occupations","Electrical and Electronic Equipment Mechanics, Installers, and Repairers",Radio and Telecommunications Equipment Installers and Repairers,Test or repair mobile or stationary radio transmitting and receiving equipment and two-way radio communications systems used in ship-to-shore communications and found in service and emergency vehicles.,
49-0000,49-2000.00,49-2020.00,49-2022.00,"Telecommunications Equipment Installers and Repairers, Except Line Installers",Role,"Installation, Maintenance, and Repair Occupations","Electrical and Electronic Equipment Mechanics, Installers, and Repairers",Radio and Telecommunications Equipment Installers and Repairers,"Install, set-up, rearrange, or remove switching, distribution, routing, and dialing equipment used in central offices or headends. Service or repair telephone, cable television, Internet, and other communications equipment on customers' property. May install communications equipment or communications wiring in buildings.",
49-0000,49-2000.00,49-2090.00,49-2090.00,"Miscellaneous Electrical and Electronic Equipment Mechanics, Installers, and Repairers",Titled,"Installation, Maintenance, and Repair Occupations","Electrical and Electronic Equipment Mechanics, Installers, and Repairers",Broad Group,"Service and repair a wide range of electrical or electronic devices not classified under standard categories. Could include security systems, AV equipment, or specialized industrial gear.",
49-0000,49-2000.00,49-2090.00,49-2091.00,Avionics Technicians,Role,"Installation, Maintenance, and Repair Occupations","Electrical and Electronic Equipment Mechanics, Installers, and Repairers","Miscellaneous Electrical and Electronic Equipment Mechanics, Installers, and Repairers","Install, inspect, test, adjust, or repair avionics equipment, such as radar, radio, navigation, and missile control systems in aircraft or space vehicles.",
49-0000,49-2000.00,49-2090.00,49-2092.00,"Electric Motor, Power Tool, and Related Repairers",Role,"Installation, Maintenance, and Repair Occupations","Electrical and Electronic Equipment Mechanics, Installers, and Repairers","Miscellaneous Electrical and Electronic Equipment Mechanics, Installers, and Repairers","Repair, maintain, or install electric motors, wiring, or switches.",
49-0000,49-2000.00,49-2090.00,49-2093.00,"Electrical and Electronics Installers and Repairers, Transportation Equipment",Role,"Installation, Maintenance, and Repair Occupations","Electrical and Electronic Equipment Mechanics, Installers, and Repairers","Miscellaneous Electrical and Electronic Equipment Mechanics, Installers, and Repairers","Install, adjust, or maintain mobile electronics communication equipment, including sound, sonar, security, navigation, and surveillance systems on trains, watercraft, or other mobile equipment.",
49-0000,49-2000.00,49-2090.00,49-2094.00,"Electrical and Electronics Repairers, Commercial and Industrial Equipment",Role,"Installation, Maintenance, and Repair Occupations","Electrical and Electronic Equipment Mechanics, Installers, and Repairers","Miscellaneous Electrical and Electronic Equipment Mechanics, Installers, and Repairers","Repair, test, adjust, or install electronic equipment, such as industrial controls, transmitters, and antennas.",
49-0000,49-2000.00,49-2090.00,49-2095.00,"Electrical and Electronics Repairers, Powerhouse, Substation, and Relay",Role,"Installation, Maintenance, and Repair Occupations","Electrical and Electronic Equipment Mechanics, Installers, and Repairers","Miscellaneous Electrical and Electronic Equipment Mechanics, Installers, and Repairers","Inspect, test, repair, or maintain electrical equipment in generating stations, substations, and in-service relays.",
49-0000,49-2000.00,49-2090.00,49-2096.00,"Electronic Equipment Installers and Repairers, Motor Vehicles",Role,"Installation, Maintenance, and Repair Occupations","Electrical and Electronic Equipment Mechanics, Installers, and Repairers","Miscellaneous Electrical and Electronic Equipment Mechanics, Installers, and Repairers","Install, diagnose, or repair communications, sound, security, or navigation equipment in motor vehicles.",
49-0000,49-2000.00,49-2090.00,49-2097.00,Electronic Home Entertainment Equipment Installers and Repairers,Role,"Installation, Maintenance, and Repair Occupations","Electrical and Electronic Equipment Mechanics, Installers, and Repairers","Miscellaneous Electrical and Electronic Equipment Mechanics, Installers, and Repairers","Repair, adjust, or install audio or television receivers, stereo systems, camcorders, video systems, or other electronic home entertainment equipment.",
49-0000,49-2000.00,49-2090.00,49-2098.00,Security and Fire Alarm Systems Installers,Role,"Installation, Maintenance, and Repair Occupations","Electrical and Electronic Equipment Mechanics, Installers, and Repairers","Miscellaneous Electrical and Electronic Equipment Mechanics, Installers, and Repairers","Install, program, maintain, or repair security or fire alarm wiring and equipment. Ensure that work is in accordance with relevant codes.",
49-0000,49-3000.00,49-3000.00,49-3000.00,"Vehicle and Mobile Equipment Mechanics, Installers, and Repairers",Main,"Installation, Maintenance, and Repair Occupations",Minor Group,Minor Group,"This category includes workers who repair, maintain, and install various types of vehicles and mobile equipment, such as cars, trucks, motorcycles, aircraft, boats, and industrial equipment. They are responsible for diagnosing mechanical issues, performing repairs and replacements, conducting regular maintenance, and ensuring vehicles and equipment are in safe working condition.",
49-0000,49-3000.00,49-3010.00,49-3010.00,Aircraft Mechanics and Service Technicians,Titled,"Installation, Maintenance, and Repair Occupations","Vehicle and Mobile Equipment Mechanics, Installers, and Repairers",Broad Group,"Diagnose, adjust, repair, or overhaul aircraft engines and assemblies. Perform routine inspections, maintain logbooks, and comply with FAA regulations.",
49-0000,49-3000.00,49-3010.00,49-3011.00,Aircraft Mechanics and Service Technicians,Role,"Installation, Maintenance, and Repair Occupations","Vehicle and Mobile Equipment Mechanics, Installers, and Repairers",Aircraft Mechanics and Service Technicians,"Diagnose, adjust, repair, or overhaul aircraft engines and assemblies, such as hydraulic and pneumatic systems. Includes helicopter and aircraft engine specialists.",
49-0000,49-3000.00,49-3020.00,49-3020.00,Automotive Technicians and Repairers,Titled,"Installation, Maintenance, and Repair Occupations","Vehicle and Mobile Equipment Mechanics, Installers, and Repairers",Broad Group,"Inspect, maintain, and repair cars or light trucks. Diagnose problems using computerized equipment, replace parts, and test vehicles for performance and safety.",
49-0000,49-3000.00,49-3020.00,49-3021.00,Automotive Body and Related Repairers,Role,"Installation, Maintenance, and Repair Occupations","Vehicle and Mobile Equipment Mechanics, Installers, and Repairers",Automotive Technicians and Repairers,Repair and refinish automotive vehicle bodies and straighten vehicle frames.,
49-0000,49-3000.00,49-3020.00,49-3022.00,Automotive Glass Installers and Repairers,Role,"Installation, Maintenance, and Repair Occupations","Vehicle and Mobile Equipment Mechanics, Installers, and Repairers",Automotive Technicians and Repairers,Replace or repair broken windshields and window glass in motor vehicles.,
49-0000,49-3000.00,49-3020.00,49-3023.00,Automotive Service Technicians and Mechanics,Role,"Installation, Maintenance, and Repair Occupations","Vehicle and Mobile Equipment Mechanics, Installers, and Repairers",Automotive Technicians and Repairers,"Diagnose, adjust, repair, or overhaul automotive vehicles.",
49-0000,49-3000.00,49-3020.00,49-3023.01,Automotive Master Mechanics,Role,"Installation, Maintenance, and Repair Occupations","Vehicle and Mobile Equipment Mechanics, Installers, and Repairers",Automotive Technicians and Repairers,"Repair automobiles, trucks, buses, and other vehicles. Master mechanics repair virtually any part on the vehicle or specialize in the transmission system.",
49-0000,49-3000.00,49-3020.00,49-3023.02,Automotive Specialty Technicians,Role,"Installation, Maintenance, and Repair Occupations","Vehicle and Mobile Equipment Mechanics, Installers, and Repairers",Automotive Technicians and Repairers,"Repair only one system or component on a vehicle, such as brakes, suspension, or radiator.",
49-0000,49-3000.00,49-3030.00,49-3030.00,Bus and Truck Mechanics and Diesel Engine Specialists,Titled,"Installation, Maintenance, and Repair Occupations","Vehicle and Mobile Equipment Mechanics, Installers, and Repairers",Broad Group,"Repair and maintain buses, trucks, or other diesel-powered vehicles. Perform engine diagnostics, replace faulty components, and ensure vehicles meet regulations.",
49-0000,49-3000.00,49-3030.00,49-3031.00,Bus and Truck Mechanics and Diesel Engine Specialists,Role,"Installation, Maintenance, and Repair Occupations","Vehicle and Mobile Equipment Mechanics, Installers, and Repairers",Bus and Truck Mechanics and Diesel Engine Specialists,"Diagnose, adjust, repair, or overhaul buses and trucks, or maintain and repair any type of diesel engines. Includes mechanics working primarily with automobile or marine diesel engines.",
49-0000,49-3000.00,49-3040.00,49-3040.00,Heavy Vehicle and Mobile Equipment Service Technicians and Mechanics,Titled,"Installation, Maintenance, and Repair Occupations","Vehicle and Mobile Equipment Mechanics, Installers, and Repairers",Broad Group,"Service and repair heavy machinery used in construction, farming, or rail transport. Troubleshoot mechanical or electrical issues, replace parts, and confirm safe operation.",
49-0000,49-3000.00,49-3040.00,49-3041.00,Farm Equipment Mechanics and Service Technicians,Role,"Installation, Maintenance, and Repair Occupations","Vehicle and Mobile Equipment Mechanics, Installers, and Repairers",Heavy Vehicle and Mobile Equipment Service Technicians and Mechanics,"Diagnose, adjust, repair, or overhaul farm machinery and vehicles, such as tractors, harvesters, dairy equipment, and irrigation systems.",
49-0000,49-3000.00,49-3040.00,49-3042.00,"Mobile Heavy Equipment Mechanics, Except Engines",Role,"Installation, Maintenance, and Repair Occupations","Vehicle and Mobile Equipment Mechanics, Installers, and Repairers",Heavy Vehicle and Mobile Equipment Service Technicians and Mechanics,"Diagnose, adjust, repair, or overhaul mobile mechanical, hydraulic, and pneumatic equipment, such as cranes, bulldozers, graders, and conveyors, used in construction, logging, and surface mining.",
49-0000,49-3000.00,49-3040.00,49-3043.00,Rail Car Repairers,Role,"Installation, Maintenance, and Repair Occupations","Vehicle and Mobile Equipment Mechanics, Installers, and Repairers",Heavy Vehicle and Mobile Equipment Service Technicians and Mechanics,"Diagnose, adjust, repair, or overhaul railroad rolling stock, mine cars, or mass transit rail cars.",
49-0000,49-3000.00,49-3050.00,49-3050.00,Small Engine Mechanics,Titled,"Installation, Maintenance, and Repair Occupations","Vehicle and Mobile Equipment Mechanics, Installers, and Repairers",Broad Group,"Repair and service engines in lawnmowers, motorcycles, motorboats, or other small engine equipment. Identify problems, test, and replace worn parts.",
49-0000,49-3000.00,49-3050.00,49-3051.00,Motorboat Mechanics and Service Technicians,Role,"Installation, Maintenance, and Repair Occupations","Vehicle and Mobile Equipment Mechanics, Installers, and Repairers",Small Engine Mechanics,Repair and adjust electrical and mechanical equipment of inboard or inboard-outboard boat engines.,
49-0000,49-3000.00,49-3050.00,49-3052.00,Motorcycle Mechanics,Role,"Installation, Maintenance, and Repair Occupations","Vehicle and Mobile Equipment Mechanics, Installers, and Repairers",Small Engine Mechanics,"Diagnose, adjust, repair, or overhaul motorcycles, scooters, mopeds, dirt bikes, or similar motorized vehicles.",
49-0000,49-3000.00,49-3050.00,49-3053.00,Outdoor Power Equipment and Other Small Engine Mechanics,Role,"Installation, Maintenance, and Repair Occupations","Vehicle and Mobile Equipment Mechanics, Installers, and Repairers",Small Engine Mechanics,"Diagnose, adjust, repair, or overhaul small engines used to power lawn mowers, chain saws, recreational sporting equipment and related equipment.",
49-0000,49-3000.00,49-3090.00,49-3090.00,"Miscellaneous Vehicle and Mobile Equipment Mechanics, Installers, and Repairers",Titled,"Installation, Maintenance, and Repair Occupations","Vehicle and Mobile Equipment Mechanics, Installers, and Repairers",Broad Group,"Handle vehicle or mobile equipment maintenance tasks not included under other categories. May service specialized machinery, like locomotives or farm equipment.",
49-0000,49-3000.00,49-3090.00,49-3091.00,Bicycle Repairers,Role,"Installation, Maintenance, and Repair Occupations","Vehicle and Mobile Equipment Mechanics, Installers, and Repairers","Miscellaneous Vehicle and Mobile Equipment Mechanics, Installers, and Repairers",Repair and service bicycles.,
49-0000,49-3000.00,49-3090.00,49-3092.00,Recreational Vehicle Service Technicians,Role,"Installation, Maintenance, and Repair Occupations","Vehicle and Mobile Equipment Mechanics, Installers, and Repairers","Miscellaneous Vehicle and Mobile Equipment Mechanics, Installers, and Repairers","Diagnose, inspect, adjust, repair, or overhaul recreational vehicles including travel trailers. May specialize in maintaining gas, electrical, hydraulic, plumbing, or chassis/towing systems as well as repairing generators, appliances, and interior components. Includes workers who perform customized van conversions.",
49-0000,49-3000.00,49-3090.00,49-3093.00,Tire Repairers and Changers,Role,"Installation, Maintenance, and Repair Occupations","Vehicle and Mobile Equipment Mechanics, Installers, and Repairers","Miscellaneous Vehicle and Mobile Equipment Mechanics, Installers, and Repairers",Repair and replace tires.,
49-0000,49-9000.00,49-9000.00,49-9000.00,"Other Installation, Maintenance, and Repair Occupations",Main,"Installation, Maintenance, and Repair Occupations",Minor Group,Minor Group,"This category includes a wide range of workers involved in installation, maintenance, and repair activities across various industries. It encompasses occupations that are not classified under more specific categories but still contribute to the maintenance and functioning of equipment, machinery, and infrastructure. Examples of occupations in this category may include industrial machinery mechanics, commercial divers, signal and track switch repairers, and locksmiths.",
49-0000,49-9000.00,49-9010.00,49-9010.00,Control and Valve Installers and Repairers,Titled,"Installation, Maintenance, and Repair Occupations","Other Installation, Maintenance, and Repair Occupations",Broad Group,"Install or repair mechanical regulating devices like valves, governors, or traps that control flow of gases or liquids in pipelines or mains.",
49-0000,49-9000.00,49-9010.00,49-9011.00,Mechanical Door Repairers,Role,"Installation, Maintenance, and Repair Occupations","Other Installation, Maintenance, and Repair Occupations",Control and Valve Installers and Repairers,"Install, service, or repair automatic door mechanisms and hydraulic doors. Includes garage door mechanics.",
49-0000,49-9000.00,49-9010.00,49-9012.00,"Control and Valve Installers and Repairers, Except Mechanical Door",Role,"Installation, Maintenance, and Repair Occupations","Other Installation, Maintenance, and Repair Occupations",Control and Valve Installers and Repairers,"Install, repair, and maintain mechanical regulating and controlling devices, such as electric meters, gas regulators, thermostats, safety and flow valves, and other mechanical governors.",
49-0000,49-9000.00,49-9020.00,49-9020.00,"Heating, Air Conditioning, and Refrigeration Mechanics and Installers",Titled,"Installation, Maintenance, and Repair Occupations","Other Installation, Maintenance, and Repair Occupations",Broad Group,"Install, maintain, and repair heating, ventilation, air conditioning, and refrigeration systems. Test for leaks, connect wiring, and comply with HVAC codes.",
49-0000,49-9000.00,49-9020.00,49-9021.00,"Heating, Air Conditioning, and Refrigeration Mechanics and Installers",Role,"Installation, Maintenance, and Repair Occupations","Other Installation, Maintenance, and Repair Occupations","Heating, Air Conditioning, and Refrigeration Mechanics and Installers","Install or repair heating, central air conditioning, or refrigeration systems, including oil burners, hot-air furnaces, and heating stoves.",
49-0000,49-9000.00,49-9020.00,49-9021.01,Heating and Air Conditioning Mechanics and Installers,Role,"Installation, Maintenance, and Repair Occupations","Other Installation, Maintenance, and Repair Occupations","Heating, Air Conditioning, and Refrigeration Mechanics and Installers","Install, service, or repair heating and air conditioning systems in residences or commercial establishments.",
49-0000,49-9000.00,49-9020.00,49-9021.02,Refrigeration Mechanics and Installers,Role,"Installation, Maintenance, and Repair Occupations","Other Installation, Maintenance, and Repair Occupations","Heating, Air Conditioning, and Refrigeration Mechanics and Installers",Install and repair industrial and commercial refrigerating systems.,
49-0000,49-9000.00,49-9030.00,49-9030.00,Home Appliance Repairers,Titled,"Installation, Maintenance, and Repair Occupations","Other Installation, Maintenance, and Repair Occupations",Broad Group,"Diagnose and fix problems with household appliances—like washers, ovens, or refrigerators. Disassemble units, replace parts, and reassemble to working condition.",
49-0000,49-9000.00,49-9030.00,49-9031.00,Home Appliance Repairers,Role,"Installation, Maintenance, and Repair Occupations","Other Installation, Maintenance, and Repair Occupations",Home Appliance Repairers,"Repair, adjust, or install all types of electric or gas household appliances, such as refrigerators, washers, dryers, and ovens.",
49-0000,49-9000.00,49-9040.00,49-9040.00,"Industrial Machinery Installation, Repair, and Maintenance Workers",Titled,"Installation, Maintenance, and Repair Occupations","Other Installation, Maintenance, and Repair Occupations",Broad Group,"Maintain and repair factory equipment or industrial machinery. Perform preventative maintenance, troubleshoot failures, and ensure machinery is safe and efficient.",
49-0000,49-9000.00,49-9040.00,49-9041.00,Industrial Machinery Mechanics,Role,"Installation, Maintenance, and Repair Occupations","Other Installation, Maintenance, and Repair Occupations","Industrial Machinery Installation, Repair, and Maintenance Workers","Repair, install, adjust, or maintain industrial production and processing machinery or refinery and pipeline distribution systems.",
49-0000,49-9000.00,49-9040.00,49-9043.00,"Maintenance Workers, Machinery",Role,"Installation, Maintenance, and Repair Occupations","Other Installation, Maintenance, and Repair Occupations","Industrial Machinery Installation, Repair, and Maintenance Workers","Lubricate machinery, change parts, or perform other routine machinery maintenance.",
49-0000,49-9000.00,49-9040.00,49-9044.00,Millwrights,Role,"Installation, Maintenance, and Repair Occupations","Other Installation, Maintenance, and Repair Occupations","Industrial Machinery Installation, Repair, and Maintenance Workers","Install, dismantle, or move machinery and heavy equipment according to layout plans, blueprints, or other drawings.",
49-0000,49-9000.00,49-9040.00,49-9045.00,"Refractory Materials Repairers, Except Brickmasons",Role,"Installation, Maintenance, and Repair Occupations","Other Installation, Maintenance, and Repair Occupations","Industrial Machinery Installation, Repair, and Maintenance Workers","Build or repair equipment such as furnaces, kilns, cupolas, boilers, converters, ladles, soaking pits and ovens, using refractory materials.",
49-0000,49-9000.00,49-9050.00,49-9050.00,Line Installers and Repairers,Titled,"Installation, Maintenance, and Repair Occupations","Other Installation, Maintenance, and Repair Occupations",Broad Group,"Install and maintain electrical, telecommunications, or cable lines. Climb poles, use testing equipment, and ensure continuity of service.",
49-0000,49-9000.00,49-9050.00,49-9051.00,Electrical Power-Line Installers and Repairers,Role,"Installation, Maintenance, and Repair Occupations","Other Installation, Maintenance, and Repair Occupations",Line Installers and Repairers,Install or repair cables or wires used in electrical power or distribution systems. May erect poles and light or heavy duty transmission towers.,
49-0000,49-9000.00,49-9050.00,49-9052.00,Telecommunications Line Installers and Repairers,Role,"Installation, Maintenance, and Repair Occupations","Other Installation, Maintenance, and Repair Occupations",Line Installers and Repairers,"Install and repair telecommunications cable, including fiber optics.",
49-0000,49-9000.00,49-9060.00,49-9060.00,Precision Instrument and Equipment Repairers,Titled,"Installation, Maintenance, and Repair Occupations","Other Installation, Maintenance, and Repair Occupations",Broad Group,"Calibrate, maintain, or repair specialized instruments like musical devices, medical equipment, or watch components. May use microscopes or other detailed precision tools.",
49-0000,49-9000.00,49-9060.00,49-9061.00,Camera and Photographic Equipment Repairers,Role,"Installation, Maintenance, and Repair Occupations","Other Installation, Maintenance, and Repair Occupations",Precision Instrument and Equipment Repairers,"Repair and adjust cameras and photographic equipment, including commercial video and motion picture camera equipment.",
49-0000,49-9000.00,49-9060.00,49-9062.00,Medical Equipment Repairers,Role,"Installation, Maintenance, and Repair Occupations","Other Installation, Maintenance, and Repair Occupations",Precision Instrument and Equipment Repairers,"Test, adjust, or repair biomedical or electromedical equipment.",
49-0000,49-9000.00,49-9060.00,49-9063.00,Musical Instrument Repairers and Tuners,Role,"Installation, Maintenance, and Repair Occupations","Other Installation, Maintenance, and Repair Occupations",Precision Instrument and Equipment Repairers,"Repair percussion, stringed, reed, or wind instruments. May specialize in one area, such as piano tuning.",
49-0000,49-9000.00,49-9060.00,49-9064.00,Watch Repairers,Role,"Installation, Maintenance, and Repair Occupations","Other Installation, Maintenance, and Repair Occupations",Precision Instrument and Equipment Repairers,"Repair, clean, and adjust mechanisms of timing instruments, such as watches and clocks. Includes watchmakers, watch technicians, and mechanical timepiece repairers.",
49-0000,49-9000.00,49-9060.00,49-9069.00,"Precision Instrument and Equipment Repairers, All Other",Role,"Installation, Maintenance, and Repair Occupations","Other Installation, Maintenance, and Repair Occupations",Precision Instrument and Equipment Repairers,All precision instrument and equipment repairers not listed separately.,
49-0000,49-9000.00,49-9070.00,49-9070.00,"Maintenance and Repair Workers, General",Titled,"Installation, Maintenance, and Repair Occupations","Other Installation, Maintenance, and Repair Occupations",Broad Group,"Keep machines, mechanical equipment, or buildings in good working order. Perform minor electrical or plumbing repairs, basic carpentry, and routine facility maintenance.",
49-0000,49-9000.00,49-9070.00,49-9071.00,"Maintenance and Repair Workers, General",Role,"Installation, Maintenance, and Repair Occupations","Other Installation, Maintenance, and Repair Occupations","Maintenance and Repair Workers, General","Perform work involving the skills of two or more maintenance or craft occupations to keep machines, mechanical equipment, or the structure of an establishment in repair. Duties may involve pipe fitting; boiler making; insulating; welding; machining; carpentry; repairing electrical or mechanical equipment; installing, aligning, and balancing new equipment; and repairing buildings, floors, or stairs.",
49-0000,49-9000.00,49-9080.00,49-9080.00,Wind Turbine Service Technicians,Titled,"Installation, Maintenance, and Repair Occupations","Other Installation, Maintenance, and Repair Occupations",Broad Group,"Inspect, diagnose, and repair wind turbines. Climb turbine towers, troubleshoot electrical or mechanical failures, and ensure safety protocols are followed.",
49-0000,49-9000.00,49-9080.00,49-9081.00,Wind Turbine Service Technicians,Role,"Installation, Maintenance, and Repair Occupations","Other Installation, Maintenance, and Repair Occupations",Wind Turbine Service Technicians,"Inspect, diagnose, adjust, or repair wind turbines. Perform maintenance on wind turbine equipment including resolving electrical, mechanical, and hydraulic malfunctions.",
49-0000,49-9000.00,49-9090.00,49-9090.00,"Miscellaneous Installation, Maintenance, and Repair Workers",Titled,"Installation, Maintenance, and Repair Occupations","Other Installation, Maintenance, and Repair Occupations",Broad Group,"Perform installation or repair tasks not falling under standard categories, possibly including locksmiths, riggers, or maintenance workers in specialized environments.",
49-0000,49-9000.00,49-9090.00,49-9091.00,"Coin, Vending, and Amusement Machine Servicers and Repairers",Role,"Installation, Maintenance, and Repair Occupations","Other Installation, Maintenance, and Repair Occupations","Miscellaneous Installation, Maintenance, and Repair Workers","Install, service, adjust, or repair coin, vending, or amusement machines including video games, juke boxes, pinball machines, or slot machines.",
49-0000,49-9000.00,49-9090.00,49-9092.00,Commercial Divers,Role,"Installation, Maintenance, and Repair Occupations","Other Installation, Maintenance, and Repair Occupations","Miscellaneous Installation, Maintenance, and Repair Workers","Work below surface of water, using scuba gear to inspect, repair, remove, or install equipment and structures. May use a variety of power and hand tools, such as drills, sledgehammers, torches, and welding equipment. May conduct tests or experiments, rig explosives, or photograph structures or marine life.",
49-0000,49-9000.00,49-9090.00,49-9093.00,"Fabric Menders, Except Garment",Role,"Installation, Maintenance, and Repair Occupations","Other Installation, Maintenance, and Repair Occupations","Miscellaneous Installation, Maintenance, and Repair Workers","Repair tears, holes, and other defects in fabrics, such as draperies, linens, parachutes, and tents.",
49-0000,49-9000.00,49-9090.00,49-9094.00,Locksmiths and Safe Repairers,Role,"Installation, Maintenance, and Repair Occupations","Other Installation, Maintenance, and Repair Occupations","Miscellaneous Installation, Maintenance, and Repair Workers",Repair and open locks; make keys; change locks and safe combinations; and install and repair safes.,
49-0000,49-9000.00,49-9090.00,49-9095.00,Manufactured Building and Mobile Home Installers,Role,"Installation, Maintenance, and Repair Occupations","Other Installation, Maintenance, and Repair Occupations","Miscellaneous Installation, Maintenance, and Repair Workers",Move or install mobile homes or prefabricated buildings.,
49-0000,49-9000.00,49-9090.00,49-9096.00,Riggers,Role,"Installation, Maintenance, and Repair Occupations","Other Installation, Maintenance, and Repair Occupations","Miscellaneous Installation, Maintenance, and Repair Workers","Set up or repair rigging for construction projects, manufacturing plants, logging yards, ships and shipyards, or for the entertainment industry.",
49-0000,49-9000.00,49-9090.00,49-9097.00,Signal and Track Switch Repairers,Role,"Installation, Maintenance, and Repair Occupations","Other Installation, Maintenance, and Repair Occupations","Miscellaneous Installation, Maintenance, and Repair Workers","Install, inspect, test, maintain, or repair electric gate crossings, signals, signal equipment, track switches, section lines, or intercommunications systems within a railroad system.",
49-0000,49-9000.00,49-9090.00,49-9098.00,"Helpers--Installation, Maintenance, and Repair Workers",Role,"Installation, Maintenance, and Repair Occupations","Other Installation, Maintenance, and Repair Occupations","Miscellaneous Installation, Maintenance, and Repair Workers","Help installation, maintenance, and repair workers in maintenance, parts replacement, and repair of vehicles, industrial machinery, and electrical and electronic equipment. Perform duties such as furnishing tools, materials, and supplies to other workers; cleaning work area, machines, and tools; and holding materials or tools for other workers.",
49-0000,49-9000.00,49-9090.00,49-9099.00,"Installation, Maintenance, and Repair Workers, All Other",Role,"Installation, Maintenance, and Repair Occupations","Other Installation, Maintenance, and Repair Occupations","Miscellaneous Installation, Maintenance, and Repair Workers","All installation, maintenance, and repair workers not listed separately.",
49-0000,49-9000.00,49-9090.00,49-9099.01,Geothermal Technicians,Role,"Installation, Maintenance, and Repair Occupations","Other Installation, Maintenance, and Repair Occupations","Miscellaneous Installation, Maintenance, and Repair Workers","Perform technical activities at power plants or individual installations necessary for the generation of power from geothermal energy sources. Monitor and control operating activities at geothermal power generation facilities and perform maintenance and repairs as necessary. Install, test, and maintain residential and commercial geothermal heat pumps.",
51-0000,51-0000.00,51-0000.00,51-0000.00,Production Occupations,Major,Major Group,Major Group,Major Group,"Involve manufacturing and processing goods. Workers operate machinery, assemble products, inspect output, and ensure quality in industries such as food processing, metal fabrication, and electronics.",
51-0000,51-1000.00,51-1000.00,51-1000.00,Supervisors of Production Workers,Main,Production Occupations,Minor Group,Minor Group,"This category includes supervisors who oversee and coordinate the activities of production workers in various industries. They are responsible for ensuring the efficient operation of production processes, maintaining quality standards, and managing the workforce. Supervisors in this category may work in manufacturing plants, factories, or production facilities across different sectors.",
51-0000,51-1000.00,51-1010.00,51-1010.00,First-Line Supervisors of Production and Operating Workers,Titled,Production Occupations,Supervisors of Production Workers,Broad Group,"Oversee and coordinate the operations of production workers in manufacturing plants. Schedule tasks, monitor workflow, and meet production goals.",
51-0000,51-1000.00,51-1010.00,51-1011.00,First-Line Supervisors of Production and Operating Workers,Role,Production Occupations,Supervisors of Production Workers,First-Line Supervisors of Production and Operating Workers,"Directly supervise and coordinate the activities of production and operating workers, such as inspectors, precision workers, machine setters and operators, assemblers, fabricators, and plant and system operators.",
51-0000,51-2000.00,51-2000.00,51-2000,Assemblers and Fabricators,Main,Production Occupations,Minor Group,Minor Group,"Assemblers and Fabricators are responsible for assembling and constructing various products and components. They work in industries such as manufacturing, electronics, automotive, and aerospace, where they use tools, machines, and manual labor to assemble parts, perform quality control, and ensure products meet specifications.",
51-0000,51-2000.00,51-2010.00,51-2010.00,"Aircraft Structure, Surfaces, Rigging, and Systems Assemblers",Titled,Production Occupations,Assemblers and Fabricators,Broad Group,"Assemble, fit, and install parts of aircraft frames, control systems, or surfaces. Use hand tools, read blueprints, and inspect finished components for accuracy.",
51-0000,51-2000.00,51-2010.00,51-2011.00,"Aircraft Structure, Surfaces, Rigging, and Systems Assemblers",Role,Production Occupations,Assemblers and Fabricators,"Aircraft Structure, Surfaces, Rigging, and Systems Assemblers","Assemble, fit, fasten, and install parts of airplanes, space vehicles, or missiles, such as tails, wings, fuselage, bulkheads, stabilizers, landing gear, rigging and control equipment, or heating and ventilating systems.",
51-0000,51-2000.00,51-2020.00,51-2020.00,"Electrical, Electronics, and Electromechanical Assemblers",Titled,Production Occupations,Assemblers and Fabricators,Broad Group,"Assemble or modify electrical or electronic equipment. May connect wires, mount components, or solder parts onto circuit boards.",
51-0000,51-2000.00,51-2020.00,51-2021.00,"Coil Winders, Tapers, and Finishers",Role,Production Occupations,Assemblers and Fabricators,"Electrical, Electronics, and Electromechanical Assemblers","Wind wire coils used in electrical components, such as resistors and transformers, and in electrical equipment and instruments, such as field cores, bobbins, armature cores, electrical motors, generators, and control equipment.",
51-0000,51-2000.00,51-2020.00,51-2022.00,Electrical and Electronic Equipment Assemblers,Role,Production Occupations,Assemblers and Fabricators,"Electrical, Electronics, and Electromechanical Assemblers","Assemble or modify electrical or electronic equipment, such as computers, test equipment telemetering systems, electric motors, and batteries.",
51-0000,51-2000.00,51-2020.00,51-2023.00,Electromechanical Equipment Assemblers,Role,Production Occupations,Assemblers and Fabricators,"Electrical, Electronics, and Electromechanical Assemblers","Assemble or modify electromechanical equipment or devices, such as servomechanisms, gyros, dynamometers, magnetic drums, tape drives, brakes, control linkage, actuators, and appliances.",
51-0000,51-2000.00,51-2030.00,51-2030.00,Engine and Other Machine Assemblers,Titled,Production Occupations,Assemblers and Fabricators,Broad Group,"Construct, fit, or assemble engines or machinery for vehicles, generators, or industrial equipment. Follow technical diagrams and test final products.",
51-0000,51-2000.00,51-2030.00,51-2031.00,Engine and Other Machine Assemblers,Role,Production Occupations,Assemblers and Fabricators,Engine and Other Machine Assemblers,"Construct, assemble, or rebuild machines, such as engines, turbines, and similar equipment used in such industries as construction, extraction, textiles, and paper manufacturing.",
51-0000,51-2000.00,51-2040.00,51-2040.00,Structural Metal Fabricators and Fitters,Titled,Production Occupations,Assemblers and Fabricators,Broad Group,"Fabricate, position, align, and fit metal parts to form structural frameworks. Weld, bolt, or rivet sections, and measure for accuracy.",
51-0000,51-2000.00,51-2040.00,51-2041.00,Structural Metal Fabricators and Fitters,Role,Production Occupations,Assemblers and Fabricators,Structural Metal Fabricators and Fitters,"Fabricate, position, align, and fit parts of structural metal products.",
51-0000,51-2000.00,51-2090.00,51-2090.00,Miscellaneous Assemblers and Fabricators,Titled,Production Occupations,Assemblers and Fabricators,Broad Group,Combine parts or pieces to form products in manufacturing not categorized under other assembler/fabricator roles. May involve operating machines or using hand tools.,
51-0000,51-2000.00,51-2090.00,51-2091.00,Fiberglass Laminators and Fabricators,Role,Production Occupations,Assemblers and Fabricators,Miscellaneous Assemblers and Fabricators,"Laminate layers of fiberglass on molds to form boat decks and hulls, bodies for golf carts, automobiles, or other products.",
51-0000,51-2000.00,51-2090.00,51-2092.00,Team Assemblers,Role,Production Occupations,Assemblers and Fabricators,Miscellaneous Assemblers and Fabricators,Work as part of a team having responsibility for assembling an entire product or component of a product. Team assemblers can perform all tasks conducted by the team in the assembly process and rotate through all or most of them rather than being assigned to a specific task on a permanent basis. May participate in making management decisions affecting the work. Includes team leaders who work as part of the team.,
51-0000,51-2000.00,51-2090.00,51-2093.00,Timing Device Assemblers and Adjusters,Role,Production Occupations,Assemblers and Fabricators,Miscellaneous Assemblers and Fabricators,"Perform precision assembling, adjusting, or calibrating, within narrow tolerances, of timing devices such as digital clocks or timing devices with electrical or electronic components.",
51-0000,51-2000.00,51-2090.00,51-2099.00,"Assemblers and Fabricators, All Other",Role,Production Occupations,Assemblers and Fabricators,Miscellaneous Assemblers and Fabricators,All assemblers and fabricators not listed separately.,
51-0000,51-3000.00,51-3000.00,51-3000.00,Food Processing Workers,Main,Production Occupations,Minor Group,Minor Group,"Food Processing Workers are involved in various tasks related to the processing, packaging, and preparation of food products. They work in food processing plants, factories, and facilities where they handle ingredients, operate machinery, monitor production processes, and ensure food safety and quality standards are met.",
51-0000,51-3000.00,51-3010.00,51-3010.00,Bakers,Titled,Production Occupations,Food Processing Workers,Broad Group,"Mix and prepare dough, shape and bake bread, pastries, or other baked goods. Adhere to recipes, maintain cleanliness, and meet food safety standards.",
51-0000,51-3000.00,51-3010.00,51-3011.00,Bakers,Role,Production Occupations,Food Processing Workers,Bakers,"Mix and bake ingredients to produce breads, rolls, cookies, cakes, pies, pastries, or other baked goods.",
51-0000,51-3000.00,51-3020.00,51-3020.00,"Butchers and Other Meat, Poultry, and Fish Processing Workers",Titled,Production Occupations,Food Processing Workers,Broad Group,"Slaughter, cut, trim, or prepare meat for sale or further processing. Follow sanitation standards and use specialized cutting equipment.",
51-0000,51-3000.00,51-3020.00,51-3021.00,Butchers and Meat Cutters,Role,Production Occupations,Food Processing Workers,"Butchers and Other Meat, Poultry, and Fish Processing Workers","Cut, trim, or prepare consumer-sized portions of meat for use or sale in retail establishments.",
51-0000,51-3000.00,51-3020.00,51-3022.00,"Meat, Poultry, and Fish Cutters and Trimmers",Role,Production Occupations,Food Processing Workers,"Butchers and Other Meat, Poultry, and Fish Processing Workers","Use hand or hand tools to perform routine cutting and trimming of meat, poultry, and seafood.",
51-0000,51-3000.00,51-3020.00,51-3023.00,Slaughterers and Meat Packers,Role,Production Occupations,Food Processing Workers,"Butchers and Other Meat, Poultry, and Fish Processing Workers","Work in slaughtering, meat packing, or wholesale establishments performing precision functions involving the preparation of meat. Work may include specialized slaughtering tasks, cutting standard or premium cuts of meat for marketing, making sausage, or wrapping meats.",
51-0000,51-3000.00,51-3090.00,51-3090.00,Miscellaneous Food Processing Workers,Titled,Production Occupations,Food Processing Workers,Broad Group,"Perform food processing tasks not classified under other specific occupations. May include dehydrating, canning, or specialized packaging.",
51-0000,51-3000.00,51-3090.00,51-3091.00,"Food and Tobacco Roasting, Baking, and Drying Machine Operators and Tenders",Role,Production Occupations,Food Processing Workers,Miscellaneous Food Processing Workers,"Operate or tend food or tobacco roasting, baking, or drying equipment, including hearth ovens, kiln driers, roasters, char kilns, and vacuum drying equipment.",
51-0000,51-3000.00,51-3090.00,51-3092.00,Food Batchmakers,Role,Production Occupations,Food Processing Workers,Miscellaneous Food Processing Workers,Set up and operate equipment that mixes or blends ingredients used in the manufacturing of food products. Includes candy makers and cheese makers.,
51-0000,51-3000.00,51-3090.00,51-3093.00,Food Cooking Machine Operators and Tenders,Role,Production Occupations,Food Processing Workers,Miscellaneous Food Processing Workers,"Operate or tend cooking equipment, such as steam cooking vats, deep fry cookers, pressure cookers, kettles, and boilers, to prepare food products.",
51-0000,51-3000.00,51-3090.00,51-3099.00,"Food Processing Workers, All Other",Role,Production Occupations,Food Processing Workers,Miscellaneous Food Processing Workers,All food processing workers not listed separately.,
51-0000,51-4000.00,51-4000.00,51-4000.00,Metal Workers and Plastic Workers,Main,Production Occupations,Minor Group,Minor Group,"Metal Workers and Plastic Workers include a range of occupations involved in working with metal and plastic materials. This category encompasses various roles such as metal fabricators, welders, machinists, tool and die makers, plastic molders, and extrusion operators. These workers use specialized tools, machines, and techniques to shape, join, and finish metal and plastic materials for various applications in industries such as manufacturing, construction, and automotive.",
51-0000,51-4000.00,51-4010.00,51-4010.00,Computer Control Programmers and Operators,Titled,Production Occupations,Metal Workers and Plastic Workers,Broad Group,Develop or operate computer-controlled machines or robots to perform machining or processing tasks on metal or plastic. Troubleshoot code or mechanical issues.,
51-0000,51-4000.00,51-4010.00,51-4011.00,"Computer-Controlled Machine Tool Operators, Metal and Plastic",Role,Production Occupations,Metal Workers and Plastic Workers,Computer Control Programmers and Operators,Operate computer-controlled machines or robots to perform one or more machine functions on metal or plastic work pieces.,
51-0000,51-4000.00,51-4010.00,51-4012.00,"Computer Numerically Controlled Machine Tool Programmers, Metal and Plastic",Role,Production Occupations,Metal Workers and Plastic Workers,Computer Control Programmers and Operators,"Develop programs to control machining or processing of metal or plastic parts by automatic machine tools, equipment, or systems.",
51-0000,51-4000.00,51-4020.00,51-4020.00,"Forming Machine Setters, Operators, and Tenders, Metal and Plastic",Titled,Production Occupations,Metal Workers and Plastic Workers,Broad Group,"Operate or set up machines that shape or form metal or plastic materials. Monitor processes, adjust speeds, and inspect finished parts for compliance.",
51-0000,51-4000.00,51-4020.00,51-4021.00,"Extruding and Drawing Machine Setters, Operators, and Tenders, Metal and Plastic",Role,Production Occupations,Metal Workers and Plastic Workers,"Forming Machine Setters, Operators, and Tenders, Metal and Plastic","Set up, operate, or tend machines to extrude or draw thermoplastic or metal materials into tubes, rods, hoses, wire, bars, or structural shapes.",
51-0000,51-4000.00,51-4020.00,51-4022.00,"Forging Machine Setters, Operators, and Tenders, Metal and Plastic",Role,Production Occupations,Metal Workers and Plastic Workers,"Forming Machine Setters, Operators, and Tenders, Metal and Plastic","Set up, operate, or tend forging machines to taper, shape, or form metal or plastic parts.",
51-0000,51-4000.00,51-4020.00,51-4023.00,"Rolling Machine Setters, Operators, and Tenders, Metal and Plastic",Role,Production Occupations,Metal Workers and Plastic Workers,"Forming Machine Setters, Operators, and Tenders, Metal and Plastic","Set up, operate, or tend machines to roll steel or plastic forming bends, beads, knurls, rolls, or plate or to flatten, temper, or reduce gauge of material.",
51-0000,51-4000.00,51-4030.00,51-4030.00,"Machine Tool Cutting Setters, Operators, and Tenders, Metal and Plastic",Titled,Production Occupations,Metal Workers and Plastic Workers,Broad Group,"Set up or operate machine tools like lathes, milling machines, or grinders to shape metal or plastic parts. Inspect products for precision and follow safety guidelines.",
51-0000,51-4000.00,51-4030.00,51-4031.00,"Cutting, Punching, and Press Machine Setters, Operators, and Tenders, Metal and Plastic",Role,Production Occupations,Metal Workers and Plastic Workers,"Machine Tool Cutting Setters, Operators, and Tenders, Metal and Plastic","Set up, operate, or tend machines to saw, cut, shear, slit, punch, crimp, notch, bend, or straighten metal or plastic material.",
51-0000,51-4000.00,51-4030.00,51-4032.00,"Drilling and Boring Machine Tool Setters, Operators, and Tenders, Metal and Plastic",Role,Production Occupations,Metal Workers and Plastic Workers,"Machine Tool Cutting Setters, Operators, and Tenders, Metal and Plastic","Set up, operate, or tend drilling machines to drill, bore, ream, mill, or countersink metal or plastic work pieces.",
51-0000,51-4000.00,51-4030.00,51-4033.00,"Grinding, Lapping, Polishing, and Buffing Machine Tool Setters, Operators, and Tenders, Metal and Plastic",Role,Production Occupations,Metal Workers and Plastic Workers,"Machine Tool Cutting Setters, Operators, and Tenders, Metal and Plastic","Set up, operate, or tend grinding and related tools that remove excess material or burrs from surfaces, sharpen edges or corners, or buff, hone, or polish metal or plastic work pieces.",
51-0000,51-4000.00,51-4030.00,51-4034.00,"Lathe and Turning Machine Tool Setters, Operators, and Tenders, Metal and Plastic",Role,Production Occupations,Metal Workers and Plastic Workers,"Machine Tool Cutting Setters, Operators, and Tenders, Metal and Plastic","Set up, operate, or tend lathe and turning machines to turn, bore, thread, form, or face metal or plastic materials, such as wire, rod, or bar stock.",
51-0000,51-4000.00,51-4030.00,51-4035.00,"Milling and Planing Machine Setters, Operators, and Tenders, Metal and Plastic",Role,Production Occupations,Metal Workers and Plastic Workers,"Machine Tool Cutting Setters, Operators, and Tenders, Metal and Plastic","Set up, operate, or tend milling or planing machines to mill, plane, shape, groove, or profile metal or plastic work pieces.",
51-0000,51-4000.00,51-4040.00,51-4040.00,Machinists,Titled,Production Occupations,Metal Workers and Plastic Workers,Broad Group,"Set up and operate a variety of machine tools to produce precision parts. Interpret blueprints, measure tolerances, and maintain equipment.",
51-0000,51-4000.00,51-4040.00,51-4041.00,Machinists,Role,Production Occupations,Metal Workers and Plastic Workers,Machinists,"Set up and operate a variety of machine tools to produce precision parts and instruments. Includes precision instrument makers who fabricate, modify, or repair mechanical instruments. May also fabricate and modify parts to make or repair machine tools or maintain industrial machines, applying knowledge of mechanics, mathematics, metal properties, layout, and machining procedures.",
51-0000,51-4000.00,51-4050.00,51-4050.00,"Metal Furnace Operators, Tenders, Pourers, and Casters",Titled,Production Occupations,Metal Workers and Plastic Workers,Broad Group,"Operate furnaces to melt or refine metal before casting. Control temperature, pour molten metal, and oversee cooling and shaping.",
51-0000,51-4000.00,51-4050.00,51-4051.00,Metal-Refining Furnace Operators and Tenders,Role,Production Occupations,Metal Workers and Plastic Workers,"Metal Furnace Operators, Tenders, Pourers, and Casters","Operate or tend furnaces, such as gas, oil, coal, electric-arc or electric induction, open-hearth, or oxygen furnaces, to melt and refine metal before casting or to produce specified types of steel.",
51-0000,51-4000.00,51-4050.00,51-4052.00,"Pourers and Casters, Metal",Role,Production Occupations,Metal Workers and Plastic Workers,"Metal Furnace Operators, Tenders, Pourers, and Casters",Operate hand-controlled mechanisms to pour and regulate the flow of molten metal into molds to produce castings or ingots.,
51-0000,51-4000.00,51-4060.00,51-4060.00,"Model Makers and Patternmakers, Metal and Plastic",Titled,Production Occupations,Metal Workers and Plastic Workers,Broad Group,"Create or adapt prototypes, patterns, and models used in metal or plastic manufacturing. Use precision tools and computer-aided design (CAD) for complex shapes.",
51-0000,51-4000.00,51-4060.00,51-4061.00,"Model Makers, Metal and Plastic",Role,Production Occupations,Metal Workers and Plastic Workers,"Model Makers and Patternmakers, Metal and Plastic","Set up and operate machines, such as lathes, milling and engraving machines, and jig borers to make working models of metal or plastic objects. Includes template makers.",
51-0000,51-4000.00,51-4060.00,51-4062.00,"Patternmakers, Metal and Plastic",Role,Production Occupations,Metal Workers and Plastic Workers,"Model Makers and Patternmakers, Metal and Plastic","Lay out, machine, fit, and assemble castings and parts to metal or plastic foundry patterns, core boxes, or match plates.",
51-0000,51-4000.00,51-4070.00,51-4070.00,"Molders and Molding Machine Setters, Operators, and Tenders, Metal and Plastic",Titled,Production Occupations,Metal Workers and Plastic Workers,Broad Group,"Operate equipment to form metal or plastic into desired shapes. Prepare molds, regulate temperatures, and monitor production for defects.",
51-0000,51-4000.00,51-4070.00,51-4071.00,Foundry Mold and Coremakers,Role,Production Occupations,Metal Workers and Plastic Workers,"Molders and Molding Machine Setters, Operators, and Tenders, Metal and Plastic",Make or form wax or sand cores or molds used in the production of metal castings in foundries.,
51-0000,51-4000.00,51-4070.00,51-4072.00,"Molding, Coremaking, and Casting Machine Setters, Operators, and Tenders, Metal and Plastic",Role,Production Occupations,Metal Workers and Plastic Workers,"Molders and Molding Machine Setters, Operators, and Tenders, Metal and Plastic","Set up, operate, or tend metal or plastic molding, casting, or coremaking machines to mold or cast metal or thermoplastic parts or products.",
51-0000,51-4000.00,51-4080.00,51-4080.00,"Multiple Machine Tool Setters, Operators, and Tenders, Metal and Plastic",Titled,Production Occupations,Metal Workers and Plastic Workers,Broad Group,"Set up, operate, or tend more than one type of cutting or forming machine tool. Switch between machines to maintain throughput, ensuring quality and consistency.",
51-0000,51-4000.00,51-4080.00,51-4081.00,"Multiple Machine Tool Setters, Operators, and Tenders, Metal and Plastic",Role,Production Occupations,Metal Workers and Plastic Workers,"Multiple Machine Tool Setters, Operators, and Tenders, Metal and Plastic","Set up, operate, or tend more than one type of cutting or forming machine tool or robot.",
51-0000,51-4000.00,51-4110.00,51-4110.00,Tool and Die Makers,Titled,Production Occupations,Metal Workers and Plastic Workers,Broad Group,"Produce and repair dies, jigs, fixtures, or specialized tools used in manufacturing. Use precision instruments and follow engineering specifications.",
51-0000,51-4000.00,51-4110.00,51-4111.00,Tool and Die Makers,Role,Production Occupations,Metal Workers and Plastic Workers,Tool and Die Makers,"Analyze specifications, lay out metal stock, set up and operate machine tools, and fit and assemble parts to make and repair dies, cutting tools, jigs, fixtures, gauges, and machinists' hand tools.",
51-0000,51-4000.00,51-4120.00,51-4120.00,"Welding, Soldering, and Brazing Workers",Titled,Production Occupations,Metal Workers and Plastic Workers,Broad Group,"Join metal parts together or repair them using welding, soldering, or brazing equipment. Inspect welds, maintain equipment, and follow safety measures.",
51-0000,51-4000.00,51-4120.00,51-4121.00,"Welders, Cutters, Solderers, and Brazers",Role,Production Occupations,Metal Workers and Plastic Workers,"Welding, Soldering, and Brazing Workers","Use hand-welding, flame-cutting, hand soldering, or brazing equipment to weld or join metal components or to fill holes, indentations, or seams of fabricated metal products.",
51-0000,51-4000.00,51-4120.00,51-4121.06,"Welders, Cutters, and Welder Fitters",Role,Production Occupations,Metal Workers and Plastic Workers,"Welding, Soldering, and Brazing Workers","Use hand-welding or flame-cutting equipment to weld or join metal components or to fill holes, indentations, or seams of fabricated metal products.",
51-0000,51-4000.00,51-4120.00,51-4121.07,Solderers and Brazers,Role,Production Occupations,Metal Workers and Plastic Workers,"Welding, Soldering, and Brazing Workers","Braze or solder together components to assemble fabricated metal parts, using soldering iron, torch, or welding machine and flux.",
51-0000,51-4000.00,51-4120.00,51-4122.00,"Welding, Soldering, and Brazing Machine Setters, Operators, and Tenders",Role,Production Occupations,Metal Workers and Plastic Workers,"Welding, Soldering, and Brazing Workers","Set up, operate, or tend welding, soldering, or brazing machines or robots that weld, braze, solder, or heat treat metal products, components, or assemblies. Includes workers who operate laser cutters or laser-beam machines.",
51-0000,51-4000.00,51-4190.00,51-4190.00,Miscellaneous Metal Workers and Plastic Workers,Titled,Production Occupations,Metal Workers and Plastic Workers,Broad Group,"Carry out metal- or plastic-working processes not specifically classified under other job titles. May include finishing, polishing, or specialized shaping tasks.",
51-0000,51-4000.00,51-4190.00,51-4191.00,"Heat Treating Equipment Setters, Operators, and Tenders, Metal and Plastic",Role,Production Occupations,Metal Workers and Plastic Workers,Miscellaneous Metal Workers and Plastic Workers,"Set up, operate, or tend heating equipment, such as heat-treating furnaces, flame-hardening machines, induction machines, soaking pits, or vacuum equipment to temper, harden, anneal, or heat-treat metal or plastic objects.",
51-0000,51-4000.00,51-4190.00,51-4192.00,"Layout Workers, Metal and Plastic",Role,Production Occupations,Metal Workers and Plastic Workers,Miscellaneous Metal Workers and Plastic Workers,"Lay out reference points and dimensions on metal or plastic stock or workpieces, such as sheets, plates, tubes, structural shapes, castings, or machine parts, for further processing. Includes shipfitters.",
51-0000,51-4000.00,51-4190.00,51-4193.00,"Plating and Coating Machine Setters, Operators, and Tenders, Metal and Plastic",Role,Production Occupations,Metal Workers and Plastic Workers,Miscellaneous Metal Workers and Plastic Workers,"Set up, operate, or tend plating or coating machines to coat metal or plastic products with chromium, zinc, copper, cadmium, nickel, or other metal to protect or decorate surfaces. Includes electrolytic processes.",
51-0000,51-4000.00,51-4190.00,51-4194.00,"Tool Grinders, Filers, and Sharpeners",Role,Production Occupations,Metal Workers and Plastic Workers,Miscellaneous Metal Workers and Plastic Workers,"Perform precision smoothing, sharpening, polishing, or grinding of metal objects.",
51-0000,51-4000.00,51-4190.00,51-4199.00,"Metal Workers and Plastic Workers, All Other",Role,Production Occupations,Metal Workers and Plastic Workers,Miscellaneous Metal Workers and Plastic Workers,All metal workers and plastic workers not listed separately.,
51-0000,51-5100.00,51-5100.00,51-5100.00,Printing Workers,Main,Production Occupations,Minor Group,Minor Group,"Printing Workers are involved in various tasks related to the printing industry, including operating printing presses, preparing materials for printing, performing quality checks, and maintaining printing equipment. This category encompasses roles such as prepress technicians, press operators, bindery workers, and finishing workers. Printing workers may be employed in commercial printing companies, publishing houses, packaging companies, or specialized printing shops.",
51-0000,51-5100.00,51-5110.00,51-5110.00,Printing Workers,Titled,Production Occupations,Printing Workers,Broad Group,"Operate and maintain printing presses or digital printing equipment, set up print jobs, and handle tasks like color management, binding, and finishing.",
51-0000,51-5100.00,51-5110.00,51-5111.00,Prepress Technicians and Workers,Role,Production Occupations,Printing Workers,Printing Workers,Format and proof text and images submitted by designers and clients into finished pages that can be printed. Includes digital and photo typesetting. May produce printing plates.,
51-0000,51-5100.00,51-5110.00,51-5112.00,Printing Press Operators,Role,Production Occupations,Printing Workers,Printing Workers,"Set up and operate digital, letterpress, lithographic, flexographic, gravure, or other printing machines. Includes short-run offset printing presses.",
51-0000,51-5100.00,51-5110.00,51-5113.00,Print Binding and Finishing Workers,Role,Production Occupations,Printing Workers,Printing Workers,Bind books and other publications or finish printed products by hand or machine. May set up binding and finishing machines.,
51-0000,51-6000.00,51-6000.00,51-6000.00,"Textile, Apparel, and Furnishings Workers",Main,Production Occupations,Minor Group,Minor Group,"Occupations within the category ""51-6000 Textile, Apparel, and Furnishings Workers"" typically involve various processes related to the production of clothing, textiles, and furnishings. This includes but is not limited to sewing, upholstering, tailoring, and weaving. ",
51-0000,51-6000.00,51-6010.00,51-6010.00,Laundry and Dry-Cleaning Workers,Titled,Production Occupations,"Textile, Apparel, and Furnishings Workers",Broad Group,"Operate washing or dry-cleaning machines to clean garments or other articles. Sort items, treat stains, and press or fold finished laundry.",
51-0000,51-6000.00,51-6010.00,51-6011.00,Laundry and Dry-Cleaning Workers,Role,Production Occupations,"Textile, Apparel, and Furnishings Workers",Laundry and Dry-Cleaning Workers,"Operate or tend washing or dry-cleaning machines to wash or dry-clean industrial or household articles, such as cloth garments, suede, leather, furs, blankets, draperies, linens, rugs, and carpets. Includes spotters and dyers of these articles.",
51-0000,51-6000.00,51-6020.00,51-6020.00,"Pressers, Textile, Garment, and Related Materials",Titled,Production Occupations,"Textile, Apparel, and Furnishings Workers",Broad Group,Press or shape garments using hand irons or pressing machines. Smooth or finish fabrics for sale or further processing.,
51-0000,51-6000.00,51-6020.00,51-6021.00,"Pressers, Textile, Garment, and Related Materials",Role,Production Occupations,"Textile, Apparel, and Furnishings Workers","Pressers, Textile, Garment, and Related Materials",Press or shape articles by hand or machine.,
51-0000,51-6000.00,51-6030.00,51-6030.00,Sewing Machine Operators,Titled,Production Occupations,"Textile, Apparel, and Furnishings Workers",Broad Group,"Operate sewing machines to stitch, join, or hem fabrics, garments, or non-garment items. Follow patterns and check finished seams.",
51-0000,51-6000.00,51-6030.00,51-6031.00,Sewing Machine Operators,Role,Production Occupations,"Textile, Apparel, and Furnishings Workers",Sewing Machine Operators,"Operate or tend sewing machines to join, reinforce, decorate, or perform related sewing operations in the manufacture of garment or nongarment products.",
51-0000,51-6000.00,51-6040.00,51-6040.00,Shoe and Leather Workers,Titled,Production Occupations,"Textile, Apparel, and Furnishings Workers",Broad Group,"Construct, decorate, or repair leather products such as shoes, handbags, or saddles. Cut, stitch, and finish materials following patterns or designs.",
51-0000,51-6000.00,51-6040.00,51-6041.00,Shoe and Leather Workers and Repairers,Role,Production Occupations,"Textile, Apparel, and Furnishings Workers",Shoe and Leather Workers,"Construct, decorate, or repair leather and leather-like products, such as luggage, shoes, and saddles.",
51-0000,51-6000.00,51-6040.00,51-6042.00,Shoe Machine Operators and Tenders,Role,Production Occupations,"Textile, Apparel, and Furnishings Workers",Shoe and Leather Workers,"Operate or tend a variety of machines to join, decorate, reinforce, or finish shoes and shoe parts.",
51-0000,51-6000.00,51-6050.00,51-6050.00,"Tailors, Dressmakers, and Sewers",Titled,Production Occupations,"Textile, Apparel, and Furnishings Workers",Broad Group,"Customize or sew garments, measure clients, alter clothing, and design or repair various apparel items.",
51-0000,51-6000.00,51-6050.00,51-6051.00,"Sewers, Hand",Role,Production Occupations,"Textile, Apparel, and Furnishings Workers","Tailors, Dressmakers, and Sewers","Sew, join, reinforce, or finish, usually with needle and thread, a variety of manufactured items. Includes weavers and stitchers.",
51-0000,51-6000.00,51-6050.00,51-6052.00,"Tailors, Dressmakers, and Custom Sewers",Role,Production Occupations,"Textile, Apparel, and Furnishings Workers","Tailors, Dressmakers, and Sewers","Design, make, alter, repair, or fit garments.",
51-0000,51-6000.00,51-6060.00,51-6060.00,"Textile Machine Setters, Operators, and Tenders",Titled,Production Occupations,"Textile, Apparel, and Furnishings Workers",Broad Group,"Operate machines that weave, knit, or otherwise process textiles. Monitor operations, handle thread or fabric changes, and clear machine jams.",
51-0000,51-6000.00,51-6060.00,51-6061.00,Textile Bleaching and Dyeing Machine Operators and Tenders,Role,Production Occupations,"Textile, Apparel, and Furnishings Workers","Textile Machine Setters, Operators, and Tenders","Operate or tend machines to bleach, shrink, wash, dye, or finish textiles or synthetic or glass fibers.",
51-0000,51-6000.00,51-6060.00,51-6062.00,"Textile Cutting Machine Setters, Operators, and Tenders",Role,Production Occupations,"Textile, Apparel, and Furnishings Workers","Textile Machine Setters, Operators, and Tenders","Set up, operate, or tend machines that cut textiles.",
51-0000,51-6000.00,51-6060.00,51-6063.00,"Textile Knitting and Weaving Machine Setters, Operators, and Tenders",Role,Production Occupations,"Textile, Apparel, and Furnishings Workers","Textile Machine Setters, Operators, and Tenders","Set up, operate, or tend machines that knit, loop, weave, or draw in textiles.",
51-0000,51-6000.00,51-6060.00,51-6064.00,"Textile Winding, Twisting, and Drawing Out Machine Setters, Operators, and Tenders",Role,Production Occupations,"Textile, Apparel, and Furnishings Workers","Textile Machine Setters, Operators, and Tenders","Set up, operate, or tend machines that wind or twist textiles; or draw out and combine sliver, such as wool, hemp, or synthetic fibers. Includes slubber machine and drawing frame operators.",
51-0000,51-6000.00,51-6090.00,51-6090.00,"Miscellaneous Textile, Apparel, and Furnishings Workers",Titled,Production Occupations,"Textile, Apparel, and Furnishings Workers",Broad Group,"Perform textile- or furnishings-related tasks not classified elsewhere, possibly involving specialized finishing, drapery work, or craft-based textile production.",
51-0000,51-6000.00,51-6090.00,51-6091.00,"Extruding and Forming Machine Setters, Operators, and Tenders, Synthetic and Glass Fibers",Role,Production Occupations,"Textile, Apparel, and Furnishings Workers","Miscellaneous Textile, Apparel, and Furnishings Workers","Set up, operate, or tend machines that extrude and form continuous filaments from synthetic materials, such as liquid polymer, rayon, and fiberglass.",
51-0000,51-6000.00,51-6090.00,51-6092.00,Fabric and Apparel Patternmakers,Role,Production Occupations,"Textile, Apparel, and Furnishings Workers","Miscellaneous Textile, Apparel, and Furnishings Workers",Draw and construct sets of precision master fabric patterns or layouts. May also mark and cut fabrics and apparel.,
51-0000,51-6000.00,51-6090.00,51-6093.00,Upholsterers,Role,Production Occupations,"Textile, Apparel, and Furnishings Workers","Miscellaneous Textile, Apparel, and Furnishings Workers","Make, repair, or replace upholstery for household furniture or transportation vehicles.",
51-0000,51-6000.00,51-6090.00,51-6099.00,"Textile, Apparel, and Furnishings Workers, All Other",Role,Production Occupations,"Textile, Apparel, and Furnishings Workers","Miscellaneous Textile, Apparel, and Furnishings Workers","All textile, apparel, and furnishings workers not listed separately.",
51-0000,51-7000.00,51-7000.00,51-7000.00,Woodworkers,Main,Production Occupations,Minor Group,Minor Group,"The ""51-7000 Woodworkers"" occupational category typically includes jobs that involve working with wood to create various types of products. This can range from furniture to musical instruments and more.",
51-0000,51-7000.00,51-7010.00,51-7010.00,Cabinetmakers and Bench Carpenters,Titled,Production Occupations,Woodworkers,Broad Group,"Build and repair wooden cabinets, furniture, or fixtures. Read blueprints, measure and cut wood, assemble components, and finish surfaces.",
51-0000,51-7000.00,51-7010.00,51-7011.00,Cabinetmakers and Bench Carpenters,Role,Production Occupations,Woodworkers,Cabinetmakers and Bench Carpenters,"Cut, shape, and assemble wooden articles or set up and operate a variety of woodworking machines, such as power saws, jointers, and mortisers to surface, cut, or shape lumber or to fabricate parts for wood products.",
51-0000,51-7000.00,51-7020.00,51-7020.00,Furniture Finishers,Titled,Production Occupations,Woodworkers,Broad Group,"Shape, finish, or refinish new or repaired furniture. Remove old finishes, apply stains or sealers, and polish surfaces for desired appearance.",
51-0000,51-7000.00,51-7020.00,51-7021.00,Furniture Finishers,Role,Production Occupations,Woodworkers,Furniture Finishers,"Shape, finish, and refinish damaged, worn, or used furniture or new high-grade furniture to specified color or finish.",
51-0000,51-7000.00,51-7030.00,51-7030.00,"Model Makers and Patternmakers, Wood",Titled,Production Occupations,Woodworkers,Broad Group,"Plan, lay out, and construct wooden precision models or patterns for use in manufacturing. Operate tools and machinery to shape wood according to specs.",
51-0000,51-7000.00,51-7030.00,51-7031.00,"Model Makers, Wood",Role,Production Occupations,Woodworkers,"Model Makers and Patternmakers, Wood",Construct full-size and scale wooden precision models of products. Includes wood jig builders and loft workers.,
51-0000,51-7000.00,51-7030.00,51-7032.00,"Patternmakers, Wood",Role,Production Occupations,Woodworkers,"Model Makers and Patternmakers, Wood","Plan, lay out, and construct wooden unit or sectional patterns used in forming sand molds for castings.",
51-0000,51-7000.00,51-7040.00,51-7040.00,"Woodworking Machine Setters, Operators, and Tenders",Titled,Production Occupations,Woodworkers,Broad Group,"Set up and operate machines such as saws, molders, or sanders to cut and shape wood. Monitor operation, adjust settings, and ensure correct dimensions.",
51-0000,51-7000.00,51-7040.00,51-7041.00,"Sawing Machine Setters, Operators, and Tenders, Wood",Role,Production Occupations,Woodworkers,"Woodworking Machine Setters, Operators, and Tenders","Set up, operate, or tend wood sawing machines. May operate CNC equipment. Includes lead sawyers.",
51-0000,51-7000.00,51-7040.00,51-7042.00,"Woodworking Machine Setters, Operators, and Tenders, Except Sawing",Role,Production Occupations,Woodworkers,"Woodworking Machine Setters, Operators, and Tenders","Set up, operate, or tend woodworking machines, such as drill presses, lathes, shapers, routers, sanders, planers, and wood nailing machines. May operate CNC equipment.",
51-0000,51-7000.00,51-7090.00,51-7090.00,Miscellaneous Woodworkers,Titled,Production Occupations,Woodworkers,Broad Group,"Perform specialized or various woodworking duties not specified under other job titles, potentially including custom carving, lathe work, or wood pattern finishing.",
51-0000,51-7000.00,51-7090.00,51-7099.00,"Woodworkers, All Other",Role,Production Occupations,Woodworkers,Miscellaneous Woodworkers,All woodworkers not listed separately.,
51-0000,51-8000.00,51-8000.00,51-8000.00,Plant and System Operators,Main,Production Occupations,Minor Group,Minor Group,"The ""51-8000 Plant and System Operators"" occupational category typically involves jobs that control and operate industrial plants or systems, such as power plants, water treatment facilities, or chemical processing plants.",
51-0000,51-8000.00,51-8010.00,51-8010.00,"Power Plant Operators, Distributors, and Dispatchers",Titled,Production Occupations,Plant and System Operators,Broad Group,"Control or operate machinery that generates electric power. Monitor instruments, regulate power flows, and manage distribution to meet demand.",
51-0000,51-8000.00,51-8010.00,51-8011.00,Nuclear Power Reactor Operators,Role,Production Occupations,Plant and System Operators,"Power Plant Operators, Distributors, and Dispatchers","Operate or control nuclear reactors. Move control rods, start and stop equipment, monitor and adjust controls, and record data in logs. Implement emergency procedures when needed. May respond to abnormalities, determine cause, and recommend corrective action.",
51-0000,51-8000.00,51-8010.00,51-8012.00,Power Distributors and Dispatchers,Role,Production Occupations,Plant and System Operators,"Power Plant Operators, Distributors, and Dispatchers","Coordinate, regulate, or distribute electricity or steam.",
51-0000,51-8000.00,51-8010.00,51-8013.00,Power Plant Operators,Role,Production Occupations,Plant and System Operators,"Power Plant Operators, Distributors, and Dispatchers","Control, operate, or maintain machinery to generate electric power. Includes auxiliary equipment operators.",
51-0000,51-8000.00,51-8020.00,51-8020.00,Stationary Engineers and Boiler Operators,Titled,Production Occupations,Plant and System Operators,Broad Group,"Operate and maintain stationary engines, boilers, or other mechanical equipment. Adjust controls, perform inspections, and ensure safe pressure and temperature levels.",
51-0000,51-8000.00,51-8020.00,51-8021.00,Stationary Engineers and Boiler Operators,Role,Production Occupations,Plant and System Operators,Stationary Engineers and Boiler Operators,"Operate or maintain stationary engines, boilers, or other mechanical equipment to provide utilities for buildings or industrial processes. Operate equipment, such as steam engines, generators, motors, turbines, and steam boilers.",
51-0000,51-8000.00,51-8030.00,51-8030.00,Water and Wastewater Treatment Plant and System Operators,Titled,Production Occupations,Plant and System Operators,Broad Group,"Run or control treatment processes to purify water or treat sewage. Monitor operating conditions, record test results, and adjust equipment to meet standards.",
51-0000,51-8000.00,51-8030.00,51-8031.00,Water and Wastewater Treatment Plant and System Operators,Role,Production Occupations,Plant and System Operators,Water and Wastewater Treatment Plant and System Operators,"Operate or control an entire process or system of machines, often through the use of control boards, to transfer or treat water or wastewater.",
51-0000,51-8000.00,51-8090.00,51-8090.00,Miscellaneous Plant and System Operators,Titled,Production Occupations,Plant and System Operators,Broad Group,"Oversee or operate specialized plant systems not under other classifications—e.g., nuclear reactor operators or specific chemical processing systems.",
51-0000,51-8000.00,51-8090.00,51-8091.00,Chemical Plant and System Operators,Role,Production Occupations,Plant and System Operators,Miscellaneous Plant and System Operators,Control or operate entire chemical processes or system of machines.,
51-0000,51-8000.00,51-8090.00,51-8092.00,Gas Plant Operators,Role,Production Occupations,Plant and System Operators,Miscellaneous Plant and System Operators,Distribute or process gas for utility companies and others by controlling compressors to maintain specified pressures on main pipelines.,
51-0000,51-8000.00,51-8090.00,51-8093.00,"Petroleum Pump System Operators, Refinery Operators, and Gaugers",Role,Production Occupations,Plant and System Operators,Miscellaneous Plant and System Operators,"Operate or control petroleum refining or processing units. May specialize in controlling manifold and pumping systems, gauging or testing oil in storage tanks, or regulating the flow of oil into pipelines.",
51-0000,51-8000.00,51-8090.00,51-8099.00,"Plant and System Operators, All Other",Role,Production Occupations,Plant and System Operators,Miscellaneous Plant and System Operators,All plant and system operators not listed separately.,
51-0000,51-8000.00,51-8090.00,51-8099.01,Biofuels Processing Technicians,Role,Production Occupations,Plant and System Operators,Miscellaneous Plant and System Operators,"Calculate, measure, load, mix, and process refined feedstock with additives in fermentation or reaction process vessels and monitor production process. Perform, and keep records of, plant maintenance, repairs, and safety inspections.",
51-0000,51-8000.00,51-8090.00,51-8099.02,Methane/Landfill Gas Generation System Technicians,Role,Production Occupations,Plant and System Operators,Miscellaneous Plant and System Operators,"Monitor, operate, and maintain landfill gas collection system components and environmental monitoring and control systems.",
51-0000,51-8000.00,51-8090.00,51-8099.03,Biomass Plant Technicians,Role,Production Occupations,Plant and System Operators,Miscellaneous Plant and System Operators,Control and monitor biomass plant activities and perform maintenance as needed.,
51-0000,51-8000.00,51-8090.00,51-8099.04,Hydroelectric Plant Technicians,Role,Production Occupations,Plant and System Operators,Miscellaneous Plant and System Operators,"Monitor and control activities associated with hydropower generation. Operate plant equipment, such as turbines, pumps, valves, gates, fans, electric control boards, and battery banks. Monitor equipment operation and performance and make necessary adjustments to ensure optimal performance. Perform equipment maintenance and repair as necessary.",
51-0000,51-9000.00,51-9000.00,51-9000.00,Other Production Occupations,Main,Production Occupations,Minor Group,Minor Group,"The category ""51-9000 Other Production Occupations"" involves a wide array of jobs that generally revolve around producing, processing, or preparing consumer goods in various industries, such as food processing, manufacturing, and more.",
51-0000,51-9000.00,51-9010.00,51-9010.00,"Chemical Processing Machine Setters, Operators, and Tenders",Titled,Production Occupations,Other Production Occupations,Broad Group,"Operate or tend equipment that processes chemicals. Observe gauges, take samples, and regulate flow, temperature, or pressure.",
51-0000,51-9000.00,51-9010.00,51-9011.00,Chemical Equipment Operators and Tenders,Role,Production Occupations,Other Production Occupations,"Chemical Processing Machine Setters, Operators, and Tenders","Operate or tend equipment to control chemical changes or reactions in the processing of industrial or consumer products. Equipment used includes devulcanizers, steam-jacketed kettles, and reactor vessels.",
51-0000,51-9000.00,51-9010.00,51-9012.00,"Separating, Filtering, Clarifying, Precipitating, and Still Machine Setters, Operators, and Tenders",Role,Production Occupations,Other Production Occupations,"Chemical Processing Machine Setters, Operators, and Tenders","Set up, operate, or tend continuous flow or vat-type equipment; filter presses; shaker screens; centrifuges; condenser tubes; precipitating, fermenting, or evaporating tanks; scrubbing towers; or batch stills. These machines extract, sort, or separate liquids, gases, or solids from other materials to recover a refined product. Includes dairy processing equipment operators.",
51-0000,51-9000.00,51-9020.00,51-9020.00,"Crushing, Grinding, Polishing, Mixing, and Blending Workers",Titled,Production Occupations,Other Production Occupations,Broad Group,"Set up, operate, or tend machines that crush, grind, or blend materials (e.g., coal, glass, spices). Verify consistency and quality of output.",
51-0000,51-9000.00,51-9020.00,51-9021.00,"Crushing, Grinding, and Polishing Machine Setters, Operators, and Tenders",Role,Production Occupations,Other Production Occupations,"Crushing, Grinding, Polishing, Mixing, and Blending Workers","Set up, operate, or tend machines to crush, grind, or polish materials, such as coal, glass, grain, stone, food, or rubber.",
51-0000,51-9000.00,51-9020.00,51-9022.00,"Grinding and Polishing Workers, Hand",Role,Production Occupations,Other Production Occupations,"Crushing, Grinding, Polishing, Mixing, and Blending Workers","Grind, sand, or polish, using hand tools or hand-held power tools, a variety of metal, wood, stone, clay, plastic, or glass objects. Includes chippers, buffers, and finishers.",
51-0000,51-9000.00,51-9020.00,51-9023.00,"Mixing and Blending Machine Setters, Operators, and Tenders",Role,Production Occupations,Other Production Occupations,"Crushing, Grinding, Polishing, Mixing, and Blending Workers","Set up, operate, or tend machines to mix or blend materials, such as chemicals, tobacco, liquids, color pigments, or explosive ingredients.",
51-0000,51-9000.00,51-9030.00,51-9030.00,Cutting Workers,Titled,Production Occupations,Other Production Occupations,Broad Group,"Use hand or machine cutters to trim, cut, or slice materials (fabric, paper, metal) for further processing. Follow patterns or templates.",
51-0000,51-9000.00,51-9030.00,51-9031.00,"Cutters and Trimmers, Hand",Role,Production Occupations,Other Production Occupations,Cutting Workers,"Use hand tools or hand-held power tools to cut and trim a variety of manufactured items, such as carpet, fabric, stone, glass, or rubber.",
51-0000,51-9000.00,51-9030.00,51-9032.00,"Cutting and Slicing Machine Setters, Operators, and Tenders",Role,Production Occupations,Other Production Occupations,Cutting Workers,"Set up, operate, or tend machines that cut or slice materials, such as glass, stone, cork, rubber, tobacco, food, paper, or insulating material.",
51-0000,51-9000.00,51-9040.00,51-9040.00,"Extruding, Forming, Pressing, and Compacting Machine Setters, Operators, and Tenders",Titled,Production Occupations,Other Production Occupations,Broad Group,"Operate equipment that extrudes or forms materials such as clay, glass, or rubber into shapes. Adjust settings, remove finished products, and inspect for defects.",
51-0000,51-9000.00,51-9040.00,51-9041.00,"Extruding, Forming, Pressing, and Compacting Machine Setters, Operators, and Tenders",Role,Production Occupations,Other Production Occupations,"Extruding, Forming, Pressing, and Compacting Machine Setters, Operators, and Tenders","Set up, operate, or tend machines, such as glass forming machines, plodder machines, and tuber machines, to shape and form products, such as glassware, food, rubber, soap, brick, tile, clay, wax, tobacco, or cosmetics.",
51-0000,51-9000.00,51-9050.00,51-9050.00,"Furnace, Kiln, Oven, Drier, and Kettle Operators and Tenders",Titled,Production Occupations,Other Production Occupations,Broad Group,"Operate heating equipment used in manufacturing. Control temperature, feed raw materials, and monitor the process to ensure proper treatment or drying.",
51-0000,51-9000.00,51-9050.00,51-9051.00,"Furnace, Kiln, Oven, Drier, and Kettle Operators and Tenders",Role,Production Occupations,Other Production Occupations,"Furnace, Kiln, Oven, Drier, and Kettle Operators and Tenders","Operate or tend heating equipment other than basic metal, plastic, or food processing equipment. Includes activities, such as annealing glass, drying lumber, curing rubber, removing moisture from materials, or boiling soap.",
51-0000,51-9000.00,51-9060.00,51-9060.00,"Inspectors, Testers, Sorters, Samplers, and Weighers",Titled,Production Occupations,Other Production Occupations,Broad Group,"Examine products or materials for defects, measure weights, and ensure items meet specifications. Record findings and recommend adjustments.",
51-0000,51-9000.00,51-9060.00,51-9061.00,"Inspectors, Testers, Sorters, Samplers, and Weighers",Role,Production Occupations,Other Production Occupations,"Inspectors, Testers, Sorters, Samplers, and Weighers","Inspect, test, sort, sample, or weigh nonagricultural raw materials or processed, machined, fabricated, or assembled parts or products for defects, wear, and deviations from specifications. May use precision measuring instruments and complex test equipment.",
51-0000,51-9000.00,51-9070.00,51-9070.00,Jewelers and Precious Stone and Metal Workers,Titled,Production Occupations,Other Production Occupations,Broad Group,"Design, fabricate, adjust, or repair jewelry and precious metal pieces. Cut and set gemstones, solder metal parts, and polish final products.",
51-0000,51-9000.00,51-9070.00,51-9071.00,Jewelers and Precious Stone and Metal Workers,Role,Production Occupations,Other Production Occupations,Jewelers and Precious Stone and Metal Workers,"Design, fabricate, adjust, repair, or appraise jewelry, gold, silver, other precious metals, or gems. Includes diamond polishers and gem cutters, and persons who perform precision casting and modeling of molds, casting metal in molds, or setting precious and semi-precious stones for jewelry and related products.",
51-0000,51-9000.00,51-9070.00,51-9071.01,Jewelers,Role,Production Occupations,Other Production Occupations,Jewelers and Precious Stone and Metal Workers,Fabricate and repair jewelry articles. Make models or molds to create jewelry items.,
51-0000,51-9000.00,51-9070.00,51-9071.06,Gem and Diamond Workers,Role,Production Occupations,Other Production Occupations,Jewelers and Precious Stone and Metal Workers,"Fabricate, finish, or evaluate the quality of gems and diamonds used in jewelry or industrial tools.",
51-0000,51-9000.00,51-9070.00,51-9071.07,Precious Metal Workers,Role,Production Occupations,Other Production Occupations,Jewelers and Precious Stone and Metal Workers,"Cast, anneal, solder, hammer, or shape gold, silver, pewter or other metals to form jewelry or other metal items such as goblets or candlesticks.",
51-0000,51-9000.00,51-9080.00,51-9080.00,"Medical, Dental, and Ophthalmic Laboratory Technicians",Titled,Production Occupations,Other Production Occupations,Broad Group,"Construct, fit, or repair medical devices such as dentures, eyeglasses, or prosthetics. Use specialized machinery, molds, or measuring equipment.",
51-0000,51-9000.00,51-9080.00,51-9081.00,Dental Laboratory Technicians,Role,Production Occupations,Other Production Occupations,"Medical, Dental, and Ophthalmic Laboratory Technicians",Construct and repair full or partial dentures or dental appliances.,
51-0000,51-9000.00,51-9080.00,51-9082.00,Medical Appliance Technicians,Role,Production Occupations,Other Production Occupations,"Medical, Dental, and Ophthalmic Laboratory Technicians","Construct, fit, maintain, or repair medical supportive devices, such as braces, orthotics and prosthetic devices, joints, arch supports, and other surgical and medical appliances.",
51-0000,51-9000.00,51-9080.00,51-9083.00,Ophthalmic Laboratory Technicians,Role,Production Occupations,Other Production Occupations,"Medical, Dental, and Ophthalmic Laboratory Technicians","Cut, grind, and polish eyeglasses, contact lenses, or other precision optical elements. Assemble and mount lenses into frames or process other optical elements. Includes precision lens polishers or grinders, centerer-edgers, and lens mounters.",
51-0000,51-9000.00,51-9110.00,51-9110.00,Packaging and Filling Machine Operators and Tenders,Titled,Production Occupations,Other Production Occupations,Broad Group,"Run machines that prepare and package products for shipping. Fill containers, seal packages, label items, and ensure quality control.",
51-0000,51-9000.00,51-9110.00,51-9111.00,Packaging and Filling Machine Operators and Tenders,Role,Production Occupations,Other Production Occupations,Packaging and Filling Machine Operators and Tenders,Operate or tend machines to prepare industrial or consumer products for storage or shipment. Includes cannery workers who pack food products.,
51-0000,51-9000.00,51-9120.00,51-9120.00,Painting Workers,Titled,Production Occupations,Other Production Occupations,Broad Group,"Paint or coat a variety of products, including vehicles, furniture, or machinery. May use spray guns, rollers, or brushes.",
51-0000,51-9000.00,51-9120.00,51-9121.00,"Coating, Painting, and Spraying Machine Setters, Operators, and Tenders",Role,Production Occupations,Other Production Occupations,Painting Workers,"Set up, operate, or tend machines to coat or paint any of a wide variety of products, including glassware, cloth, ceramics, metal, plastic, paper, or wood, with lacquer, silver, copper, rubber, varnish, glaze, enamel, oil, or rust-proofing materials.",
51-0000,51-9000.00,51-9120.00,51-9122.00,"Painters, Transportation Equipment",Role,Production Occupations,Other Production Occupations,Painting Workers,"Operate or tend painting machines to paint surfaces of transportation equipment, such as automobiles, buses, trucks, trains, boats, and airplanes. Includes painters in auto body repair facilities.",
51-0000,51-9000.00,51-9120.00,51-9123.00,"Painting, Coating, and Decorating Workers",Role,Production Occupations,Other Production Occupations,Painting Workers,"Paint, coat, or decorate articles such as furniture, glass, plateware, pottery, jewelry, toys, books, or leather.",
51-0000,51-9000.00,51-9140.00,51-9140.00,Semiconductor Processors,Titled,Production Occupations,Other Production Occupations,Broad Group,"Perform tasks in the manufacturing of electronic semiconductors. Monitor equipment, measure chemical solutions, and inspect wafers for defects.",
51-0000,51-9000.00,51-9140.00,51-9141.00,Semiconductor Processors,Role,Production Occupations,Other Production Occupations,Semiconductor Processors,"Perform any or all of the following functions in the manufacture of electronic semiconductors: load semiconductor material into furnace; saw formed ingots into segments; load individual segment into crystal growing chamber and monitor controls; locate crystal axis in ingot using x-ray equipment and saw ingots into wafers; and clean, polish, and load wafers into series of special purpose furnaces, chemical baths, and equipment used to form circuitry and change conductive properties.",
51-0000,51-9000.00,51-9150.00,51-9150.00,Photographic Process Workers and Processing Machine Operators,Titled,Production Occupations,Other Production Occupations,Broad Group,"Develop film or operate digital printing equipment. Adjust chemical mixes, maintain darkroom or digital lab equipment, and oversee final print quality.",
51-0000,51-9000.00,51-9150.00,51-9151.00,Photographic Process Workers and Processing Machine Operators,Role,Production Occupations,Other Production Occupations,Photographic Process Workers and Processing Machine Operators,Perform work involved in developing and processing photographic images from film or digital media. May perform precision tasks such as editing photographic negatives and prints.,
51-0000,51-9000.00,51-9190.00,51-9190.00,Miscellaneous Production Workers,Titled,Production Occupations,Other Production Occupations,Broad Group,"Engage in diverse production roles not classified under a specific category, such as tire builders, fabricated metal workers, or factory line positions handling specialized tasks.",
51-0000,51-9000.00,51-9190.00,51-9191.00,Adhesive Bonding Machine Operators and Tenders,Role,Production Occupations,Other Production Occupations,Miscellaneous Production Workers,"Operate or tend bonding machines that use adhesives to join items for further processing or to form a completed product. Processes include joining veneer sheets into plywood; gluing paper; or joining rubber and rubberized fabric parts, plastic, simulated leather, or other materials.",
51-0000,51-9000.00,51-9190.00,51-9192.00,"Cleaning, Washing, and Metal Pickling Equipment Operators and Tenders",Role,Production Occupations,Other Production Occupations,Miscellaneous Production Workers,"Operate or tend machines to wash or clean products, such as barrels or kegs, glass items, tin plate, food, pulp, coal, plastic, or rubber, to remove impurities.",
51-0000,51-9000.00,51-9190.00,51-9193.00,Cooling and Freezing Equipment Operators and Tenders,Role,Production Occupations,Other Production Occupations,Miscellaneous Production Workers,"Operate or tend equipment, such as cooling and freezing units, refrigerators, batch freezers, and freezing tunnels, to cool or freeze products, food, blood plasma, and chemicals.",
51-0000,51-9000.00,51-9190.00,51-9194.00,Etchers and Engravers,Role,Production Occupations,Other Production Occupations,Miscellaneous Production Workers,"Engrave or etch metal, wood, rubber, or other materials. Includes such workers as etcher-circuit processors, pantograph engravers, and silk screen etchers.",
51-0000,51-9000.00,51-9190.00,51-9195.00,"Molders, Shapers, and Casters, Except Metal and Plastic",Role,Production Occupations,Other Production Occupations,Miscellaneous Production Workers,"Mold, shape, form, cast, or carve products such as food products, figurines, tile, pipes, and candles consisting of clay, glass, plaster, concrete, stone, or combinations of materials.",
51-0000,51-9000.00,51-9190.00,51-9195.03,"Stone Cutters and Carvers, Manufacturing",Role,Production Occupations,Other Production Occupations,Miscellaneous Production Workers,Cut or carve stone according to diagrams and patterns.,
51-0000,51-9000.00,51-9190.00,51-9195.04,"Glass Blowers, Molders, Benders, and Finishers",Role,Production Occupations,Other Production Occupations,Miscellaneous Production Workers,Shape molten glass according to patterns.,
51-0000,51-9000.00,51-9190.00,51-9195.05,"Potters, Manufacturing",Role,Production Occupations,Other Production Occupations,Miscellaneous Production Workers,"Operate production machines such as pug mill, jigger machine, or potter's wheel to process clay in manufacture of ceramic, pottery and stoneware products.",
51-0000,51-9000.00,51-9190.00,51-9195.07,Molding and Casting Workers,Role,Production Occupations,Other Production Occupations,Miscellaneous Production Workers,"Perform a variety of duties such as mixing materials, assembling mold parts, filling molds, and stacking molds to mold and cast a wide range of products.",
51-0000,51-9000.00,51-9190.00,51-9196.00,"Paper Goods Machine Setters, Operators, and Tenders",Role,Production Occupations,Other Production Occupations,Miscellaneous Production Workers,"Set up, operate, or tend paper goods machines that perform a variety of functions, such as converting, sawing, corrugating, banding, wrapping, boxing, stitching, forming, or sealing paper or paperboard sheets into products.",
51-0000,51-9000.00,51-9190.00,51-9197.00,Tire Builders,Role,Production Occupations,Other Production Occupations,Miscellaneous Production Workers,Operate machines to build tires.,
51-0000,51-9000.00,51-9190.00,51-9198.00,Helpers--Production Workers,Role,Production Occupations,Other Production Occupations,Miscellaneous Production Workers,"Help production workers by performing duties requiring less skill. Duties include supplying or holding materials or tools, and cleaning work area and equipment.",
51-0000,51-9000.00,51-9190.00,51-9199.00,"Production Workers, All Other",Role,Production Occupations,Other Production Occupations,Miscellaneous Production Workers,All production workers not listed separately.,
51-0000,51-9000.00,51-9190.00,51-9199.01,Recycling and Reclamation Workers,Role,Production Occupations,Other Production Occupations,Miscellaneous Production Workers,Prepare and sort materials or products for recycling. Identify and remove hazardous substances. Dismantle components of products such as appliances.,
53-0000,53-0000.00,53-0000.00,53-0000,Transportation and Material Moving Occupations,Major,Major Group,,,,
53-0000,53-1000.00,53-1000.00,53-1000.00,Supervisors of Transportation and Material Moving Workers,Main,Transportation and Material Moving Occupations,Minor Group,Minor Group,"The ""53-1000 Supervisors of Transportation and Material Moving Workers"" category includes occupations that involve the supervision of the transportation of goods and people, as well as the movement of materials within warehouses, storage yards, or construction sites.",
53-0000,53-1000.00,53-1010.00,53-1010.00,Aircraft Cargo Handling Supervisors,Titled,Transportation and Material Moving Occupations,Supervisors of Transportation and Material Moving Workers,Broad Group,"Coordinate and supervise workers who load and unload aircraft cargo. Oversee cargo handling equipment, verify load weights, and ensure compliance with flight safety procedures.",
53-0000,53-1000.00,53-1010.00,53-1011.00,Aircraft Cargo Handling Supervisors,Role,Transportation and Material Moving Occupations,Supervisors of Transportation and Material Moving Workers,Aircraft Cargo Handling Supervisors,"Supervise and coordinate the activities of ground crew in the loading, unloading, securing, and staging of aircraft cargo or baggage. May determine the quantity and orientation of cargo and compute aircraft center of gravity. May accompany aircraft as member of flight crew and monitor and handle cargo in flight, and assist and brief passengers on safety and emergency procedures. Includes loadmasters.",
53-0000,53-1000.00,53-1020.00,53-1020.00,"First-Line Supervisors of Helpers, Laborers, and Material Movers, Hand",Titled,Transportation and Material Moving Occupations,Supervisors of Transportation and Material Moving Workers,Broad Group,"Direct and coordinate the activities of workers who move freight or stock by hand. Assign tasks, schedule shifts, and enforce safety protocols.",
53-0000,53-1000.00,53-1020.00,53-1021.00,"First-Line Supervisors of Helpers, Laborers, and Material Movers, Hand",Role,Transportation and Material Moving Occupations,Supervisors of Transportation and Material Moving Workers,"First-Line Supervisors of Helpers, Laborers, and Material Movers, Hand","Directly supervise and coordinate the activities of helpers, laborers, or material movers.",
53-0000,53-1000.00,53-1020.00,53-1021.01,Recycling Coordinators,Role,Transportation and Material Moving Occupations,Supervisors of Transportation and Material Moving Workers,"First-Line Supervisors of Helpers, Laborers, and Material Movers, Hand",Supervise curbside and drop-off recycling programs for municipal governments or private firms.,
53-0000,53-1000.00,53-1030.00,53-1030.00,First-Line Supervisors of Transportation and Material-Moving Machine and Vehicle Operators,Titled,Transportation and Material Moving Occupations,Supervisors of Transportation and Material Moving Workers,Broad Group,"Supervise and schedule machine or vehicle operators (e.g., crane, forklift, or truck drivers). Ensure correct loading, adherence to regulations, and on-time deliveries.",
53-0000,53-1000.00,53-1030.00,53-1031.00,First-Line Supervisors of Transportation and Material-Moving Machine and Vehicle Operators,Role,Transportation and Material Moving Occupations,Supervisors of Transportation and Material Moving Workers,First-Line Supervisors of Transportation and Material-Moving Machine and Vehicle Operators,Directly supervise and coordinate activities of transportation and material-moving machine and vehicle operators and helpers.,
53-0000,53-2000.00,53-2000.00,53-2000.00,Air Transportation Workers,Main,Transportation and Material Moving Occupations,Minor Group,Minor Group,"The ""53-2000 Air Transportation Workers"" category encompasses a variety of occupations that deal with the operation and facilitation of air travel. This includes jobs such as pilots, flight attendants, and air traffic controllers, among others. Workers in this field typically require specialized training and certification due to the high level of responsibility and the technical knowledge required.",
53-0000,53-3000.00,53-2000.00,53-2000.00,Motor Vehicle Operators,Main,Transportation and Material Moving Occupations,Minor Group,Minor Group,"The ""53-3000 Motor Vehicle Operators"" category includes a range of occupations involving the operation of motor vehicles to transport people and goods. This category includes jobs such as bus drivers, taxi drivers, truck drivers, ambulance drivers, and more. Each of these jobs requires specific skills, certifications, and knowledge about safety regulations.",
53-0000,53-2000.00,53-2010.00,53-2010.00,Aircraft Pilots and Flight Engineers,Titled,Transportation and Material Moving Occupations,Air Transportation Workers,Broad Group,"Fly and navigate airplanes or helicopters. Monitor instruments, communicate with air traffic control, and ensure passenger and aircraft safety.",
53-0000,53-2000.00,53-2010.00,53-2011.00,"Airline Pilots, Copilots, and Flight Engineers",Role,Transportation and Material Moving Occupations,Air Transportation Workers,Aircraft Pilots and Flight Engineers,"Pilot and navigate the flight of fixed-wing, multi-engine aircraft, usually on scheduled air carrier routes, for the transport of passengers and cargo. Requires Federal Air Transport Pilot certificate and rating for specific aircraft type used. Includes regional, National, and international airline pilots and flight instructors of airline pilots.",
53-0000,53-2000.00,53-2010.00,53-2012.00,Commercial Pilots,Role,Transportation and Material Moving Occupations,Air Transportation Workers,Aircraft Pilots and Flight Engineers,"Pilot and navigate the flight of fixed-winged aircraft on nonscheduled air carrier routes, or helicopters. Requires Commercial Pilot certificate. Includes charter pilots with similar certification, and air ambulance and air tour pilots.",
53-0000,53-2000.00,53-2020.00,53-2020.00,Air Traffic Controllers and Airfield Operations Specialists,Titled,Transportation and Material Moving Occupations,Air Transportation Workers,Broad Group,"Coordinate safe takeoffs and landings of aircraft. Issue landing and takeoff instructions, manage runway traffic, and ensure minimal risks at airports.",
53-0000,53-2000.00,53-2020.00,53-2021.00,Air Traffic Controllers,Role,Transportation and Material Moving Occupations,Air Transportation Workers,Air Traffic Controllers and Airfield Operations Specialists,"Control air traffic on and within vicinity of airport and movement of air traffic between altitude sectors and control centers according to established procedures and policies. Authorize, regulate, and control commercial airline flights according to government or company regulations to expedite and ensure flight safety.",
53-0000,53-2000.00,53-2020.00,53-2022.00,Airfield Operations Specialists,Role,Transportation and Material Moving Occupations,Air Transportation Workers,Air Traffic Controllers and Airfield Operations Specialists,Ensure the safe takeoff and landing of commercial and military aircraft. Duties include coordination between air-traffic control and maintenance personnel; dispatching; using airfield landing and navigational aids; implementing airfield safety procedures; monitoring and maintaining flight records; and applying knowledge of weather information.,
53-0000,53-2000.00,53-2030.00,53-2030.00,Flight Attendants,Titled,Transportation and Material Moving Occupations,Air Transportation Workers,Broad Group,"Provide personal services to ensure the safety and comfort of airline passengers. Demonstrate emergency equipment usage, serve refreshments, and respond to passenger requests.",
53-0000,53-2000.00,53-2030.00,53-2031.00,Flight Attendants,Role,Transportation and Material Moving Occupations,Air Transportation Workers,Flight Attendants,"Provide personal services to ensure the safety, security, and comfort of airline passengers during flight. Greet passengers, verify tickets, explain use of safety equipment, and serve food or beverages.",
53-0000,53-2000.00,53-3010.00,53-3010.00,"Ambulance Drivers and Attendants, Except Emergency Medical Technicians",Titled,Transportation and Material Moving Occupations,Motor Vehicle Operators,Broad Group,"Drive ambulances to transport sick or injured persons. Follow instructions from dispatchers, assist paramedics as needed, and ensure safe transport to medical facilities.",
53-0000,53-2000.00,53-3010.00,53-3011.00,"Ambulance Drivers and Attendants, Except Emergency Medical Technicians",Role,Transportation and Material Moving Occupations,Motor Vehicle Operators,"Ambulance Drivers and Attendants, Except Emergency Medical Technicians","Drive ambulance or assist ambulance driver in transporting sick, injured, or convalescent persons. Assist in lifting patients.",
53-0000,53-2000.00,53-3020.00,53-3020.00,Bus Drivers,Titled,Transportation and Material Moving Occupations,Motor Vehicle Operators,Broad Group,"Operate buses to transport passengers along scheduled routes or on chartered trips. Maintain schedules, collect fares, and comply with traffic laws and safety regulations.",
53-0000,53-2000.00,53-3020.00,53-3021.00,"Bus Drivers, Transit and Intercity ",Role,Transportation and Material Moving Occupations,Motor Vehicle Operators,Bus Drivers,"Drive bus or motor coach, including regular route operations, charters, and private carriage. May assist passengers with baggage. May collect fares or tickets.",
53-0000,53-2000.00,53-3020.00,53-3022.00,"Bus Drivers, School or Special Client ",Role,Transportation and Material Moving Occupations,Motor Vehicle Operators,Bus Drivers,"Transport students or special clients, such as the elderly or persons with disabilities. Ensure adherence to safety rules. May assist passengers in boarding or exiting.",
53-0000,53-2000.00,53-3030.00,53-3030.00,Driver/Sales Workers and Truck Drivers,Titled,Transportation and Material Moving Occupations,Motor Vehicle Operators,Broad Group,"Transport goods or passengers, often operating large trucks or delivery vehicles. May also handle sales, load/unload cargo, track inventory, and ensure accurate deliveries.",
53-0000,53-2000.00,53-3030.00,53-3031.00,Driver/Sales Workers,Role,Transportation and Material Moving Occupations,Motor Vehicle Operators,Driver/Sales Workers and Truck Drivers,"Drive truck or other vehicle over established routes or within an established territory and sell or deliver goods, such as food products, including restaurant take-out items, or pick up or deliver items such as commercial laundry. May also take orders, collect payment, or stock merchandise at point of delivery. Includes newspaper delivery drivers.",
53-0000,53-2000.00,53-3030.00,53-3032.00,Heavy and Tractor-Trailer Truck Drivers,Role,Transportation and Material Moving Occupations,Motor Vehicle Operators,Driver/Sales Workers and Truck Drivers,"Drive a tractor-trailer combination or a truck with a capacity of at least 26,000 pounds Gross Vehicle Weight (GVW). May be required to unload truck. Requires commercial drivers' license.",
53-0000,53-2000.00,53-3030.00,53-3033.00,Light Truck or Delivery Services Drivers,Role,Transportation and Material Moving Occupations,Motor Vehicle Operators,Driver/Sales Workers and Truck Drivers,"Drive a light vehicle, such as a truck or van, with a capacity of less than 26,000 pounds Gross Vehicle Weight (GVW), primarily to deliver or pick up merchandise or to deliver packages. May load and unload vehicle.",
53-0000,53-2000.00,53-3040.00,53-3040.00,Taxi Drivers and Chauffeurs,Titled,Transportation and Material Moving Occupations,Motor Vehicle Operators,Broad Group,"Drive automobiles or limousines to transport passengers. Collect fares, assist with luggage, and follow local driving regulations.",
53-0000,53-2000.00,53-3040.00,53-3041.00,Taxi Drivers and Chauffeurs,Role,Transportation and Material Moving Occupations,Motor Vehicle Operators,Taxi Drivers and Chauffeurs,"Drive automobiles, vans, or limousines to transport passengers. May occasionally carry cargo. Includes hearse drivers.",
53-0000,53-2000.00,53-3090.00,53-3090.00,Miscellaneous Motor Vehicle Operators,Titled,Transportation and Material Moving Occupations,Motor Vehicle Operators,Broad Group,"Operate specialized motor vehicles, not included under other standard driver categories, possibly including shuttle or vehicle test drivers.",
53-0000,53-2000.00,53-3090.00,53-3099.00,"Motor Vehicle Operators, All Other",Role,Transportation and Material Moving Occupations,Motor Vehicle Operators,Miscellaneous Motor Vehicle Operators,All motor vehicle operators not listed separately.,
53-0000,53-4000.00,53-4000.00,53-4000.00,Rail Transportation Workers,Main,Transportation and Material Moving Occupations,Minor Group,Minor Group,"The ""53-4000 Rail Transportation Workers"" category includes occupations that involve the operation and maintenance of trains and rail systems. This includes roles such as locomotive engineers, conductors, and yardmasters, among others. These workers ensure the safe and efficient transportation of passengers and goods via rail systems.",
53-0000,53-4000.00,53-4010.00,53-4010.00,Locomotive Engineers and Operators,Titled,Transportation and Material Moving Occupations,Rail Transportation Workers,Broad Group,"Drive locomotives to transport passengers or freight. Monitor instruments, interpret signals, and oversee safe train operation.",
53-0000,53-4000.00,53-4010.00,53-4011.00,Locomotive Engineers,Role,Transportation and Material Moving Occupations,Rail Transportation Workers,Locomotive Engineers and Operators,"Drive electric, diesel-electric, steam, or gas-turbine-electric locomotives to transport passengers or freight. Interpret train orders, electronic or manual signals, and railroad rules and regulations.",
53-0000,53-4000.00,53-4010.00,53-4012.00,Locomotive Firers,Role,Transportation and Material Moving Occupations,Rail Transportation Workers,Locomotive Engineers and Operators,"Monitor locomotive instruments and watch for dragging equipment, obstacles on rights-of-way, and train signals during run. Watch for and relay traffic signals from yard workers to yard engineer in railroad yard.",
53-0000,53-4000.00,53-4010.00,53-4013.00,"Rail Yard Engineers, Dinkey Operators, and Hostlers",Role,Transportation and Material Moving Occupations,Rail Transportation Workers,Locomotive Engineers and Operators,"Drive switching or other locomotive or dinkey engines within railroad yard, industrial plant, quarry, construction project, or similar location.",
53-0000,53-4000.00,53-4020.00,53-4020.00,"Railroad Brake, Signal, and Switch Operators",Titled,Transportation and Material Moving Occupations,Rail Transportation Workers,Broad Group,"Operate track switches, couple or uncouple cars, or assist in controlling train movement. Monitor signals, follow dispatchers’ instructions, and maintain safety.",
53-0000,53-4000.00,53-4020.00,53-4021.00,"Railroad Brake, Signal, and Switch Operators",Role,Transportation and Material Moving Occupations,Rail Transportation Workers,"Railroad Brake, Signal, and Switch Operators","Operate railroad track switches. Couple or uncouple rolling stock to make up or break up trains. Signal engineers by hand or flagging. May inspect couplings, air hoses, journal boxes, and hand brakes.",
53-0000,53-4000.00,53-4030.00,53-4030.00,Railroad Conductors and Yardmasters,Titled,Transportation and Material Moving Occupations,Rail Transportation Workers,Broad Group,"Coordinate train crew activities, manage railcars, and operate within rail yards to ensure safe train assembly and movement.",
53-0000,53-4000.00,53-4030.00,53-4031.00,Railroad Conductors and Yardmasters,Role,Transportation and Material Moving Occupations,Rail Transportation Workers,Railroad Conductors and Yardmasters,"Coordinate activities of switch-engine crew within railroad yard, industrial plant, or similar location. Conductors coordinate activities of train crew on passenger or freight trains. Yardmasters review train schedules and switching orders and coordinate activities of workers engaged in railroad traffic operations, such as the makeup or breakup of trains and yard switching.",
53-0000,53-4000.00,53-4040.00,53-4040.00,Subway and Streetcar Operators,Titled,Transportation and Material Moving Occupations,Rail Transportation Workers,Broad Group,"Drive electric-powered streetcars or subways. Follow schedules, stop at designated stations, operate doors, and ensure passenger safety.",
53-0000,53-4000.00,53-4040.00,53-4041.00,Subway and Streetcar Operators,Role,Transportation and Material Moving Occupations,Rail Transportation Workers,Subway and Streetcar Operators,"Operate subway or elevated suburban trains with no separate locomotive, or electric-powered streetcar, to transport passengers. May handle fares.",
53-0000,53-4000.00,53-4090.00,53-4090.00,Miscellaneous Rail Transportation Workers,Titled,Transportation and Material Moving Occupations,Rail Transportation Workers,Broad Group,"Perform tasks in rail transportation not covered by other job titles. Might include specialized signaling, track inspection, or passenger assistance roles.",
53-0000,53-4000.00,53-4090.00,53-4099.00,"Rail Transportation Workers, All Other",Role,Transportation and Material Moving Occupations,Rail Transportation Workers,Miscellaneous Rail Transportation Workers,All rail transportation workers not listed separately.,
53-0000,53-5000.00,53-5000.00,53-5000.00,Water Transportation Workers,Main,Transportation and Material Moving Occupations,Minor Group,Minor Group,"The ""53-5000 Water Transportation Workers"" category encompasses occupations that involve the operation and maintenance of vessels that transport passengers and cargo over water. This includes roles such as ship captains, mates, sailors, marine oilers, and ship engineers. These workers are responsible for managing the vessel, ensuring the safety of passengers and cargo, and maintaining the ship's equipment and structures.",
53-0000,53-5000.00,53-5010.00,53-5010.00,Sailors and Marine Oilers,Titled,Transportation and Material Moving Occupations,Water Transportation Workers,Broad Group,"Stand watch, handle lines, or maintain decks on ships or other water vessels. Lubricate machinery, repair cables, and manage onboard tasks for efficient operation.",
53-0000,53-5000.00,53-5010.00,53-5011.00,Sailors and Marine Oilers,Role,Transportation and Material Moving Occupations,Water Transportation Workers,Sailors and Marine Oilers,"Stand watch to look for obstructions in path of vessel, measure water depth, turn wheel on bridge, or use emergency equipment as directed by captain, mate, or pilot. Break out, rig, overhaul, and store cargo-handling gear, stationary rigging, and running gear. Perform a variety of maintenance tasks to preserve the painted surface of the ship and to maintain line and ship equipment. Must hold government-issued certification and tankerman certification when working aboard liquid-carrying vessels. Includes able seamen and ordinary seamen.",
53-0000,53-5000.00,53-5020.00,53-5020.00,Ship and Boat Captains and Operators,Titled,Transportation and Material Moving Occupations,Water Transportation Workers,Broad Group,"Command water vessels like tugboats, ferries, or cargo ships. Navigate routes, supervise crew, and ensure safe loading and unloading of cargo or passengers.",
53-0000,53-5000.00,53-5020.00,53-5021.00,"Captains, Mates, and Pilots of Water Vessels",Role,Transportation and Material Moving Occupations,Water Transportation Workers,Ship and Boat Captains and Operators,"Command or supervise operations of ships and water vessels, such as tugboats and ferryboats. Required to hold license issued by U.S. Coast Guard.",
53-0000,53-5000.00,53-5020.00,53-5021.01,Ship and Boat Captains,Role,Transportation and Material Moving Occupations,Water Transportation Workers,Ship and Boat Captains and Operators,"Command vessels in oceans, bays, lakes, rivers, or coastal waters.",
53-0000,53-5000.00,53-5020.00,53-5021.02,"Mates- Ship, Boat, and Barge",Role,Transportation and Material Moving Occupations,Water Transportation Workers,Ship and Boat Captains and Operators,"Supervise or coordinate activities of crew aboard ships, boats, barges, or dredges.",
53-0000,53-5000.00,53-5020.00,53-5021.03,"Pilots, Ship",Role,Transportation and Material Moving Occupations,Water Transportation Workers,Ship and Boat Captains and Operators,"Command ships to steer them into and out of harbors, estuaries, straits, or sounds, or on rivers, lakes, or bays. Must be licensed by U.S. Coast Guard with limitations indicating class and tonnage of vessels for which license is valid and route and waters that may be piloted.",
53-0000,53-5000.00,53-5020.00,53-5022.00,Motorboat Operators,Role,Transportation and Material Moving Occupations,Water Transportation Workers,Ship and Boat Captains and Operators,Operate small motor-driven boats. May assist in navigational activities.,
53-0000,53-5000.00,53-5030.00,53-5030.00,Ship Engineers,Titled,Transportation and Material Moving Occupations,Water Transportation Workers,Broad Group,"Operate and maintain engines and related systems aboard ships. Monitor machinery, troubleshoot issues, and oversee repairs to ensure vessel safety.",
53-0000,53-5000.00,53-5030.00,53-5031.00,Ship Engineers,Role,Transportation and Material Moving Occupations,Water Transportation Workers,Ship Engineers,"Supervise and coordinate activities of crew engaged in operating and maintaining engines, boilers, deck machinery, and electrical, sanitary, and refrigeration equipment aboard ship.",
53-0000,53-6000.00,53-6000.00,53-6000.00,Other Transportation Workers,Main,Transportation and Material Moving Occupations,Minor Group,Minor Group,"The ""53-6000 Other Transportation Workers"" category includes a variety of occupations that involve transportation services not classified in other categories. This includes roles such as parking lot attendants, automotive and watercraft service attendants, transportation inspectors, freight and cargo inspectors, and bridge and lock tenders.",
53-0000,53-6000.00,53-6010.00,53-6010.00,Bridge and Lock Tenders,Titled,Transportation and Material Moving Occupations,Other Transportation Workers,Broad Group,"Operate and monitor drawbridges, locks, or similar mechanisms to allow boat traffic. Communicate with vessel operators and manage signals or gates.",
53-0000,53-6000.00,53-6010.00,53-6011.00,Bridge and Lock Tenders,Role,Transportation and Material Moving Occupations,Other Transportation Workers,Bridge and Lock Tenders,"Operate and tend bridges, canal locks, and lighthouses to permit marine passage on inland waterways, near shores, and at danger points in waterway passages. May supervise such operations. Includes drawbridge operators, lock operators, and slip bridge operators.",
53-0000,53-6000.00,53-6020.00,53-6020.00,Parking Lot Attendants,Titled,Transportation and Material Moving Occupations,Other Transportation Workers,Broad Group,"Park or retrieve vehicles for customers at parking facilities. Collect fees, provide directions, and maintain orderly traffic flow.",
53-0000,53-6000.00,53-6020.00,53-6021.00,Parking Lot Attendants,Role,Transportation and Material Moving Occupations,Other Transportation Workers,Parking Lot Attendants,Park vehicles or issue tickets for customers in a parking lot or garage. May collect fee.,
53-0000,53-6000.00,53-6030.00,53-6030.00,Automotive and Watercraft Service Attendants,Titled,Transportation and Material Moving Occupations,Other Transportation Workers,Broad Group,"Provide fueling, cleaning, or routine maintenance for cars or boats. May check fluid levels, wash vehicles, and offer basic customer service.",
53-0000,53-6000.00,53-6030.00,53-6031.00,Automotive and Watercraft Service Attendants,Role,Transportation and Material Moving Occupations,Other Transportation Workers,Automotive and Watercraft Service Attendants,"Service automobiles, buses, trucks, boats, and other automotive or marine vehicles with fuel, lubricants, and accessories. Collect payment for services and supplies. May lubricate vehicle, change motor oil, install antifreeze, or replace lights or other accessories, such as windshield wiper blades or fan belts. May repair or replace tires.",
53-0000,53-6000.00,53-6040.00,53-6040.00,Traffic Technicians,Titled,Transportation and Material Moving Occupations,Other Transportation Workers,Broad Group,"Collect and analyze traffic data, set up traffic counters, evaluate patterns, and suggest traffic flow improvements.",
53-0000,53-6000.00,53-6040.00,53-6041.00,Traffic Technicians,Role,Transportation and Material Moving Occupations,Other Transportation Workers,Traffic Technicians,"Conduct field studies to determine traffic volume, speed, effectiveness of signals, adequacy of lighting, and other factors influencing traffic conditions, under direction of traffic engineer.",
53-0000,53-6000.00,53-6050.00,53-6050.00,Transportation Inspectors,Titled,Transportation and Material Moving Occupations,Other Transportation Workers,Broad Group,"Examine transportation equipment (aircraft, ships, or railcars) to ensure compliance with regulations. Check safety devices, review documentation, and investigate accidents.",
53-0000,53-6000.00,53-6050.00,53-6051.00,Transportation Inspectors,Role,Transportation and Material Moving Occupations,Other Transportation Workers,Transportation Inspectors,"Inspect equipment or goods in connection with the safe transport of cargo or people. Includes rail transportation inspectors, such as freight inspectors; rail inspectors; and other inspectors of transportation vehicles, not elsewhere classified.",
53-0000,53-6000.00,53-6050.00,53-6051.01,Aviation Inspectors,Role,Transportation and Material Moving Occupations,Other Transportation Workers,Transportation Inspectors,"Inspect aircraft, maintenance procedures, air navigational aids, air traffic controls, and communications equipment to ensure conformance with Federal safety regulations.",
53-0000,53-6000.00,53-6050.00,53-6051.07,"Transportation Vehicle, Equipment and Systems Inspectors, Except Aviation",Role,Transportation and Material Moving Occupations,Other Transportation Workers,Transportation Inspectors,"Inspect and monitor transportation equipment, vehicles, or systems to ensure compliance with regulations and safety standards.",
53-0000,53-6000.00,53-6050.00,53-6051.08,Freight and Cargo Inspectors,Role,Transportation and Material Moving Occupations,Other Transportation Workers,Transportation Inspectors,"Inspect the handling, storage, and stowing of freight and cargoes.",
53-0000,53-6000.00,53-6060.00,53-6060.00,"Transportation Attendants, Except Flight Attendants",Titled,Transportation and Material Moving Occupations,Other Transportation Workers,Broad Group,"Provide services to ensure passenger comfort or safety on trains, ships, or buses. Greet passengers, check tickets, and offer basic assistance.",
53-0000,53-6000.00,53-6060.00,53-6061.00,"Transportation Attendants, Except Flight Attendants ",Role,Transportation and Material Moving Occupations,Other Transportation Workers,"Transportation Attendants, Except Flight Attendants","Provide services to ensure the safety and comfort of passengers aboard ships, buses, trains, or within the station or terminal. Perform duties such as greeting passengers, explaining the use of safety equipment, serving meals or beverages, or answering questions related to travel.",
53-0000,53-6000.00,53-6090.00,53-6090.00,Miscellaneous Transportation Workers,Titled,Transportation and Material Moving Occupations,Other Transportation Workers,Broad Group,"Occupations in transportation support not classified elsewhere. May include auto transporters, people who pilot specialized vehicles, or traffic escorts.",
53-0000,53-6000.00,53-6090.00,53-6099.00,"Transportation Workers, All Other",Role,Transportation and Material Moving Occupations,Other Transportation Workers,Miscellaneous Transportation Workers,All transportation workers not listed separately.,
53-0000,53-7000.00,53-7000.00,53-7000.00,Material Moving Workers,Main,Transportation and Material Moving Occupations,Minor Group,Minor Group,"The ""53-7000 Material Moving Workers"" category covers occupations that involve moving freight, stock, or other materials or helping others to move materials. This includes roles such as conveyor operators, crane and tower operators, dredge operators, hoist and winch operators, industrial truck and tractor operators, cleaners of vehicles and equipment, laborers and freight, stock, and material movers, hand packers, and packagers.",
53-0000,53-7000.00,53-7010.00,53-7010.00,Conveyor Operators and Tenders,Titled,Transportation and Material Moving Occupations,Material Moving Workers,Broad Group,"Control conveyor systems to move materials or products. Adjust speeds, distribute loads, and clear jams to maintain safe, efficient flow.",
53-0000,53-7000.00,53-7010.00,53-7011.00,Conveyor Operators and Tenders,Role,Transportation and Material Moving Occupations,Material Moving Workers,Conveyor Operators and Tenders,"Control or tend conveyors or conveyor systems that move materials or products to and from stockpiles, processing stations, departments, or vehicles. May control speed and routing of materials or products.",
53-0000,53-7000.00,53-7020.00,53-7020.00,Crane and Tower Operators,Titled,Transportation and Material Moving Occupations,Material Moving Workers,Broad Group,"Operate mechanical cranes or towers to lift, move, and position loads. Calculate load weights, follow signals, and monitor equipment performance.",
53-0000,53-7000.00,53-7020.00,53-7021.00,Crane and Tower Operators,Role,Transportation and Material Moving Occupations,Material Moving Workers,Crane and Tower Operators,"Operate mechanical boom and cable or tower and cable equipment to lift and move materials, machines, or products in many directions.",
53-0000,53-7000.00,53-7030.00,53-7030.00,"Dredge, Excavating, and Loading Machine Operators",Titled,Transportation and Material Moving Occupations,Material Moving Workers,Broad Group,"Use machinery to scoop or scrape earth, sand, gravel, or other materials. Dredge waterways or load trucks in construction or mining.",
53-0000,53-7000.00,53-7030.00,53-7031.00,Dredge Operators,Role,Transportation and Material Moving Occupations,Material Moving Workers,"Dredge, Excavating, and Loading Machine Operators","Operate dredge to remove sand, gravel, or other materials in order to excavate and maintain navigable channels in waterways.",
53-0000,53-7000.00,53-7030.00,53-7032.00,Excavating and Loading Machine and Dragline Operators,Role,Transportation and Material Moving Occupations,Material Moving Workers,"Dredge, Excavating, and Loading Machine Operators","Operate or tend machinery equipped with scoops, shovels, or buckets, to excavate and load loose materials.",
53-0000,53-7000.00,53-7030.00,53-7033.00,"Loading Machine Operators, Underground Mining",Role,Transportation and Material Moving Occupations,Material Moving Workers,"Dredge, Excavating, and Loading Machine Operators","Operate underground loading machine to load coal, ore, or rock into shuttle or mine car or onto conveyors. Loading equipment may include power shovels, hoisting engines equipped with cable-drawn scraper or scoop, or machines equipped with gathering arms and conveyor.",
53-0000,53-7000.00,53-7040.00,53-7040.00,Hoist and Winch Operators,Titled,Transportation and Material Moving Occupations,Material Moving Workers,Broad Group,"Operate hoists or winches to move loads vertically. Work with riggers or crane operators, follow signals, and keep logs of materials moved.",
53-0000,53-7000.00,53-7040.00,53-7041.00,Hoist and Winch Operators,Role,Transportation and Material Moving Occupations,Material Moving Workers,Hoist and Winch Operators,Operate or tend hoists or winches to lift and pull loads using power-operated cable equipment.,
53-0000,53-7000.00,53-7050.00,53-7050.00,Industrial Truck and Tractor Operators,Titled,Transportation and Material Moving Occupations,Material Moving Workers,Broad Group,"Drive industrial trucks or tractors equipped with forklifts, booms, or other devices to move materials in warehouses or construction sites.",
53-0000,53-7000.00,53-7050.00,53-7051.00,Industrial Truck and Tractor Operators,Role,Transportation and Material Moving Occupations,Material Moving Workers,Industrial Truck and Tractor Operators,"Operate industrial trucks or tractors equipped to move materials around a warehouse, storage yard, factory, construction site, or similar location.",
53-0000,53-7000.00,53-7060.00,53-7060.00,"Laborers and Material Movers, Hand",Titled,Transportation and Material Moving Occupations,Material Moving Workers,Broad Group,"Manually move freight, stock, or other materials. May load or unload trucks, carry items, or sort shipments in warehouses or production facilities.",
53-0000,53-7000.00,53-7060.00,53-7061.00,Cleaners of Vehicles and Equipment,Role,Transportation and Material Moving Occupations,Material Moving Workers,"Laborers and Material Movers, Hand","Wash or otherwise clean vehicles, machinery, and other equipment. Use such materials as water, cleaning agents, brushes, cloths, and hoses.",
53-0000,53-7000.00,53-7060.00,53-7062.00,"Laborers and Freight, Stock, and Material Movers, Hand",Role,Transportation and Material Moving Occupations,Material Moving Workers,"Laborers and Material Movers, Hand","Manually move freight, stock, or other materials or perform other general labor. Includes all manual laborers not elsewhere classified.",
53-0000,53-7000.00,53-7060.00,53-7063.00,Machine Feeders and Offbearers,Role,Transportation and Material Moving Occupations,Material Moving Workers,"Laborers and Material Movers, Hand",Feed materials into or remove materials from machines or equipment that is automatic or tended by other workers.,
53-0000,53-7000.00,53-7060.00,53-7064.00,"Packers and Packagers, Hand",Role,Transportation and Material Moving Occupations,Material Moving Workers,"Laborers and Material Movers, Hand",Pack or package by hand a wide variety of products and materials.,
53-0000,53-7000.00,53-7070.00,53-7070.00,Pumping Station Operators,Titled,Transportation and Material Moving Occupations,Material Moving Workers,Broad Group,"Tend and maintain pumps for transferring materials like oil, gas, or water. Monitor pressure gauges, regulate flow, and perform routine maintenance.",
53-0000,53-7000.00,53-7070.00,53-7071.00,Gas Compressor and Gas Pumping Station Operators,Role,Transportation and Material Moving Occupations,Material Moving Workers,Pumping Station Operators,"Operate steam, gas, electric motor, or internal combustion engine driven compressors. Transmit, compress, or recover gases, such as butane, nitrogen, hydrogen, and natural gas.",
53-0000,53-7000.00,53-7070.00,53-7072.00,"Pump Operators, Except Wellhead Pumpers",Role,Transportation and Material Moving Occupations,Material Moving Workers,Pumping Station Operators,"Tend, control, or operate power-driven, stationary, or portable pumps and manifold systems to transfer gases, oil, other liquids, slurries, or powdered materials to and from various vessels and processes.",
53-0000,53-7000.00,53-7070.00,53-7073.00,Wellhead Pumpers,Role,Transportation and Material Moving Occupations,Material Moving Workers,Pumping Station Operators,Operate power pumps and auxiliary equipment to produce flow of oil or gas from wells in oil field.,
53-0000,53-7000.00,53-7080.00,53-7080.00,Refuse and Recyclable Material Collectors,Titled,Transportation and Material Moving Occupations,Material Moving Workers,Broad Group,"Collect and transport garbage or recyclable materials from homes and businesses. Operate trucks or equipment, follow routes, and ensure safe disposal.",
53-0000,53-7000.00,53-7080.00,53-7081.00,Refuse and Recyclable Material Collectors,Role,Transportation and Material Moving Occupations,Material Moving Workers,Refuse and Recyclable Material Collectors,Collect and dump refuse or recyclable materials from containers into truck. May drive truck.,
53-0000,53-7000.00,53-7110.00,53-7110.00,Mine Shuttle Car Operators,Titled,Transportation and Material Moving Occupations,Material Moving Workers,Broad Group,Operate diesel or electric-powered shuttle cars in underground mines to transport coal or ore. Maneuver in tight spaces and maintain safety.,
53-0000,53-7000.00,53-7110.00,53-7111.00,Mine Shuttle Car Operators,Role,Transportation and Material Moving Occupations,Material Moving Workers,Mine Shuttle Car Operators,Operate diesel or electric-powered shuttle car in underground mine to transport materials from working face to mine cars or conveyor.,
53-0000,53-7000.00,53-7120.00,53-7120.00,"Tank Car, Truck, and Ship Loaders",Titled,Transportation and Material Moving Occupations,Material Moving Workers,Broad Group,"Load and unload chemicals or bulk solids into or from tank cars, trucks, or ships. Use pumps, hoses, or conveyor belts and adhere to safety and environmental rules.",
53-0000,53-7000.00,53-7120.00,53-7121.00,"Tank Car, Truck, and Ship Loaders",Role,Transportation and Material Moving Occupations,Material Moving Workers,"Tank Car, Truck, and Ship Loaders","Load and unload chemicals and bulk solids, such as coal, sand, and grain into or from tank cars, trucks, or ships using material moving equipment. May perform a variety of other tasks relating to shipment of products. May gauge or sample shipping tanks and test them for leaks.",
53-0000,53-7000.00,53-7190.00,53-7190.00,Miscellaneous Material Moving Workers,Titled,Transportation and Material Moving Occupations,Material Moving Workers,Broad Group,"Conduct specialized material-moving duties not included in other categories, such as rigging, logging yard operations, or forklift duties in unique settings.",
53-0000,53-7000.00,53-7190.00,53-7199.00,"Material Moving Workers, All Other",Role,Transportation and Material Moving Occupations,Material Moving Workers,Miscellaneous Material Moving Workers,All material moving workers not listed separately.,
55-0000,55-0000.00,55-0000.00,55-0000.00,Military Specific Occupations,Major,Major Group,Major Group,Major Group,"Encompasses all roles specific to the armed forces, including enlisted and officer positions. Individuals in these occupations perform national defense duties, from combat operations to specialized tactical support.",
55-0000,55-1000.00,55-1000.00,55-1000.00,Military Officer Special and Tactical Operations Leaders,Main,Military Specific Occupations,Minor Group,Minor Group,"The ""55-1000 Military Officer Special and Tactical Operations Leaders"" category includes roles focused on leading operations and units in the U.S. Armed Forces. These include high-level leaders in special operations, such as those within the Army Special Forces, Navy SEALs, Air Force Special Operations, Marine Corps Special Operations, and other similar groups. It's important to note that military pay is not determined in the same way as civilian pay. It's primarily based on rank and years of service, and it includes allowances for housing, food, and other benefits.",
55-0000,55-1000.00,55-1010.00,55-1010.00,Military Officer Special and Tactical Operations Leaders,Titled,Military Specific Occupations,Military Officer Special and Tactical Operations Leaders,Broad Group,"Lead units in specialized military operations (infantry, special forces, or tactical teams). Plan missions, oversee personnel, coordinate logistics, and manage training.",
55-0000,55-1000.00,55-1010.00,55-1011.00,Air Crew Officers,Role,Military Specific Occupations,Military Officer Special and Tactical Operations Leaders,Military Officer Special and Tactical Operations Leaders,"Perform and direct in-flight duties to ensure the successful completion of combat, reconnaissance, transport, and search and rescue missions. Duties include operating aircraft communications and radar equipment, such as establishing satellite linkages and jamming enemy communications capabilities; operating aircraft weapons and defensive systems; conducting pre-flight, in-flight, and post-flight inspections of onboard equipment; and directing cargo and personnel drops.",
55-0000,55-1000.00,55-1010.00,55-1012.00,Aircraft Launch and Recovery Officers,Role,Military Specific Occupations,Military Officer Special and Tactical Operations Leaders,Military Officer Special and Tactical Operations Leaders,"Plan and direct the operation and maintenance of catapults, arresting gear, and associated mechanical, hydraulic, and control systems involved primarily in aircraft carrier takeoff and landing operations. Duties include supervision of readiness and safety of arresting gear, launching equipment, barricades, and visual landing aid systems; planning and coordinating the design, development, and testing of launch and recovery systems; preparing specifications for catapult and arresting gear installations; evaluating design proposals; determining handling equipment needed for new aircraft; preparing technical data and instructions for operation of landing aids; and training personnel in carrier takeoff and landing procedures.",
55-0000,55-1000.00,55-1010.00,55-1013.00,Armored Assault Vehicle Officers,Role,Military Specific Occupations,Military Officer Special and Tactical Operations Leaders,Military Officer Special and Tactical Operations Leaders,"Direct the operation of tanks, light armor, and amphibious assault vehicle units during combat situations on land or in aquatic environments. Duties include directing crew members in the operation of targeting and firing systems; coordinating the operation of advanced onboard communications and navigation equipment; directing the transport of personnel and equipment during combat; formulating and implementing battle plans, including the tactical employment of armored vehicle units; and coordinating with infantry, artillery, and air support units.",
55-0000,55-1000.00,55-1010.00,55-1014.00,Artillery and Missile Officers,Role,Military Specific Occupations,Military Officer Special and Tactical Operations Leaders,Military Officer Special and Tactical Operations Leaders,"Manage personnel and weapons operations to destroy enemy positions, aircraft, and vessels. Duties include planning, targeting, and coordinating the tactical deployment of field artillery and air defense artillery missile systems units; directing the establishment and operation of fire control communications systems; targeting and launching intercontinental ballistic missiles; directing the storage and handling of nuclear munitions and components; overseeing security of weapons storage and launch facilities; and managing maintenance of weapons systems.",
55-0000,55-1000.00,55-1010.00,55-1015.00,Command and Control Center Officers,Role,Military Specific Occupations,Military Officer Special and Tactical Operations Leaders,Military Officer Special and Tactical Operations Leaders,"Manage the operation of communications, detection, and weapons systems essential for controlling air, ground, and naval operations. Duties include managing critical communication links between air, naval, and ground forces; formulating and implementing emergency plans for natural and wartime disasters; coordinating emergency response teams and agencies; evaluating command center information and need for high-level military and government reporting; managing the operation of surveillance and detection systems; providing technical information and advice on capabilities and operational readiness; and directing operation of weapons targeting, firing, and launch computer systems.",
55-0000,55-1000.00,55-1010.00,55-1016.00,Infantry Officers,Role,Military Specific Occupations,Military Officer Special and Tactical Operations Leaders,Military Officer Special and Tactical Operations Leaders,"Direct, train, and lead infantry units in ground combat operations. Duties include directing deployment of infantry weapons, vehicles, and equipment; directing location, construction, and camouflage of infantry positions and equipment; managing field communications operations; coordinating with armor, artillery, and air support units; performing strategic and tactical planning, including battle plan development; and leading basic reconnaissance operations.",
55-0000,55-1000.00,55-1010.00,55-1017.00,Special Forces Officers,Role,Military Specific Occupations,Military Officer Special and Tactical Operations Leaders,Military Officer Special and Tactical Operations Leaders,"Lead elite teams that implement unconventional operations by air, land, or sea during combat or peacetime. These activities include offensive raids, demolitions, reconnaissance, search and rescue, and counterterrorism. In addition to their combat training, special forces officers often have specialized training in swimming, diving, parachuting, survival, emergency medicine, and foreign languages. Duties include directing advanced reconnaissance operations and evaluating intelligence information; recruiting, training, and equipping friendly forces; leading raids and invasions on enemy territories; training personnel to implement individual missions and contingency plans; performing strategic and tactical planning for politically sensitive missions; and operating sophisticated communications equipment.",
55-0000,55-1000.00,55-1010.00,55-1019.00,"Military Officer Special and Tactical Operations Leaders, All Other",Role,Military Specific Occupations,Military Officer Special and Tactical Operations Leaders,Military Officer Special and Tactical Operations Leaders,All military officer special and tactical operations leaders not listed separately.,
55-0000,55-2000.00,55-2000.00,55-2000.00,First-Line Enlisted Military Supervisors,Main,Military Specific Occupations,Minor Group,Minor Group,"The ""55-2000 First-Line Enlisted Military Supervisors"" category includes roles that primarily involve leading and coordinating the activities of enlisted military personnel. These roles typically involve supervision of enlisted personnel and may include roles such as squad leaders, section leaders, flight line chiefs, and others.",
55-0000,55-2000.00,55-2010.00,55-2010.00,First-Line Enlisted Military Supervisors,Titled,Military Specific Occupations,First-Line Enlisted Military Supervisors,Broad Group,"Supervise and coordinate the activities of enlisted personnel. Provide leadership, training, and administrative support for teams within various branches of the armed forces.",
55-0000,55-2000.00,55-2010.00,55-2011.00,First-Line Supervisors of Air Crew Members,Role,Military Specific Occupations,First-Line Enlisted Military Supervisors,First-Line Enlisted Military Supervisors,Supervise and coordinate the activities of air crew members. Supervisors may also perform the same activities as the workers they supervise.,
55-0000,55-2000.00,55-2010.00,55-2012.00,First-Line Supervisors of Weapons Specialists/Crew Members,Role,Military Specific Occupations,First-Line Enlisted Military Supervisors,First-Line Enlisted Military Supervisors,Supervise and coordinate the activities of weapons specialists/crew members. Supervisors may also perform the same activities as the workers they supervise.,
55-0000,55-2000.00,55-2010.00,55-2013.00,First-Line Supervisors of All Other Tactical Operations Specialists,Role,Military Specific Occupations,First-Line Enlisted Military Supervisors,First-Line Enlisted Military Supervisors,Supervise and coordinate the activities of all other tactical operations specialists not classified separately above. Supervisors may also perform the same activities as the workers they supervise.,
55-0000,55-3000.00,55-3000.00,55-3000.00,Military Enlisted Tactical Operations and Air/Weapons Specialists and Crew Members,Main,Military Specific Occupations,Minor Group,Minor Group,"The ""55-3000 Military Enlisted Tactical Operations and Air/Weapons Specialists and Crew Members"" category includes roles that involve technical and tactical operations in the U.S. Armed Forces. These roles typically require specialized training and skills and may include roles such as infantry, artillery specialists, combat vehicle crew, aircraft weapons specialists, and others.",
55-0000,55-3000.00,55-3010.00,55-3010.00,Military Enlisted Tactical Operations and Air/Weapons Specialists and Crew Members,Titled,Military Specific Occupations,Military Enlisted Tactical Operations and Air/Weapons Specialists and Crew Members,Broad Group,"Operate, maintain, and monitor weapons or aircraft systems, often in combat or tactical missions. Provide direct support to ground, air, or naval units.",
55-0000,55-3000.00,55-3010.00,55-3011.00,Air Crew Members,Role,Military Specific Occupations,Military Enlisted Tactical Operations and Air/Weapons Specialists and Crew Members,Military Enlisted Tactical Operations and Air/Weapons Specialists and Crew Members,"Perform in-flight duties to ensure the successful completion of combat, reconnaissance, transport, and search and rescue missions. Duties include operating aircraft communications and detection equipment, including establishing satellite linkages and jamming enemy communications capabilities; conducting pre-flight, in-flight, and post-flight inspections of onboard equipment; operating and maintaining aircraft weapons and defensive systems; operating and maintaining aircraft in-flight refueling systems; executing aircraft safety and emergency procedures; computing and verifying passenger, cargo, fuel, and emergency and special equipment weight and balance data; and conducting cargo and personnel drops.",
55-0000,55-3000.00,55-3010.00,55-3012.00,Aircraft Launch and Recovery Specialists,Role,Military Specific Occupations,Military Enlisted Tactical Operations and Air/Weapons Specialists and Crew Members,Military Enlisted Tactical Operations and Air/Weapons Specialists and Crew Members,"Operate and maintain catapults, arresting gear, and associated mechanical, hydraulic, and control systems involved primarily in aircraft carrier takeoff and landing operations. Duties include installing and maintaining visual landing aids; testing and maintaining launch and recovery equipment using electric and mechanical test equipment and hand tools; activating airfield arresting systems, such as crash barriers and cables, during emergency landing situations; directing aircraft launch and recovery operations using hand or light signals; and maintaining logs of airplane launches, recoveries, and equipment maintenance.",
55-0000,55-3000.00,55-3010.00,55-3013.00,Armored Assault Vehicle Crew Members,Role,Military Specific Occupations,Military Enlisted Tactical Operations and Air/Weapons Specialists and Crew Members,Military Enlisted Tactical Operations and Air/Weapons Specialists and Crew Members,"Operate tanks, light armor, and amphibious assault vehicles during combat situations on land or in aquatic environments. Duties include driving armored vehicles which require specialized training; operating and maintaining targeting and firing systems; operating and maintaining advanced onboard communications and navigation equipment; transporting personnel and equipment in a combat environment; and operating and maintaining auxiliary weapons, including machine guns and grenade launchers.",
55-0000,55-3000.00,55-3010.00,55-3014.00,Artillery and Missile Crew Members,Role,Military Specific Occupations,Military Enlisted Tactical Operations and Air/Weapons Specialists and Crew Members,Military Enlisted Tactical Operations and Air/Weapons Specialists and Crew Members,"Target, fire, and maintain weapons used to destroy enemy positions, aircraft, and vessels. Field artillery crew members predominantly use guns, cannons, and howitzers in ground combat operations, while air defense artillery crew members predominantly use missiles and rockets. Naval artillery crew members predominantly use torpedoes and missiles launched from a ship or submarine. Duties include testing, inspecting, and storing ammunition, missiles, and torpedoes; conducting preventive and routine maintenance on weapons and related equipment; establishing and maintaining radio and wire communications; and operating weapons targeting, firing, and launch computer systems.",
55-0000,55-3000.00,55-3010.00,55-3015.00,Command and Control Center Specialists,Role,Military Specific Occupations,Military Enlisted Tactical Operations and Air/Weapons Specialists and Crew Members,Military Enlisted Tactical Operations and Air/Weapons Specialists and Crew Members,"Operate and monitor communications, detection, and weapons systems essential for controlling air, ground, and naval operations. Duties include maintaining and relaying critical communications between air, naval, and ground forces; implementing emergency plans for natural and wartime disasters; relaying command center information to high-level military and government decision makers; monitoring surveillance and detection systems, such as air defense; interpreting and evaluating tactical situations and making recommendations to superiors; and operating weapons targeting, firing, and launch computer systems.",
55-0000,55-3000.00,55-3010.00,55-3016.00,Infantry,Role,Military Specific Occupations,Military Enlisted Tactical Operations and Air/Weapons Specialists and Crew Members,Military Enlisted Tactical Operations and Air/Weapons Specialists and Crew Members,"Operate weapons and equipment in ground combat operations. Duties include operating and maintaining weapons, such as rifles, machine guns, mortars, and hand grenades; locating, constructing, and camouflaging infantry positions and equipment; evaluating terrain and recording topographical information; operating and maintaining field communications equipment; assessing need for and directing supporting fire; placing explosives and performing minesweeping activities on land; and participating in basic reconnaissance operations.",
55-0000,55-3000.00,55-3010.00,55-3017.00,Radar and Sonar Technicians,Role,Military Specific Occupations,Military Enlisted Tactical Operations and Air/Weapons Specialists and Crew Members,Military Enlisted Tactical Operations and Air/Weapons Specialists and Crew Members,"Operate equipment using radio or sound wave technology to identify, track, and analyze objects or natural phenomena of military interest. Includes airborne, shipboard, and terrestrial positions. May perform minor maintenance.",
55-0000,55-3000.00,55-3010.00,55-3018.00,Special Forces,Role,Military Specific Occupations,Military Enlisted Tactical Operations and Air/Weapons Specialists and Crew Members,Military Enlisted Tactical Operations and Air/Weapons Specialists and Crew Members,"Implement unconventional operations by air, land, or sea during combat or peacetime as members of elite teams. These activities include offensive raids, demolitions, reconnaissance, search and rescue, and counterterrorism. In addition to their combat training, special forces members often have specialized training in swimming, diving, parachuting, survival, emergency medicine, and foreign languages. Duties include conducting advanced reconnaissance operations and collecting intelligence information; recruiting, training, and equipping friendly forces; conducting raids and invasions on enemy territories; laying and detonating explosives for demolition targets; locating, identifying, defusing, and disposing of ordnance; and operating and maintaining sophisticated communications equipment.",
55-0000,55-3000.00,55-3010.00,55-3018.00,Special Forces,Role,Military Specific Occupations,Military Enlisted Tactical Operations and Air/Weapons Specialists and Crew Members,Military Enlisted Tactical Operations and Air/Weapons Specialists and Crew Members,"Implement unconventional operations by air, land, or sea during combat or peacetime as members of elite teams. These activities include offensive raids, demolitions, reconnaissance, search and rescue, and counterterrorism. In addition to their combat training, special forces members often have specialized training in swimming, diving, parachuting, survival, emergency medicine, and foreign languages. Duties include conducting advanced reconnaissance operations and collecting intelligence information; recruiting, training, and equipping friendly forces; conducting raids and invasions on enemy territories; laying and detonating explosives for demolition targets; locating, identifying, defusing, and disposing of ordnance; and operating and maintaining sophisticated communications equipment.",
55-0000,55-3000.00,55-3010.00,55-3019.00,"Military Enlisted Tactical Operations and Air/Weapons Specialists and Crew Members, All Other",Role,Military Specific Occupations,Military Enlisted Tactical Operations and Air/Weapons Specialists and Crew Members,Military Enlisted Tactical Operations and Air/Weapons Specialists and Crew Members,All military enlisted tactical operations and air/weapons specialists and crew members not listed separately.,